tag,count
rating:sensitive,5064328
rating:general,3333161
rating:questionable,1174681
full_body,1063161
rating:explicit,1049595
upper_body,976086
monochrome,777860
cowboy_shot,713299
hetero,681060
comic,667280
greyscale,621275
nude,608522
censored,567655
virtual_youtuber,504763
artist_name,496545
signature,373841
twitter_username,350240
english_text,314574
chibi,310232
from_behind,288756
from_side,278780
yuri,278626
blurry,273739
character_name,258063
mosaic_censoring,251735
dated,235482
completely_nude,233150
multiple_views,213978
sparkle,191890
bar_censor,191131
feet_out_of_frame,190159
border,184832
sketch,181691
watermark,178078
uncensored,168969
profile,160627
pov,159539
copyright_name,156298
dutch_angle,148271
siblings,137333
glowing,124384
from_above,123714
depth_of_field,120342
white_border,117038
4koma,115966
portrait,106458
parody,106282
from_below,102178
motion_lines,99020
yaoi,90148
couple,88069
cover,84964
bara,82644
bdsm,81939
sisters,80576
aged_down,79951
crossover,77881
outside_border,73818
shaded_face,72036
light_particles,70361
trap,69518
bondage,69323
child,68744
meme,68003
logo,66200
letterboxed,66143
outline,65714
foreshortening,63318
web_address,61482
cropped_legs,60364
cover_page,60276
genderswap,56959
cropped_torso,56769
close-up,56031
patreon_username,55231
happy_birthday,53045
christmas,52483
spot_color,51642
dual_persona,51492
mecha,50903
science_fiction,50747
reflection,49328
convenient_censoring,49183
clothed_female_nude_male,48062
tachi-e,47224
crossdressing,47173
lens_flare,46430
after_sex,45990
age_difference,44297
personification,43686
chibi_only,43623
genderswap_(mtf),43560
anime_coloring,42950
white_outline,40903
backlighting,40731
emphasis_lines,40723
out_of_frame,40684
straight-on,40162
twins,40138
one-hour_drawing_challenge,40042
chinese_text,39704
halloween,39557
notice_lines,39265
height_difference,38603
blue_theme,38056
2koma,38037
doujin_cover,38019
mini_person,37815
copyright_notice,36492
crossdressing_(mtf),35832
sound_effects,35665
brother_and_sister,34989
pov_hands,34590
aged_up,33956
animal_focus,33921
style_parody,33000
glint,32818
korean_text,32697
foot_out_of_frame,32023
music,31892
chromatic_aberration,31591
minigirl,30762
borrowed_character,30610
motion_blur,30535
oekaki,30445
new_year,30389
zoom_layer,30322
page_number,29466
contemporary,29170
interracial,29166
alternate_color,29107
artist_logo,28934
realistic,28479
size_difference,27045
head_out_of_frame,26513
shota,26226
valentine,25995
two-sided_fabric,25941
top-down_bottom-up,25364
pixel_art,25141
bishounen,24784
silent_comic,24660
sample_watermark,23904
duel_monster,23659
+++,23645
other_focus,23635
electricity,23348
weibo_watermark,22737
3d,22724
retro_artstyle,22522
chibi_inset,22510
limited_palette,22491
heart_censor,22221
company_name,21813
3koma,21605
magic,21516
silhouette,21425
after_vaginal,21193
black_border,21105
anchor_symbol,20631
text_focus,20560
animification,20545
patreon_logo,20493
invisible_chair,20195
film_grain,19845
chinese_zodiac,19815
pov_crotch,19703
squiggle,19702
happy_new_year,19601
fantasy,19531
wide_shot,19411
incest,19385
pokemon_focus,19327
hitodama,19242
reference_sheet,19146
hip_focus,18830
mother_and_daughter,18732
bad_anatomy,18724
disembodied_hand,18602
pink_theme,18422
interspecies,18085
partially_colored,18020
imminent_penetration,17726
halftone,17638
pointless_censoring,17479
anniversary,16929
diamond_(shape),16656
aura,16555
gameplay_mechanics,16377
sexually_suggestive,16300
brothers,16294
animalization,16237
bat_(animal),16058
frog,15920
afterimage,15133
cross-section,15056
:/,14908
onee-shota,14878
multiple_persona,14797
assertive_female,14727
vehicle_focus,14409
dark_persona,14275
x-ray,14273
lineart,14050
transparent,14016
explosion,13937
out-of-frame_censoring,13860
purple_theme,13843
red_theme,13737
food_focus,13734
gold,13502
ripples,13478
digimon_(creature),13411
fake_screenshot,13261
birthday,13215
side-by-side,13185
official_style,13159
name_connection,13079
baby_animal,12955
pose,12907
voice_actor_connection,12825
implied_sex,12642
oversized_object,12518
hair_censor,12475
official_alternate_hair_length,12371
speed_lines,12350
horse,12086
drop_shadow,11994
artist_self-insert,11981
humanization,11902
trait_connection,11700
genderswap_(ftm),11697
mind_control,11591
blue_butterfly,11550
eyes_out_of_frame,11525
content_rating,11473
yin_yang,11451
tomboy,11364
floating_object,11339
multiple_expressions,11221
flat_color,11217
aerial_fireworks,11216
gap_(touhou),11156
wardrobe_malfunction,11143
spoken_musical_note,11139
jaggy_lines,11088
iron_cross,11077
0_0,11049
green_theme,11038
slice_of_life,10975
millennium_science_school_logo,10973
manly,10953
bestiality,10894
beamed_eighth_notes,10856
between_fingers,10809
heart_print,10785
crack,10757
cum_string,10719
ranguage,10601
merry_christmas,10592
clothed_male_nude_female,10589
bound_legs,10549
blood_splatter,10353
floating_clothes,10296
defeat,10238
blue_fire,10164
hatching_(texture),10048
falling_leaves,9975
shiny_pokemon,9939
husband_and_wife,9920
covered_collarbone,9867
sepia,9859
company_connection,9772
bokeh,9752
\m/,9707
broken,9695
mobile_suit,9658
father_and_daughter,9639
downblouse,9589
fox,9549
artistic_error,9421
costume_switch,9411
panty_peek,9381
engrish_text,9354
girl_sandwich,9280
teamwork_(sexual),9251
;p,9234
exhibitionism,9192
take_your_pick,9187
boy_on_top,9177
yukkuri_shiteitte_ne,9153
mouse_(animal),9146
on_desk,9117
wolf,9113
scene_reference,9097
netorare,9085
greyscale_with_colored_background,9003
pervert,8948
sidelighting,8901
spoken_blush,8878
blood_on_weapon,8870
still_life,8834
pun,8792
midair,8782
time_paradox,8768
family,8752
convenient_leg,8717
suggestive_fluid,8717
slime_(substance),8688
penguin,8635
alternate_universe,8634
reference_inset,8588
lightning_bolt_symbol,8557
yandere,8530
energy,8526
thank_you,8515
unmoving_pattern,8384
starfish,8380
damaged,8328
v_over_eye,8314
no_socks,8312
reverse_trap,8283
viewfinder,8258
pussy_peek,8139
karakasa_obake,8135
clone,8132
ambiguous_gender,8123
yellow_theme,8084
crow,8069
hypnosis,8024
armpit_peek,7914
muted_color,7899
partially_undressed,7897
female_pervert,7886
mother_and_son,7876
deformed,7871
furry_with_non-furry,7866
crowd,7862
horror_(theme),7854
crab,7847
baby,7817
triangle,7778
romaji_text,7757
reverse_outfit,7701
oppai_loli,7675
album_cover,7673
chick,7647
stand_(jojo),7628
pubic_hair_peek,7565
reverse_grip,7555
soap_bubbles,7480
arm_rest,7410
mecha_focus,7373
pillarboxed,7301
white_cat,7286
non-humanoid_robot,7227
death,7219
bear,7137
colorful,7051
in-franchise_crossover,7042
>:(,7039
imminent_rape,7029
pentagram,7019
imminent_vaginal,7011
penis_on_face,6996
multiple_4koma,6954
see-through_silhouette,6940
american_flag_print,6938
circle,6901
dragon_print,6899
danmaku,6898
mixed-language_text,6898
small_sweatdrop,6880
anus_peek,6828
tomoe_(symbol),6818
spoken_squiggle,6786
humanoid_robot,6765
people,6750
too_many,6731
corruption,6715
after_fellatio,6703
after_anal,6675
miniboy,6659
bolt_action,6649
\||/,6636
:>=,6634
ancient_egyptian,6629
father_and_son,6585
fruit_print,6583
mega_pokemon,6561
female_pov,6530
food_on_body,6521
spoken_interrobang,6449
paint_splatter,6431
octopus,6410
fisheye,6386
glowing_weapon,6349
seagull,6336
2023,6330
nude_cover,6311
on_bench,6299
brand_name_imitation,6282
cum_pool,6254
unsheathed,6253
painterly,6230
novelty_censor,6210
egasumi,6194
subtitled,6173
color_guide,6151
sheep,6142
tsundere,6131
pussy_juice_trail,6109
super_saiyan,6102
clothed_pokemon,6101
spoken_anger_vein,6099
song_name,6087
tiger,6082
milestone_celebration,6055
duck,6054
2024,6016
pussy_juice_stain,5981
glitch,5972
guro,5954
character_profile,5932
surreal,5895
2022,5870
evolutionary_line,5851
numbered,5845
;q,5834
mitsudomoe_(shape),5760
twitter_logo,5748
multiple_crossover,5730
spade_(shape),5724
pokephilia,5719
alternate_form,5687
diffraction_spikes,5677
covered_face,5667
treble_clef,5587
happy_halloween,5584
spider_web_print,5542
collage,5508
cum_on_stomach,5488
magazine_cover,5473
bird_on_head,5381
kodomo_doushi,5360
on_shoulder,5337
shiny,5334
after_kiss,5320
instant_loss,5280
orange_theme,5278
you_gonna_get_raped,5274
2021,5167
snot,5142
happy_valentine,5069
two-handed,5068
object_namesake,5065
public_nudity,5015
profanity,5012
flower_symbol,4995
japari_symbol,4982
1koma,4952
tally,4926
tokusatsu,4914
light_trail,4875
humiliation,4848
gradient,4837
fake_phone_screenshot,4798
rabbit_print,4757
onee-loli,4735
cum_on_legs,4725
reflection_focus,4724
bloom,4709
brown_theme,4699
quarter_note,4697
sun_symbol,4674
5koma,4671
abstract,4663
wedding,4644
grey_border,4621
snowflake_print,4605
spoken_character,4595
faux_traditional_media,4584
wife_and_wife,4583
chained,4572
cat_print,4569
character_print,4560
emoji,4532
cheating_(relationship),4527
blur_censor,4509
art_program_in_frame,4501
cold,4486
skull_and_crossbones,4485
deviantart_username,4473
2025,4470
mechabare,4451
cum_on_penis,4437
cellphone_photo,4435
white_theme,4392
furry_with_furry,4384
instagram_username,4330
caught,4307
musical_staff,4304
framed,4295
user_interface,4282
utaite,4281
sideways,4237
behind_another,4235
;3,4228
cousins,4223
after_ejaculation,4213
no_lineart,4209
skull_print,4186
title,4185
different_reflection,4174
turnaround,4171
roman_numeral,4128
walk-in,4062
typo,4048
2018,4044
creature_and_personification,4042
screentones,4037
patch,4024
high_contrast,4020
futa_with_male,4017
2020,4014
censored_nipples,4008
world_war_ii,3975
incoming_attack,3964
group_picture,3949
bird_on_hand,3941
creator_connection,3911
harem,3907
footprints,3877
bisexual_female,3851
real_life_insert,3846
russian_text,3842
fanbox_username,3840
hexagram,3827
cube,3815
fine_art_parody,3802
cover_image,3796
steam_censor,3794
copyright_logo,3775
mob_x_character,3773
poke_ball_print,3764
look-alike,3739
fourth_wall,3715
stuck,3694
dust,3687
liquid,3673
cum_on_male,3661
flame_print,3655
mirror_selfie,3649
constellation_print,3648
crossdressing_(ftm),3642
sparks,3635
d-pad,3630
pale_color,3620
pastel_colors,3610
power_symbol,3606
convenient_arm,3603
against_railing,3588
photo_inset,3580
team_rocket,3570
cloud_print,3568
beamed_sixteenth_notes,3566
text-only_page,3559
stationary_restraints,3539
real_world_location,3538
square_4koma,3537
ovum,3520
year_of_the_rabbit,3512
selfcest,3511
censored_identity,3492
cameo,3490
blood_stain,3488
fine_fabric_emphasis,3483
partially_shaded_face,3481
age_progression,3475
blank_censor,3472
pink_border,3466
pink_blood,3461
spoken_sweatdrop,3449
if_they_mated,3423
have_to_pee,3391
timestamp,3380
mars_symbol,3374
inset_border,3371
blue_border,3364
2019,3355
sangvis_ferri,3353
health_bar,3325
2017,3311
incoming_gift,3305
year_of_the_tiger,3299
cross_print,3286
bad_hands,3279
product_placement,3278
single_vertical_stripe,3262
butterfly_on_hand,3261
nengajou,3259
redesign,3243
pet_play,3237
x_(symbol),3232
pixiv_id,3227
color_connection,3225
starter_pokemon_trio,3221
pocky_day,3207
breast_focus,3176
penis_out,3173
pixiv_username,3170
triforce,3168
when_you_see_it,3161
electrokinesis,3160
excessive_cum,3136
hair_through_headwear,3131
countdown,3130
left-to-right_manga,3122
aqua_theme,3117
incoming_food,3115
implied_futanari,3112
twincest,3109
symmetry,3108
segmented_comic,3104
column_lineup,3101
circle_name,3095
between_thighs,3082
overgrown,3080
year_of_the_ox,3068
ornate_border,3066
meandros,3035
linear_hatching,3030
after_paizuri,3024
inflation,3023
dialogue_box,3020
variations,3018
inset,3018
projected_inset,3015
possessed,3010
cum_on_feet,3009
head_only,3002
pussy_juice_puddle,2993
implied_yaoi,2988
head_down,2987
destruction,2982
2016,2972
against_tree,2963
chocolate_on_body,2938
rotational_symmetry,2934
super_robot,2928
hair_on_horn,2928
horns_through_headwear,2924
cum_on_hands,2918
pokemon_on_head,2918
through_wall,2917
2015,2898
instagram_logo,2898
simplified_chinese_text,2892
pointer,2889
implied_yuri,2888
penis_size_difference,2879
futa_with_futa,2877
blank_speech_bubble,2876
absurdly_detailed_composition,2874
dotted_line,2874
pov_across_table,2873
purple_fire,2830
dark_aura,2821
voice_actor,2819
rainbow_order,2812
ribbon_bondage,2806
circle_cut,2799
object_through_head,2797
single_stripe,2796
furrification,2793
tanabata,2792
setsubun,2786
3d_background,2779
extra,2761
blood_on_knife,2758
spoken_object,2756
tentacle_pit,2747
ryona,2742
you're_doing_it_wrong,2738
blue_trim,2734
imminent_fellatio,2734
faux_retro_artstyle,2729
group_name,2726
nike_(company),2722
pov_doorway,2708
large_insertion,2702
round_image,2688
dust_cloud,2685
popsicle_in_mouth,2675
k-pop,2670
in_food,2659
novel_cover,2656
tail_censor,2651
commissioner_name,2645
too_many_watermarks,2644
art_tools_in_frame,2637
visible_air,2636
yellow_trim,2631
blood_on_arm,2605
request_inset,2599
forehead-to-forehead,2587
club_(shape),2583
multiple_drawing_challenge,2583
in_bucket,2581
bad_proportions,2577
black_theme,2573
partially_underwater_shot,2570
colored_shadow,2569
calico_(pattern),2561
on_rock,2554
voyeurism,2549
armpit_focus,2549
red_border,2545
friends,2537
role_reversal,2537
fortissimo,2533
rainbow_gradient,2514
official_alternate_hair_color,2505
livestream,2504
smoke_trail,2494
official_alternate_color,2493
twitter_strip_game,2490
on_motorcycle,2487
misleading_thumbnail,2484
in_the_face,2481
qr_code,2473
back_focus,2471
lyrics,2462
mahjong,2462
akeome,2461
icing,2461
cat_day,2448
cursor,2446
cat_on_head,2445
bilingual_text,2439
jack-o'_challenge,2407
flock,2403
year_of_the_snake,2396
chat_log,2390
angel_and_devil,2387
year_of_the_dragon,2383
39,2380
split_screen,2363
oral_invitation,2357
shared_food,2346
hydrokinesis,2345
on_person,2341
shirt_in_mouth,2341
messy,2327
fff_threesome,2325
tumblr_username,2322
yellow_border,2321
german_text,2318
teacher_and_student,2310
pokedex_number,2308
accidental_exposure,2306
after_rape,2305
utensil_in_mouth,2302
confession,2301
blending,2298
pixiv_logo,2296
torn,2292
manga_cover,2292
video_game,2286
runny_makeup,2286
hexagon,2284
april_fools,2279
single_horizontal_stripe,2278
telekinesis,2277
feral_instincts,2276
leg_between_thighs,2271
cheek_bulge,2267
ho-kago_tea_time,2266
tribal,2261
summer_festival,2251
character_age,2243
mechanization,2242
broken_heart,2240
faux_figurine,2238
zeon,2237
pocky_in_mouth,2233
virtual_graduation_commemoration,2233
animal_on_lap,2231
runes,2219
bunny_day,2212
weight_conscious,2203
cum_on_self,2188
light_censor,2177
fish_print,2175
action,2170
pornography,2164
hand_focus,2164
window_(computing),2163
petals_on_liquid,2162
flower_on_head,2154
object_focus,2154
arrow_through_heart,2154
legs_folded,2153
on_stool,2141
tegaki,2134
frog_print,2133
just_the_tip,2130
imminent_anal,2125
heckler_&_koch,2124
bowlegged_pose,2123
colored_speech_bubble,2122
bandaged_chest,2113
anchor_print,2110
bandaged_wrist,2106
grey_theme,2100
v_over_mouth,2099
sperm_cell,2097
genderswap_(otf),2093
picnic,2091
brown_border,2083
vocaloid_append,2083
heartbeat,2067
flower_over_eye,2064
futa_on_male,2064
outstretched_leg,2056
furigana,2055
2014,2053
height,2051
under_kotatsu,2044
before_and_after,2030
bad_end,2029
sparkling_aura,2007
borrowed_design,2004
blood_on_ground,2001
k/da_(league_of_legends),2000
historical_name_connection,1997
heart_in_heart_hands,1996
comparison,1995
soccer,1993
cum_in_clothes,1991
fake_cover,1990
splash_page,1990
perversion_of_canon,1985
jojo_pose,1982
loaded_interior,1980
diving_mask_on_head,1976
crumbs,1963
half-spread_pussy,1962
official_alternate_eye_color,1958
vignetting,1957
flashback,1955
circled_9,1953
prototype_design,1950
truth,1942
multiple_monochrome,1939
penis_peek,1936
on_car,1935
character_censor,1934
facebook_username,1931
dithering,1926
pants_tucked_in,1925
from_outside,1923
chinese_new_year,1923
no_mask,1920
black_outline,1917
vibrator_in_thighhighs,1915
square,1905
dynamic_pose,1904
through_medium,1897
age_regression,1895
fake_magazine_cover,1887
2009,1885
split_theme,1884
miku_day,1866
soap_censor,1863
alternate_muscle_size,1860
chemical_structure,1857
french_text,1855
eye_of_horus,1854
very_wide_shot,1852
cursive,1848
red_outline,1848
chaldea_logo,1846
2013,1845
androgyne_symbol,1845
thai_text,1838
objectification,1837
decepticon,1836
gem_(symbol),1832
oda_uri,1829
game_screenshot_inset,1828
watermark_grid,1827
devil_fruit_power,1825
family_crest,1824
bad_perspective,1821
cropped_arms,1803
no_blindfold,1800
roundel,1782
art_nouveau,1779
living_clothes,1779
moth,1772
title_parody,1765
consensual_tentacles,1765
upshorts,1763
energy_beam,1762
ad,1758
calico_cat,1756
shared_speech_bubble,1753
sequential,1752
expressive_clothes,1750
star_of_david,1749
raimon,1745
hologram,1741
logo_parody,1736
personality_switch,1727
2012,1726
like_and_retweet,1720
analogous_colors,1714
pigeon,1704
traditional_chinese_text,1699
odd_one_out,1696
shiny_and_normal,1693
twitter_x_logo,1693
spanish_text,1690
cropped_head,1685
honda,1683
age_comparison,1681
reindeer,1672
boar,1671
oc_x_canon,1662
blue_outline,1651
no_eyepatch,1651
mochi_trail,1650
koi,1647
infinity_symbol,1646
crotch_focus,1634
bass_clef,1632
motherly,1629
pixelated,1627
how_to,1624
hedgehog,1619
narration,1615
winged_heart,1614
scribble_censor,1613
raccoon,1613
pet,1610
juxtaposition,1607
mira-cra_park!,1605
wall_of_text,1603
adidas,1600
2010,1598
war,1596
upshirt,1592
onii-shota,1592
stain,1591
hitodama_print,1583
hair_color_connection,1583
yellow_outline,1579
goat,1579
number_print,1574
lizard,1568
flying_fish,1558
screenshot_inset,1550
kikumon,1549
symbolism,1548
angora_rabbit,1542
spoken_food,1541
2011,1535
seal_(animal),1534
masochism,1533
self_cosplay,1532
chocobo,1528
pink_outline,1523
misunderstanding,1523
blake_bloom_(wuthering_waves),1523
satin,1521
ladybug,1513
ace_of_spades,1512
doodle_inset,1497
white_tiger,1495
green_border,1492
otaku,1486
splatter,1486
character_signature,1485
food_art,1484
self-harm,1481
peace_symbol,1473
crocodilian,1472
good_end,1472
vanishing_point,1471
borderless_panels,1467
credits,1464
alternate_body_size,1463
knees_out_of_frame,1454
procreate_(software),1453
dvd_cover,1452
rhodes_island_logo_(arknights),1449
star_guardian_(league_of_legends),1441
spoken_expression,1437
parrot,1433
screenshot_background,1432
official_art_inset,1432
zodiac,1431
kessoku_band,1431
grey_cat,1427
rounded_corners,1426
sparrow,1422
radiation_symbol,1422
puppy,1417
copy_ability,1416
diagonal-striped_background,1416
heads-up_display,1415
st._gloriana's_(emblem),1413
clone_harem,1412
sadism,1411
united_states,1407
army,1406
triplets,1406
multiple_scoops,1406
poke_ball_theme,1404
snowflake_background,1401
hexagon_print,1394
ferret,1392
easter,1392
flag_background,1391
bee,1390
skeleton_print,1385
black_bird,1382
polar_bear,1381
dotted_background,1379
half-siblings,1379
no_mole,1377
player_2,1374
pokemon_move,1374
negative_space,1372
photorealistic,1370
censored_text,1369
koishi_day,1367
kono_lolicon_domome,1364
pegasus,1359
white_day,1357
after_bathing,1355
dollchestra,1351
crane_(animal),1345
year_of_the_rat,1338
purple_border,1336
subscribestar_username,1333
stats,1332
year_of_the_dog,1332
double_horizontal_stripe,1331
survey_corps_(emblem),1330
beetle,1329
muzzle_flash,1326
math,1325
monochrome_background,1322
meta,1322
color_contrast,1314
futasub,1306
track_and_field,1300
lightning_bolt_print,1296
elephant,1292
catchphrase,1291
frozen,1287
distortion,1287
hashtag,1286
step-siblings,1277
through_screen,1276
ero_guro,1272
isometric,1269
out_of_character,1268
body_switch,1266
kotoyoro,1262
prank,1253
clothed_male_nude_male,1251
saliva_on_penis,1250
trigram,1243
soviet,1242
2008,1238
grid,1238
moon_phases,1237
implied_masturbation,1226
warm_colored,1224
happy_aura,1210
cross-eyed,1207
medieval,1205
pornography_production,1202
weibo_username,1202
nihonga,1199
creature_focus,1197
calligraphy,1196
shield_on_back,1196
eye_print,1194
josou_seme,1191
card_parody,1191
chess,1190
monster_focus,1188
green_fire,1180
swastika,1179
nanodesu_(phrase),1178
against_fourth_wall,1178
la_grondement_du_haine,1177
keep_out,1175
absolutely_everyone,1174
flower_on_liquid,1168
hoyofair,1168
game_screenshot_background,1167
blood_on_breasts,1166
chuunibyou,1166
zero_gravity,1165
psychic,1164
person_and_animalization,1161
holy_quintet,1161
box_art,1158
object_floating_above_hand,1158
team_9_(touhou),1157
weapon_focus,1154
condensation,1153
multitasking,1151
pectoral_focus,1146
rust,1141
loving_aura,1140
drugged,1137
cool_colored,1137
holomyth,1134
invisible,1133
seal_impression,1133
sixteenth_note,1131
cute_&_girly_(idolmaster),1130
male_on_futa,1130
after_masturbation,1128
blood_on_chest,1127
golden_week,1125
credits_page,1123
entangled,1120
yin_yang_print,1120
cumdump,1117
heart_on_chest,1117
earth_federation,1116
contrast,1115
covered_clitoris,1115
red_star,1115
toddlercon,1111
crosshatching,1108
kamisato_clan_(emblem),1105
flying_teardrops,1104
aunt_and_niece,1103
implied_after_sex,1102
ambiguous_red_liquid,1101
lolidom,1094
accident,1094
black_vs_white,1093
graduation,1092
nazi,1091
heart_lock_(kantai_collection),1091
digital_dissolve,1089
brazilian_flag_print,1088
"don't_say_""lazy""",1087
queen_of_spades_symbol,1086
different_shadow,1084
inktober,1084
paw_print_pattern,1079
afterglow,1078
animal_on_hand,1078
lipstick_mark_on_face,1077
telstar,1076
gumroad_username,1076
peril,1072
disguise,1068
season_connection,1068
spiral,1064
dynamax,1062
floating_neckwear,1061
mundane_utility,1058
congratulations,1057
covered_penetration,1056
martial_arts,1055
bird_on_arm,1055
2007,1053
penis_shadow,1048
worldwide_miku,1045
dollar_sign,1043
pee_stain,1043
stained_sheets,1041
exploding_clothes,1039
power_connection,1039
shippou_(pattern),1037
refraction,1036
strong,1034
clothes_theft,1033
texture,1032
dissolving_clothes,1026
circle_formation,1023
cyrillic,1023
italian_text,1022
lipstick_ring,1021
dream_soul,1020
fading,1015
anemo_symbol_(genshin_impact),1011
fist_pump,1009
facebook_logo,1009
front-to-back,1007
vehicle_and_personification,1007
ben-day_dots,1007
right-to-left_comic,1006
cat_on_lap,1004
armpit_hair_peek,1003
trinity_general_school_logo,1003
kyuudou,1001
unfastened,1001
hieroglyphics,1001
fleur-de-lis,1001
rabbit_on_head,999
fruit_on_head,993
transparent_censoring,990
2005,988
ainu,988
color_trace,988
food_name,985
screen_light,984
oyakodon_(sex),983
immobilization,983
orange_border,982
implied_pregnancy,982
announcement_celebration,980
futanari_pov,979
no_hair_ornament,977
kikkoumon,973
blood_on_neck,970
country_connection,967
incoming_kiss,966
fake_video,965
green_outline,962
afterword,962
person_on_head,961
visual_novel,961
clothes_on_floor,960
anal_only,959
censored_with_cum,959
penis_on_pussy,958
ai_ai_gasa,957
menacing_(jojo),956
blood_from_forehead,956
wakamezake,954
mtu_virus,954
spoken_zzz,953
iridescent,953
party,952
price_tag,951
cardiogram,951
neta,949
static,949
translucent,947
round_border,945
sky_print,944
band_(music),941
commissioner_insert,941
comic_cover,938
gun_on_back,934
expression_chart,932
numbers_(nanoha),929
sextuplets,927
food_on_hand,922
blood_on_wall,922
ooarai_(emblem),922
cum_through_clothes,920
episode_number,918
covered_anus,916
shoujo_kitou-chuu,912
animal_sexualization,907
training_corps_(emblem),907
recurring_image,906
beach_volleyball,903
game_development_department_(blue_archive),903
low_poly,901
implied_cunnilingus,900
film_strip,899
swirl,898
excessive_pussy_juice,897
gleam,894
half_note,891
neon_palette,891
paint_on_body,890
sprite,888
hairstyle_switch,888
imminent_hug,887
paper_texture,886
flower_over_mouth,886
grey_outline,885
arms_on_table,885
invisible_floor,884
ligne_claire,883
bokura_wa_ima_no_naka_de,882
rhine_lab_logo,882
tennis,881
flaming_hand,881
wardrobe_error,879
on_box,879
book_on_lap,878
binary,877
camera_around_neck,876
covered_pussy,875
spider_print,874
on_tank,871
feet_on_table,871
xiangyun,869
pixel_heart,869
feet_on_chair,866
uncle_and_niece,866
asahi_breweries,863
too_literal,862
fighting_game,862
marshmallow_(site),862
cryokinesis,861
bc_freedom_(emblem),861
double_exposure,860
suikawari,858
shogi,858
shared_blanket,857
hand_gesture,855
step-parent_and_step-child,855
vehicle_name,854
twintails_day,854
natsuiro_egao_de_1_2_jump!,851
comiket,849
pussy_focus,849
instrument_on_back,848
ofuda_between_fingers,847
transparent_border,847
video_game_cover,845
penis_under_another's_clothes,845
seikan_hikou,845
hand_over_face,844
pose_imitation,844
ass_press,843
deviantart_logo,842
shark_print,839
trapped,836
2006,835
time_stop,834
w_over_eye,833
fever,831
arm_on_own_head,829
to_be_continued,827
scanlines,826
spread_armpit,826
camera_flash,824
happy_anniversary,823
battle_damage,823
gigantamax,821
ai-generated_art_(topic),821
bisexual_male,820
heavy,818
arrow_in_body,818
face_in_ass,817
neo_zeon,816
enema,815
problem_solver_68_(blue_archive),815
depth_charge,814
year_of_the_pig,813
on_water,813
mugshot,812
underlighting,809
pov_across_bed,808
hands_on_floor,808
species_connection,806
chibi_on_head,806
beam,804
floating_sword,804
laser_sight,803
sky_focus,803
bluesky_username,800
greek_cross,798
russia,796
on_boat,796
hinamatsuri,796
arms_around_back,795
hatsumoude,795
salmon_run_(splatoon),795
himejoshi,794
lace_border,793
error_message,791
food_insertion,790
cross_of_prontera,790
originium_arts_(arknights),790
shindan_maker,789
can't_be_this_cute,789
revealing_layer,788
eye_symbol,788
tea_party_(blue_archive),788
tucked_money,785
flower_focus,784
pen_in_pocket,783
x_arms,783
cum_on_floor,779
crack_of_light,779
stamp_mark,779
so_moe_i'm_gonna_die!,778
year_of_the_rooster,778
cheese_trail,777
dvd_logo,776
measurements,774
glory_hole,774
aztec,773
mami_mogu_mogu,772
cat's_cradle,771
head_on_table,771
snow_on_head,769
iei,769
moe_moe_kyun!,769
email_address,768
triquetra,768
penis_over_one_eye,767
alpha_signature,766
head_between_thighs,764
nerv,763
hair_focus,760
hands_on_another's_stomach,754
regional_and_normal,752
unkempt,751
spoken_x,750
on_crescent,750
implied_paizuri,748
head_on_arm,747
purple_outline,745
penis_on_head,744
lgbt_pride,743
rhythmic_gymnastics,742
against_window,742
on_stairs,742
cartoonized,741
crosshair,739
on_tree_stump,739
flower_on_chest,739
censored_by_text,738
shattered,738
spirit_blossom_(league_of_legends),738
shout_lines,737
mygo!!!!!_(bang_dream!),737
red_sun,735
virtual_reality,734
brand_of_the_exalt,733
painted_clothes,732
implied_incest,732
homu,731
pov_peephole,730
diagram,728
genre_connection,728
fading_border,727
watercolor_effect,726
penis_on_stomach,724
a_(phrase),723
alternate_height,723
inkling_(language),723
fume,722
mixed_signals,720
planted_umbrella,719
blood_spray,719
plus_sign,717
condom_left_inside,717
poi,717
mazda,716
human_furniture,714
u.n._spacy,714
super_saiyan_2,711
outstretched_legs,709
aeug,709
songover,708
sun_print,707
carrot_print,706
hand_on_weapon,705
persona_(summon),704
ass_peek,704
gryffindor,702
wool,702
microsoft_paint_(software),701
footwear_focus,701
heavy_chromatic_aberration,700
at_gunpoint,699
incoming_drink,699
accidental_pervert,698
v4x,698
minimap,696
fujoshi,695
fingers_to_mouth,695
covered_groin,694
alternate_shiny_pokemon,693
hand_on_own_penis,693
clothes_in_front,692
on_rooftop,690
critter_pick_(honkai:_star_rail),690
after_battle,689
tacet_discord_(wuthering_waves),689
teamwork,688
shochuumimai,688
charisma_break,685
tentacle_in_mouth,681
ukiyo-e,679
fabulous,679
sos_brigade,678
cut-in,678
colored_lineart,678
energy_barrier,677
v_over_head,677
sakura_empire_(emblem),675
mukyuu,674
sanbaka_(nijisanji),674
dim_lighting,673
no_symbol,672
science_babies,672
twitter_cutting_game,672
heart_arms,670
yen_sign,669
other_with_female,669
stage_connection,666
head_hug,666
grease_(mechanical),666
bishie_sparkle,664
clumsy,663
crocodile,662
colored_smoke,662
cirno_day,660
plant_focus,657
madoka_runes,654
sound_effects_only,653
zanshomimai,651
historical_connection,651
rivalry,649
mother's_day,647
ant,646
pov_breasts,646
giraffe,645
number_pun,645
pony_(animal),645
odaibako,642
numbered_panels,641
source_quote,640
initial,639
butterflyfish,639
chaos_(warhammer),638
onigiri_print,635
arrow_print,634
food_between_breasts,633
kanji,633
for_adoption,633
latin_text,633
shitty_admiral_(phrase),633
imminent_gangbang,631
pravda_(emblem),631
russo-ukrainian_war,631
virgin,628
tsuki_ni_kawatte_oshioki_yo,626
youtube_logo,626
grass_root_youkai_network,625
hibiscus_print,624
clothes_focus,624
grandfather_and_grandson,621
design_speculation,621
star_trail,619
eurasian_tree_sparrow,619
sacabambaspis,618
on_food,617
company_logo,617
chao_(sonic),616
snapchat,616
kimi_to_semi_blue_(idolmaster),616
x-ray_vision,615
naked_chocolate,614
dead_animal,614
reverse_netorare,613
anachronism,613
sharp_sign,611
orange_outline,611
ink_wash_painting,610
garnish,609
yamaha,608
symbol,608
poker,607
crustacean,606
404_(girls'_frontline),606
green_butterfly,605
on_pillow,605
ghost_print,605
art_shift,604
sore_wa_bokutachi_no_kiseki,604
gate_of_babylon_(fate),603
non-circular_lens_flare,603
caterpillar,602
artist_self-reference,602
poster_parody,600
historical_event,600
food_on_clothes,600
paradeus,600
rejection,598
naked_paint,597
titans_(gundam),596
husband_and_husband,596
fakemon,596
iron_blood_(emblem),596
flood,594
view_between_legs,594
male-female_symbol,594
pink_diamond_765_(idolmaster),593
lofter_username,593
recursion,591
plaid_trim,590
craft_essence_(fate),589
between_labia,588
indian,588
foodification,588
2004,587
griffin,587
breasts_day,587
bulge_to_ass,586
followers_favorite_challenge,585
forced,581
kansaiben,581
kanoko_(pattern),580
navel_focus,580
weasel,577
exhaust,577
straw_hat_pirates,576
thigh_focus,575
double_\||/,573
goose,572
noctchill_(idolmaster),572
reflective_surface,570
table_tennis,567
glowing_lines,567
salmon,565
"mogyutto_""love""_de_sekkin_chuu!",565
hemokinesis,564
after-school_sweets_club_(blue_archive),564
kunreishiki,562
spoken_animal,561
team_aqua,560
source_quote_parody,560
alternate_size,560
splatter_background,560
ofuda_on_pussy,559
cut-here_line,559
ave_mujica_(bang_dream!),559
breasts_on_tray,557
profile_picture,556
orange_butterfly,554
icon_(computing),553
mushroom_on_head,553
back_cover,552
threat,552
newtype_flash,552
recursive_genderswap,551
star_of_life,551
tiger_cub,550
holocouncil,549
praying_mantis,548
power-up,547
hydro_symbol_(genshin_impact),546
running_bond,545
arena_(company),545
mother_and_child,545
album_name,545
falcon,544
alternate_design,543
other_with_male,543
nightmare,542
komainu,542
multiple_cats,542
flamingo,541
playing_card_theme,541
bluesky_logo,541
gradient_border,540
bnw_(umamusume),540
hairstyle_connection,539
raana_the_cat,539
master_spark,538
shoshinsha_mark,538
salmonid,538
split_crop,537
gacha_(game_mechanic),537
evolution,536
implied_nudity,536
eagle_union_(emblem),536
crying_emoji,536
saigyouji_yuyuko's_fan_design,534
industrial,533
kodomo_no_hi,533
fanbox_logo,533
chapter_number,532
mercury_(element),531
vertical_comic,530
subscribestar_logo,530
ring_light_reflection,529
frutiger_aero,527
aunt_and_nephew,527
celebration,527
red_panda,527
axolotl,527
four_of_a_kind_(touhou),526
comic_sans,524
hand_fan_writing,524
beaten,524
autoarousal,523
mind_break,522
vs,522
taker_pov,522
piglet,521
after_fingering,520
organization_xiii,519
grandmother_and_granddaughter,519
s.e.e.s,519
fake_photograph,519
unusually_visible,519
six_fanarts_challenge,519
knights_of_the_round_table_(fate),517
male_swimwear_challenge,516
overexposure,515
quintuplets,515
rose_background,514
shinkon_santaku,514
weeds,514
thick_lineart,514
vine_print,514
spoken_star,513
purple_petals,513
kuromorimine_(emblem),513
black_liquid,513
genderswap_(otm),510
myon_(phrase),509
parent_and_child,508
power_bottom,508
alpaca,506
spoken_emoji,506
blood_on_mouth,504
bait_and_switch,504
star_censor,503
ofuda_on_nipples,503
grandfather_and_granddaughter,502
mermaid_out_of_environment,502
phone_over_face,502
alter_servant,501
capybara,501
cream_on_body,500
rhinoceros_beetle,500
progression,498
price,498
;t,496
team_galactic,496
loading_screen,495
multiple_theme_colors,494
angel_(evangelion),494
breasts_on_another's_back,494
koala,494
rainbow_print,494
team_star,494
crime_prevention_buzzer_threat,493
genocide_route_(undertale),493
artstation_username,492
blue_screen_of_death,491
scat,491
peacock,490
robot_dragon,490
swallow_(bird),488
nopon,488
coronavirus_pandemic,488
white_horse,487
test_score,487
foreclosure_task_force_(blue_archive),487
midnight_bliss,486
draw_this_in_your_style_challenge,486
marching_band,485
emotional_engine_-_full_drive,485
thick_outlines,484
cobra_(animal),483
brain_freeze,483
fluff,483
outer_glow,482
cel_rendering,482
cicada,482
yellow_bird,482
release_date,481
long-tailed_tit,481
wuthering_heights_(identity)_(project_moon),481
bankai,480
no_hair_bow,480
wet_spot,479
flying_whale,479
giraffe_print,479
good_meat_day,478
penis_out_of_frame,478
color_coordination,477
rabbit_platoon_(blue_archive),477
lamb,476
chaldea_security_organization,476
no_coat,475
teenage,474
hasu_no_shousankaku,474
poinsettia,473
shared_thought_bubble,473
imminent_death,473
multicolored_polka_dots,473
ostrich,473
headshot,472
fleet,471
blurry_edges,471
kiss_day,471
cleaning_&_clearing_(blue_archive),471
stack,470
change_in_common_sense,470
pov_shadow,470
anatomical_nonsense,470
reichsadler,469
indonesian_text,469
bimbofication,469
woodland_camouflage,468
suzuki_(company),468
imminent_suicide,468
tactical_surface_fighter,468
digital_camouflage,467
implied_murder,467
belly-to-belly,466
through_window,465
rectangle,464
doppelganger,464
drawn_heart,464
psychedelic,463
greek_text,463
spicy,463
cuffed,462
new_generations_(idolmaster),462
no_heterochromia,461
giant_snake,461
violet_(flower),461
holoadvent,460
card_game,459
will-o'-the-wisp_(mythology),459
25-ji_nightcord_de._(project_sekai),459
sun_glare,458
optical_illusion,457
billiards,457
love_triangle,457
rider-tan,457
togenashi_togeari,457
implied_prostitution,456
dream_believers,456
world_war_i,455
animal_in_clothes,455
rough_time_school_(idolmaster),455
gyate_gyate,455
sumo,454
pokemon_on_arm,454
light_in_heart,453
asmr,453
chimera_(honkai:_star_rail),453
i_heart...,452
vhs_artifacts,452
after_cunnilingus,452
palette_swap,451
tapir,451
twister,450
human_toilet,450
weapon_name,450
paint_stains,450
kurokumo_clan_(identity)_(project_moon),450
mirrored_text,449
hololive_fantasy,449
mafia,448
under_umbrella,448
impact_(font),447
spoken_skull,447
cerberus,446
penguin_logistics_logo,446
template,445
heavy_lens_flare,444
robot_dog,443
willow,443
life_fiber,443
christian_louboutin_(brand),442
ouendan,441
ruined_for_marriage,441
reeds,441
musical_staff_print,441
pony_play,440
character_watermark,440
late_for_school,439
three_sizes,439
firefly,439
electro_symbol_(genshin_impact),439
metal,438
cinderella_girls_card_parody,438
saturated,437
cuntboy_with_male,437
steam_from_mouth,437
caution,436
pal_(creature),436
lcl,435
octagram,435
bedtime_story,435
human_chair,435
anatomy,435
color_drain,435
relationship_graph,434
lace-up,434
book_focus,433
recycling_symbol,433
stingray,432
image_in_thought_bubble,432
batman_symbol,431
censored_food,430
dialogue_options,430
pink_check_school_(idolmaster),430
takaramonozu,430
pangu_terminal_(wuthering_waves),430
implied_bisexual,429
dying_message,429
roto's_emblem,428
earth_federation_space_forces,428
seahorse,428
minimalism,428
weapon_formation,428
gumroad_logo,428
small_penis_humiliation,427
2003,426
oil,426
square_print,426
grandmother_and_grandson,425
polar_opposites,425
dobermann,425
height_mark,425
rope_around_neck,425
grasshopper,425
husky,424
mind_reading,424
face_filter,424
coat_of_arms,423
ornate,423
irasutoya_challenge,423
great_pyrenees,422
gemini_(constellation),422
too_many_birds,422
you_work_you_lose,422
snow_halation,422
acronym,421
imminent_paizuri,421
united_states_navy,421
gehenna_academy_logo,421
yuujo,420
emperor_penguin,420
no_hairband,419
flannel,419
gourmet_guild_(princess_connect!),419
headphones_over_headwear,418
no_emblem,418
transformer,418
japanese_tankery_league_(emblem),418
strawberry_blossoms,417
umbrakinesis,417
star_cutout,417
desktop_(computing),416
flat_sign,416
indirect_kiss,416
light_persona,416
guinea_pig,415
game_over,415
food_writing,415
phoenix_print,415
sandstar,415
pan-pa-ka-paaan!,414
companion/af,414
irony,413
kaomoji,413
boy_and_girl_sandwich,413
sound_wave,413
incoming_pocky_kiss,412
head_between_pecs,412
size_comparison,412
myouga_(plant),412
nyoro~n,411
bamboo_print,411
impasto,411
punishment,410
strip_game,409
orgasm_denial,408
v_sisters,408
omake,407
triad_primus_(idolmaster),406
clockwork,405
food_as_clothes,404
oiled,404
sponsor,404
invisible_air_(fate),403
spoken_symbol,403
colorful_festival_(project_sekai),403
no_headgear,402
finnish_text,402
good_ass_day,402
bioluminescence,402
image_in_speech_bubble,402
weapon_between_legs,401
insult,401
blood_trail,401
social_network,401
flat_chest_joke,400
qilin_(mythology),400
hand_in_pants,399
head_under_skirt,399
tsukimi,399
projectile_trail,399
crab_on_head,398
japan_maritime_self-defense_force,397
wonderlands_x_showtime_(project_sekai),397
shoulder-to-shoulder,396
blue_light,396
tonguejob,395
implied_death,395
pokemon_day,395
knee_to_chest,393
shadow_(persona),393
ultra_instinct,393
tail_under_clothes,392
whale_print,392
on_wall,391
heart_arms_duo,391
geokinesis,390
all_the_way_through,390
messy_sleeper,390
2002,389
tenbou,389
costume_chart,389
newhalf_with_female,389
abbreviated_karakusa,389
cool_&_sexy_(idolmaster),388
sex_ed,388
white_devil,387
muffled,387
alchemy,387
hand_around_waist,387
bound_toes,387
vibrator_in_anus,387
snake_bondage,386
battoujutsu_stance,386
face_in_shadow,386
moire,385
smear_frame,385
umapyoi_densetsu,385
nyotaimori,384
predicament_bondage,384
after_footjob,384
simulated_footjob,383
human_dog,383
soviet_army,383
fat_pikachu,382
too_many_flowers,382
scribble,381
knife_in_head,381
wrists_extended,381
cloud_focus,381
simulated_paizuri,381
no_smoking,381
sphinx,381
sentient_stuffed_toy,380
downward_dog,379
plectrum_in_mouth,379
ouroboros,379
spoken_light_bulb,379
execution,379
uncle_and_nephew,378
chimame-tai,377
manlification,376
fabric,376
pokemon_on_back,376
impressionism,376
earth_eleven,376
propaganda,375
brush_stroke,375
intravaginal_futanari,375
window_fog,375
people's_liberation_army,374
key_in_head,373
dog_print,373
triple_wielding,373
miniature,373
weapon_in_mouth,373
ethereal_(zenless_zone_zero),373
fire_on_chest,373
wrinkled_fabric,372
pov_legs,371
scale_print,371
fake_censor,370
human_tower,370
legendary_super_saiyan,370
elemental_(creature),370
no_thank_you!_(k-on!),370
ichininmae_no_lady,370
sleepover,369
plant_name,369
german_suplex,369
pet_shaming,369
reiwa,369
dna,368
print_innertube,368
parasite,368
hoshino_ai's_pose,368
leg_focus,367
official_alternate_design,367
golden_shower,366
heian,366
cum_on_food,366
netorase,365
kendo,364
damage_numbers,364
lightning_glare,364
nt-d,363
card_in_mouth,363
oktoberfest,363
display,362
sword_print,362
newhalf_with_male,361
subaru_(brand),361
bunny_ears_prank,361
adult_baby,360
through_painting,360
poverty,359
too_much_food,359
heart_on_cheek,359
heavy_metal,358
lipps_(idolmaster),358
ttgl_eyecatch,357
food_in_ass,357
opening,357
brain_injection,357
science,356
spoken_mars_symbol,356
plant_monster,354
zombification,353
weird_route_(deltarune),353
frutiger_metro,352
edel_note,352
thumb_in_pocket,351
red_ribbon_army,351
hololive_gamers,351
triforce_print,350
blood_on_feet,350
united_states_army,350
in_crane_game,350
tsuchinoko,349
date_pun,349
eye_of_providence,349
navel_peek,348
purple_blood,348
shield_print,348
black_fire,348
winged_unicorn,348
familiar_(madoka_magica),348
snoot_challenge,348
uroko_(pattern),347
jack-o'-lantern_print,346
neglect_play,346
feminization,346
straylight_(idolmaster),346
sunrise_stance,345
penguins_performance_project_(kemono_friends),345
inverted_colors,344
snot_trail,344
miyoushe_watermark,344
teleportation,343
arrow_in_head,343
diamond_print,343
reverse_ryona,342
sock_dangle,342
under_skirt,342
window_light,342
sweat_stain,342
outer_senshi,341
stutter,341
avalon_le_fae_(fate/grand_order),341
imageboard_colors,340
double_helix,340
animal_on_back,340
on_animal,340
team_plasma,340
apple_on_head,339
aqua_border,339
hue_shifting,339
railgun_(misaka_mikoto),338
nose_art,338
kujo_jotaro's_pose_(jojo),338
chocolate_on_hand,337
caption,337
thumb_to_mouth,337
mvp,337
faerie_knights_(fate),337
mindscape_cinema_(zenless_zone_zero),337
finger_to_head,335
vitarka_mudra,335
spoken_number,335
release_celebration,335
make-up_work_club_(blue_archive),335
if_you_want_to_become_a_godly_artist_(trend),335
weapon_connection,334
censored_profanity,334
holox,334
floral_border,333
nipples_pressed_together,333
mechanical_tentacles,333
too_many_books,333
choujuu_gigaku,333
censored_gesture,332
crossed_out,332
crowded,332
cum_in_navel,332
h_(letter),331
too_many_hair_ornaments,331
mirror_image,331
on_branch,331
lolita_print,331
slime_censor,331
hobble,330
boss_fight,330
imperium_of_man,330
green_blood,330
holopromise,330
june,329
physical_examination,329
expectation_vs._reality,329
stance_(vehicle),329
portuguese_text,328
happy_holidays,328
original_remodel_(kantai_collection),328
condom_wrapper_in_clothes,327
w_corp._(identity)_(project_moon),327
blackmail,326
interlocked_mars_and_venus_symbols,326
guide,326
inside_creature,325
homework,325
news,325
6koma,325
night_battle_idiot,325
titan_(titanfall),325
sticker_on_arm,325
artist's_hand_in_frame,324
multilingual_text,324
chemistry,324
orbital_path,324
blade_lineage_(identity)_(project_moon),324
competition,323
bottle_between_breasts,323
bagua,323
third_wheel,323
zako_(phrase),323
nepolabo,323
chocolate_on_pussy,322
danmaku_comments,322
dripping_eye,322
oral_sandwich,322
incoming_call,322
kuuhaku_to_catharsis,322
unison_(nanoha),321
sleeping_animal,321
wireless,321
awakening_(sennen_sensou_aigis),321
dojikko_pose,320
plant_on_head,320
stapled,320
premature_ejaculation,319
implied_ejaculation,319
funeral,318
alternate_sleeve_length,318
quarter_rest,317
shoe_loss,317
nen_(hunter_x_hunter),317
color_switch,316
seasons,314
alternate_body_fluid,314
grape_print,314
equipment_layout,313
fake_transparency,313
encasement,313
ice_cream_on_face,313
digimoji,313
pentagon_(shape),313
equation,313
bad_end_precure,313
implied_rape,311
1up,311
furry_and_animal,311
mug_writing,309
lantern_on_liquid,309
gemini_(symbol),309
age_switch,309
facial_expression_training,308
whisp,308
censored_anus,308
eyebrows_visible_through_hat,308
thunder,308
master_and_servant,307
biohazard_symbol,307
july,306
japanese_postal_mark,306
inverted_pentagram,306
choice,305
paper_child,305
in_basket,304
scorpius_(constellation),304
egyptian_art,304
sword_in_front_of_face,304
spell,303
green_light,303
sticker_(medium),303
argentina,302
too_many_butterflies,302
time_lapse,302
ancestor_and_descendant,302
delta_rune_(symbol),302
lipstick_mark_on_leg,302
alpha_pokemon,302
implied_erection,300
brown_outline,300
too_many_bows,300
mouth_focus,300
spoken_sparkle,300
oval_image,298
butterfly_on_nose,298
left-hand_drive,297
august,297
gibson_brands_inc,297
male_harem,297
naked_school_attendance,297
floral_print_sleeves,297
eighth_rest,296
blade_to_throat,296
clothes_on_bed,296
animate_object,296
mid-autumn_festival,296
semi-transparent,294
2011_tohoku_earthquake_and_tsunami,294
under_shot,293
queue,293
first_aid,292
foreground_text,292
necrophilia,292
scorpio_(symbol),292
arm_out_of_frame,292
the_end_(phrase),291
fishnet_fabric,291
fatherly,291
energy_arrow,291
mushroom_print,291
fake_box_art,290
speech_stab,290
checkered_wall,290
sefirot,290
virgo_(constellation),290
sagittarius_(constellation),289
right-hand_drive,289
bat_signal,289
from_inside,288
partially_immersed,287
balkenkreuz,286
no_hands,286
capricorn_(constellation),286
against_rock,286
panda_print,286
artist_progress,286
cramped,286
cum_in_footwear,286
vaporwave,286
karakusa_(pattern),285
euphemism,285
on_plate,283
aries_(constellation),283
april,283
blood_writing,283
cancer_(symbol),283
unlikely_accident,283
nose_shade,282
jupiter_symbol,282
paneled_background,282
falling_money,282
wrong_hand,281
dinner,281
buddhism,281
good_fortune_symbol,281
oshi-katsu,281
rainbow_text,280
cream_on_breasts,280
aquarius_(symbol),280
slap_mark_on_face,280
shotadom,280
after_meal,280
group_incest,279
convenient_head,279
white_tiger_print,279
animatronic,279
terastallization,279
gerwalk,278
love_train,278
year_of_the_goat,278
four-pointed_star,278
ze_(phrase),277
cum_in_throat,277
year_of_the_monkey,277
lipstick_mark_on_ass,277
recruitment_(blue_archive),277
breast_drop,276
on_truck,276
pee_puddle,276
atmospheric_perspective,276
evo_grim,276
single_letter,275
day_and_night,275
pisces_(constellation),275
crushed,275
mixed_maids,275
no_print,275
majo_shuukai_de_aimashou,275
ascii_art,274
ironwork,274
command_input,273
mushroom_cloud,272
coiled,272
broken_moon,272
borrowed_accessory,272
404_logo_(girls'_frontline),272
omega_symbol,271
disheveled,271
tic-tac-toe,271
headwear_writing,271
wink_star,271
homicipher_text,271
bloody_handprints,270
zooming_in,270
cursed_energy_(jujutsu_kaisen),270
2001,269
attack_trail,269
shipping_(fandom),269
hiroshimaben,269
no_animal_ears,269
october,268
akg,268
center_cross_lace,268
soft_focus,268
vasavi_shakti_(fate),268
meni_shuki_rush-sshu!,268
orion_(constellation),267
mercury_symbol,267
gibbous_moon,267
mitsubishi_motors,267
projectile_cumdrip,267
seams,267
alternate_element,267
blood_on_dress,267
capsule_corp,267
key_frame,266
adapted_object,265
polygamy,265
stomach_day,265
marble_(stone),264
chiaroscuro,264
kawasaki_(company),264
caldari_state_(eve_online),264
2024_pokemon_teraleak,264
leo_(symbol),263
imminent_netorare,263
explosion_background,263
construction,262
planted_knife,262
around_corner,262
trim_marks,261
flower_censor,261
too_many_belts,261
floorplan,261
menstruation,260
fingerprint,260
england,260
afterburner,260
cum_in_bowl,260
december,259
tachihanabishi,259
animal_between_breasts,259
after_handjob,259
subsurface_scattering,259
gauze_on_face,259
cross-species_cosplay,258
aquarius_(constellation),258
fan_speaking,257
blood_on_armor,257
gender_transitioning,257
2nd_popularity_poll_(boku_no_hero_academia),257
wasp,256
oarfish,256
canvas_texture,256
title_page,255
object_and_personification,255
shadaloo_dolls,255
quality,254
paizuri_day,254
loading_icon,254
triple_ryuunen,254
screen_zoom,253
patriotism,253
pisces_(symbol),253
cum_on_figure,253
performance_juxtaposition,253
blue_whale,253
holoforce,253
bad_gun_anatomy,252
taurus_(symbol),252
flag_on_vehicle,252
scientific_name,252
november,251
creature_as_food,251
dropped_food,251
bound_knees,251
pokemon_ability,251
fake_blood,251
german_army,251
borrowed_weapon,250
forced_perspective,250
kiss_chart,250
gas,250
restroom_symbol,250
korekara_no_someday,250
bilibili_username,250
geo_symbol_(genshin_impact),250
startend_(hololive),250
kankaku_shadan,250
zebra,249
in_bubble,249
shinsengumi_(gintama),249
dots,249
digital_hazard,249
ars_almadel_salomonis_(fate),249
hatsuyume,248
libra_(symbol),248
hanging_food,248
vietnam_war,248
taishou,248
headlight_beam,248
rowan,248
self_character_print,248
supreme_(brand),248
holojustice,248
politics,247
shinto,247
bokura_no_live_kimi_to_no_life,247
sprite_art,247
march,246
kokiri,246
pov_dating,246
character_select,246
street_snap,246
logo_print,246
adoptive_siblings,246
genius_invokation_tcg,246
shockwave,245
single_flame,245
imminent_bestiality,245
no_earrings,245
lazulight,245
february,244
asics,244
vortex,244
entrails,244
all-out_attack,244
floral_(idolmaster),244
navy_cross,244
valkyrie_(ensemble_stars!),244
no_prosthetic_arm,244
dead_heat_summer_race!,244
red_winter_federal_academy_logo,244
september,243
anime_screenshot_inset,243
plain,243
penis_under_mask,243
bouncing_hair,243
team_flare,243
used_condom_in_clothes,243
negai_wa_itsuka_asa_wo_koete_(project_sekai),243
january,242
unwanted_creampie,242
aries_(symbol),242
domination,242
desert_camouflage,242
wheel_o_feet,242
blood_on_cheek,242
haagen-dazs,241
algae,241
youmu_day,241
stuck_in_a_box,241
octarian_(enemy),241
jam_(umamusume),241
you_gonna_get_eaten,240
noah_(d.gray-man),240
macaw,240
fender_musical_instruments_corporation,240
apocalypse,240
tsuka-ito,240
love_wing_bell,240
alstroemeria_(idolmaster),240
justice_task_force_(blue_archive),240
gold_border,240
koa_(phrase),239
virgo_(symbol),239
interactive_media,238
goldfish_print,238
toad_(animal),238
heavy_film_grain,238
beyond_the_nobles_(idolmaster),238
black_snake,238
bad_reflection,237
straw_hats_jolly_roger,237
shikai,237
artist_name_(singer),237
double_\n/,237
delta_rune_print,237
elite_ii_(arknights),237
color_wheel_challenge,237
capricorn_(symbol),236
on_weapon,236
mechanical,236
kira-kira_sensation!,236
battle_effectiveness_award,236
ultraviolet_light,236
after_insertion,235
pillbug,235
racism,235
ukrainian_text,235
spiked,235
ganbare_ganbare_(itou_life),235
counters_(nikke),235
character_logo,235
seraphim_(one_piece),235
sprain,234
explosion_gag,234
fox_print,234
good_breasts_day,234
living_weapon,233
pactio,233
galactic_empire_(star_wars),233
color-coded,233
illumination_stars_(idolmaster),233
wryyyyyyyyyyyyyyyyyyyy,232
sea_urchin,232
slimy,232
animal_with_hair,232
italian_flag_print,232
reality_arc_(sinoalice),232
covered_armpit,231
crest_worm,231
donkey,231
chihuahua,231
crown_(symbol),231
progress_bar,231
umbrella_octopus,231
fairy_(girls'_frontline),231
star_of_lakshmi,230
chevron_(symbol),230
red_fire,230
too_many_rabbits,229
through_ground,229
christianity,229
sign_language,229
bauxite,229
pixel_art_inset,229
pixels,228
yonic_symbol,228
aqua_outline,228
onsen_symbol,228
osugaki,228
sticker_on_leg,228
pedophile,227
sagittarius_(symbol),227
meandros_border,227
haki_(one_piece),227
moe2019,227
gear_print,226
painttool_sai,226
no_vest,226
group_profile,226
purikura,226
countdown_timer,226
vivid_bad_squad_(project_sekai),226
opposing_sides,225
arrow_cross,225
claw_mark,225
koi_ni_naritai_aquarium,225
reversible_couple,225
against_mirror,224
ominous_shadow,224
implied_tail_plug,224
king_of_spades,223
hitbox,223
kelp,223
sakura_five,223
public_bondage,222
humboldt_penguin,222
dezombification,222
red_aura,222
defy_(girls'_frontline),222
cursed_spirit_(jujutsu_kaisen),222
cryo_symbol_(genshin_impact),222
laser_pointer_projection,221
official_cosplay,221
dollhouse_view,221
shoebill,221
no_ahoge,221
shotajiji,221
length_markings,221
ss_insignia,220
bandaid_on_clothes,220
speedo_(company),220
triceratops,220
chinese_wedding,220
zonai,220
badge_(pokemon),219
heisei,219
red_lightning,219
moe2018,219
carp,218
matching_shanghai,218
swordfish,218
fake_ad,218
two_of_hearts,218
vietnamese_text,218
blood_on_shoes,218
happy_easter,218
implied_after_fellatio,218
link_to_the_future_(love_live!),218
shima_(pattern),217
three_of_hearts,217
ink_on_face,217
super_saiyan_god,217
sparkling_sweat,217
splatoonification,217
hazard_stripes,216
lubrication,216
666,216
lichtenberg_figure,216
boc'z_(umamusume),216
too_many_scoops,215
birthday_connection,215
saliva_on_breasts,215
marine_day,215
dancing_stars_on_me!,215
horseshoe_print,215
team_yell,215
hair_dye,214
communism,214
brown_dog,214
black_dog,214
anal_ball_wear,214
artstation_logo,214
sexy_no_jutsu,213
educational,213
food_on_hair,213
amarr_empire_(eve_online),213
blue_cat,213
bandaged_ear,213
gardevoir_day,213
hasu_no_sanrenka,213
locked_slide,212
russian_empire,212
hufflepuff,212
tumblr_logo,212
see-through_midriff,212
cathead,211
sleeve_tied_shut,211
humpback_whale,211
sketch_inset,211
cropped_arm,211
pie_in_face,210
legs_behind_head,210
double_finger_heart,210
ko~n,210
pyro_symbol_(genshin_impact),210
ragfes,209
hand_to_hand,209
father's_day,209
collision,209
crosscounter,209
lotus_print,209
hand_on_sheath,209
yotsubato!_pose,209
inugami-ke_no_ichizoku_pose,209
ganbaru_pose,209
post_guild_war_celebration,209
3rd_live_tour_try_tri_unity!!!,209
are_you_my_master,208
protocol_omega,208
finger_under_clothes,208
clockshow,207
arm_across_neck,207
sale,207
ultramarines,207
condom_in_hair,207
thinking_emoji,207
moe2021,207
may,206
remington_arms,206
pikapikapop_(idolmaster),206
chocolate_lady_no_karasawagi,206
thighs_together,206
holiday_holiday_(love_live!),206
shikai_no_sumi_kuchiru_oto,206
sailor_moon_pose,205
handcuff_dangle,205
kingdom_of_kazimierz_logo,205
age_conscious,204
reincarnation,204
zeus_(inazuma_eleven),204
kimi_to_boku_no_mirai,204
pinky_to_mouth,203
henohenomoheji,203
palmar_flexion,203
narcissism,203
outstretched_crossed_arms,203
sword_in_head,203
shimousa_(fate/grand_order),203
dog_on_head,202
pantyshot_through_reflection,202
shishimai,202
red_circle,202
object_in_swimsuit,202
circuit_board_print,202
on_blanket,202
dogpile,202
achievement_unlocked,202
movie_reference,202
reunion_logo_(arknights),202
uma_summer_(umamusume),202
tree_print,201
imminent_hand_holding,201
tv_show,201
abduction,201
bear_position,201
no_brand_girls,201
clip_studio_paint,201
simulated_bukkake,200
pizza_delivery,200
kriegsmarine,200
elasticity,200
brown_trim,200
noble_phantasm_(fate),200
revenge,200
arm_around_leg,200
imminent_vore,200
outseal,200
black_bulls_(emblem),200
youtube_username,200
broken_heart_print,199
dodge_(company),199
forced_partners,199
tied_drawstring,199
florakinesis,199
reverse_prayer,199
crystallization,199
emoji_censor,199
heart_attack,198
bourbon_(kirby),198
boku_wa_sonzai_shiteinakatta,198
snake_wrapped_around_body,198
fan_over_face,197
shared_coat,197
splatter_print,197
lat_model_(mikumikudance),197
pixel_text,197
instrument_case_on_back,197
pumpkin_on_head,197
seminar_(blue_archive),197
777_(nikke),197
team_7_(naruto),196
mouth_beam,196
siscon,196
auction,196
heart_out_of_chest,196
chocolate_on_foot,195
sticky,195
forced_to_watch,195
planted_polearm,195
hand_between_thighs,195
detached_legs,195
interrupted,195
facial_recognition,195
kimi_no_kokoro_wa_kagayaiteru_kai?,195
holotempus,195
4th_live_dream_~bloom_the_dream_believers~,195
in_pot,194
on_ladder,194
j-core,194
s.m.s.,193
united_states_marine_corps,193
media_player_interface,193
mega_milk,193
finishing_move,193
arms_on_head,193
star!!_(idolmaster),193
2000,192
not_present,192
imminent_breast_grab,192
imminent_irrumatio,192
ei_ei_mun!,192
aurora_flower_(love_live!),192
skull_and_crossed_swords,191
uchiha_symbol,191
place_name,191
chocolate_on_legs,191
dab_(dance),191
drawn_horns,191
tracen_academy,191
somersault,190
mdd_threesome,190
censored_violence,190
cat_on_person,190
akira_slide,190
cheek-to-breast,190
implied_penetration,190
chiester_sisters,190
hover_hand,190
shirt_aside,190
mold_camelot,190
tentacle_around_neck,189
shoulder_angel,189
death_flag,189
page_tear,189
shapes,189
blood_on_flower,189
cat_loaf,189
swirling,189
seal_script,189
recruiters_(disney),189
lipstick_mark_on_chest,189
kcco_(girls'_frontline),189
hare_hare_yukai,188
cocked_hammer,188
half-timbered,188
trust_me_(durarara!!),188
wet_and_messy,187
the_children_(zettai_karen_children),187
geometry,187
weapon_background,187
shinsengumi_(fate),187
more_more_jump!_(project_sekai),187
magnetism,186
chest_on_pillow,186
head_on_another's_stomach,186
blackletter,186
blindfold_slip,186
in_pocket,186
flandre_day,186
tail_around_arm,186
nose_pinch,185
on_mecha,185
cavalry,185
mitsuyubi,185
male_spitroast,185
saliva_trail_between_teeth,185
sigil,185
whole_note,185
animal_on_chest,185
smith_&_wesson,185
withered,185
ios_(os),185
stickam,185
hairstyles_of_my_wonderful_wife,185
lap_pov,185
reverse_spirit,185
naranja_academy_(emblem),185
dotted_quarter_note,184
f6_(osomatsu-san),184
zuiyin,184
shooting_star_(symbol),183
adobe_photoshop,183
star_and_crescent,183
breeding_mount,183
tights_day,183
prologue_rouge_(idolmaster),183
healing_animal,183
himedanshi,182
gangsta_hold,182
cardigan_on_shoulders,182
on_hammock,182
pure_white_memories_(idolmaster),182
twitter_screenshot,182
cosmic_&_funny_(idolmaster),181
wrist_extended,181
one_eye_in_shadow,181
hand_in_another's_clothes,181
face_in_hands,181
imperial_aquila,181
glowing_hot,181
frog_on_head,181
on_piano,181
open_hatch,181
mute,181
twitch_plays_pokemon,181
tryzub,181
do!_do!_do!_(love_live!),181
the_monkey,180
year_of_the_horse,180
animal_on_leg,180
sour_(taste),180
flare,180
kessoku_band_logo,180
banbi,179
1999,179
saturn_symbol,179
moe_(phrase),179
on_banana,179
intangible,179
qinghua_(porcelain),179
weapon_on_floor,179
union_jack_print,179
sliced,179
drop_trap,179
mikumikudance,179
horse_print,179
liella!_first_generation,179
chanel,178
gun_in_mouth,178
hand_on_goggles,178
self-propelled_artillery,178
testicles_on_face,178
hand_on_belt,178
puka_puka,178
shocking_party,178
adrenaline!!!,178
no_nut_november,178
checkmark,178
golden_generation_(umamusume),178
arrow_through_apple,177
hand_in_pantyhose,177
implied_suicide,177
bad_apple!!,177
partially_buried,177
triple_horizontal_stripe,177
gallente_federation_(eve_online),177
little_lyrical,177
vibrator_on_clitoris,176
body_control,176
yukkuri_abuse,176
fan_to_mouth,176
meat_day,176
british_army,176
cutie_panther,176
l'antica_(idolmaster),176
kjerag_logo,176
bikini_bottom_around_leg,176
skirt_in_mouth,175
collapsed,175
food_on_legs,175
paw_up,175
rabbit_symbol,175
double_ok_sign,175
pause_button,175
official_alternate_skin_color,175
chinese_knot_border,175
seizon_honnou_valkyria_(idolmaster),175
moe2017,175
afterglow_(bang_dream!),175
mustache_print,175
compass_rose,174
ginyu_force_pose,174
studded,174
sumi-e,174
imminent_fingering,174
myoukou_pose,174
diverdiva,174
bound_leg,173
thermometer_in_mouth,173
yebisu,173
body_modification,173
incoming_kick,173
japan_air_self-defense_force,173
snake_on_head,173
person_on_shoulder,173
bilibili_logo,173
gyarugasaki,173
\\//,172
flamel_symbol,172
snow_on_body,172
zeknova,172
caved_(touhou),171
shoulder_devil,171
kangaroo,171
mizuno_(brand),171
hat_writing,171
eat_me,171
fourth_of_july,171
angelic_angel,171
sunny_day_song,171
ryouran!_victory_road_(love_live!),171
boston_terrier,170
mixed_martial_arts,170
at_knifepoint,170
aquila_(symbol),170
urban_legend,170
multiple_fusions,170
not_for_sale,169
soot,169
air_current,168
itano_circus,168
implied_bestiality,168
eruption,168
character_background,168
trypophobia,168
black_horse,168
glowing_fist,168
fairy_tale_(love_live!),168
buffering,168
abydos_high_school_logo,168
photokinesis,167
interlocked_venus_symbols,167
arabic_text,167
@_(symbol),167
color_variation,167
bernese_mountain_dog,167
neptune_symbol,166
cabbit,166
sea_serpent,166
individuals_(idolmaster),166
wet_dream,165
earthworm,165
blood_censor,165
badminton,165
button_prompt,165
jikan_sokougun,165
leo/need_(project_sekai),165
1998,164
in_jar,164
ghost_in_the_shell_lineup,164
forehead_writing,164
llama,164
brown_horse,164
scottish_fold,164
chocolate_print,164
white_polka_dots,164
chi-hatan_(emblem),164
close_game/offline_(project_sekai),164
shikairo_days,164
nonstandard_furigana,163
genjiguruma,163
hydra,163
judo,163
jackal,163
multiple_style_parody,163
st._bernard,163
stylized_blood,163
orel_cruise,163
kogetsukan_satsujin_jiken,163
regal_blue_tang,162
blood_type,162
three_monkeys,162
golden_spiral,162
bibi_(love_live!),162
zoomer_slang,162
internet,161
no_tattoo,161
furry_and_humanization,161
rhinoceros,161
muchourin,161
sea_lion,161
moe2015,161
mesh,160
panorama,160
alternate_ass_size,160
minmatar_republic_(eve_online),160
carrot_in_pocket,160
komaniya_express_(genshin_impact),160
blind_obsession_(e.g.o),160
fansub,159
character_single,159
maximal,159
vibrator_bulge,159
airsoft,159
baku_(creature),159
on_liquid,159
phone_in_pocket,159
implied_netorare,159
chase!_(love_live!),159
acid_graphics,159
1996,158
petal_on_head,158
ganbaruzoi,158
ursus_empire_logo,158
sky_mirage,158
guardian_chara,157
natural_sign,157
puma_(brand),157
golem_(d.gray-man),157
smeared_blood,157
jewelpet_(creature),157
international_precure,157
bcy_username,157
froth,156
aquarius_(zodiac),156
lifestream,156
larva,156
heartless_(kingdom_hearts),156
plasma,156
butterfly_over_eye,156
bag_on_lap,156
doukyo's,156
http_status_code,155
gemini_(zodiac),155
dazzle_paint,155
black_moon_clan,154
gauna,154
too_many_chicks,154
cum_on_bed,154
pool_party_(league_of_legends),154
music_s.t.a.r.t!!,154
blood_on_shoulder,154
spiral_power,153
ultra_beam,153
maggot,153
anal_cross-section,153
carrier,153
matsu_symbol,153
photo_bashing,153
chocolate_on_clothes,153
holding_hands_is_lewd,153
simple_fish,153
houkago_climax_girls_(idolmaster),153
luxiem,153
boku_no_ashiato_kimi_no_yukusaki_(project_sekai),153
sekai_wo_kakumei_suru_chikara_wo,152
poodle,152
male_prostitution,152
namusanbou,152
blood_on_teeth,152
ethyria,152
dendro_symbol_(genshin_impact),152
keikyoku_no_machi_wa_doko_e_(project_sekai),152
chrysos_heirs_(honkai:_star_rail),152
troll,151
nvidia,151
beyond_the_vibes_(idolmaster),151
devil_trigger,151
poses,151
super_chat,151
webclap,150
in_sack,150
capricorn_(zodiac),150
porcelain,150
cockatoo,150
flying_squirrel,150
spoken_sound_effect,150
article,150
blue_aura,150
pringle_duck,150
mega_evolution_symbol,150
blood_on_mask,150
cum_on_testicles,150
ai_scream!_(love_live!),150
cum_on_crotch,149
temperature,149
dachshund,149
in_cauldron,149
nue,149
jupiter_(idolmaster),149
animal_name,149
grey_wolf,149
episode_title,149
luminous_(madoka_magica),149
ship_name,149
dive!_(love_live!),149
discord_logo,149
yakudo_trio,149
kaitou_shinshi_no_harahara!?_white_day_(project_sekai),149
mitsuketa_keshiki_tazusaete,149
siddham,148
salmon_(fish),148
kirino_ranmaru_(mixi_max_jeanne_d'arc),148
duck_print,148
regloss_(hololive),148
tsukuyomi_kurage,148
killkiss_(bang_dream!),148
strip_mahjong,147
buried_in_sculpted_sand,147
safeguard_(blame!),147
renault,147
item_(toaru),147
japari_symbol_print,147
monster_(monster_farm),146
platypus,146
lyra_(constellation),146
cup_size,146
dia_de_muertos,146
neapolitan_palette,146
aozora_jumping_heart,146
kirigami,145
actor_connection,145
new_balance,145
cum_on_sheets,145
candy_gore,145
java_sparrow,145
armored_animal,145
announcement,145
men's_toilet_symbol,145
engineering_department_(blue_archive),145
ninjutsu_research_club_(blue_archive),145
sensory_deprivation,144
heraldry,144
raptor,144
hummingbird,144
multicolored_border,144
tabletop_rpg,144
fuwafuwa_time,144
scarab,144
smoke_heart,144
fat_joke,144
sardegna_empire_(emblem),144
faint_aroma_(e.g.o),144
table_of_contents,143
aries_(zodiac),143
ratite,143
booby_trap,143
armadillo,143
montage,143
2_fuel_4_ammo_11_steel,143
faux_3d,143
overwatch_(logo),143
\(^o^)/,142
sunagakure_symbol,142
feather_print,142
cum_on_skirt,142
betrayal,142
moose,142
under_fire,142
colophon,142
guilty_gear_strive_x_tower_records,142
metabole_piglets,142
uva_academy_(emblem),142
uranus_symbol,141
feast,141
yatagarasu,141
blu-ray_logo,141
chaldea_boys_collection,141
heresy,140
dodododo,140
spoken_flower,140
minor_arcana_(tarot),140
snow_on_headwear,140
back_slit,139
1997,139
newhalf_with_newhalf,139
tractor_beam,139
hagane_vocaloid,139
white_fire,139
chupacabra,139
implied_cheating_(relationship),139
chained_legs,139
ko-fi_logo,139
cyber_sigilism,139
proof_(love_live!),139
lapwing_face_tracking_redraws,139
double_entendre,138
cum_in_eye,138
cross_patty,138
united_nations,138
the_sun_(tarot),138
candy_print,138
fishnet_cutout,138
snake_box_sneak,137
ipod_ad,137
red_leather,137
swedish_text,137
anteater,137
water_censor,137
spoken_venus_symbol,137
undone_duijin,137
hem_peeking_out,137
colossus,136
the_hanged_man_(tarot),136
alphabet,136
unownglyphics,136
father_and_child,136
shell_(company),136
tamagotchi_(creature),136
burger_malfunction,136
bird_on_leg,135
crayfish,135
rivets,135
cancer_(zodiac),135
wheel_of_fortune_(tarot),135
film_strip_border,135
husband_and_wives,135
yeti_(creature),135
kanji_focus,135
caduceus,135
hex_grid,135
creature_on_lap,135
siamese_fighting_fish,135
moe2016,135
robe_partially_removed,135
kimono_partially_removed,135
the_high_priestess_(tarot),134
404,134
character_chart,134
hostage,134
convenient_hand,134
super_smash_bros._logo,134
pelican,134
argentinian_flag_print,134
speedpaint,134
ray_of_grace,134
servant_summer_festival!_2018,134
northern_parliament_(emblem),134
social_media_composition,134
negative,133
cum_on_lips,133
the_hermit_(tarot),133
tape_censor,133
dalmatian,133
penis_chart,133
giant_skeleton,133
masturbation_day,133
shorts_rolled_up,133
unbuttoned_dress,132
chouchin_obake,132
death_(tarot),132
list,132
sprite_sheet,132
petal_in_mouth,132
papillon_(dog),132
peach_print,132
swallowtail_butterfly,132
purple_lightning,132
death_guard,132
twitch_username,132
butterfly_on_face,132
fish_skeleton_print,132
gourmet_research_society_(blue_archive),132
shoe_print,131
taskbar,131
mammoth,131
interface_censor,131
sea_angel,131
project_fairy_(idolmaster),131
saliva_pool,131
charisma_establishment,131
gradient_flower,131
honeycomb_print,131
russian_ground_forces,131
eremite_(faction),131
playstation_symbols,130
libra_(zodiac),130
hallucination,130
dual_drum_magazine,130
eye_on_hat,130
wisteria_print,130
heron,130
niconico_id,130
captcha,130
other_with_other,130
republic_of_korea_army,130
dragon_boat_festival,130
shiranui_kensetsu,130
idle_animation,129
clasp,129
parental_advisory,129
radar_chart,129
hakka_no_togame_(bankai),129
azov_battalion,129
vichya_dominion_(emblem),129
pride_month,129
type-moon_heroines,128
mosaic_pattern,128
ryuuguu_komachi_(idolmaster),128
high-waist_sideboob,128
blood_on_back,128
happy_party_train,128
sekibanki_day,128
bulge_peek,128
pink_light,128
beagle,127
raining_blood,127
leo_(zodiac),127
taurus_(zodiac),127
justice_(tarot),127
creator_and_creation,127
impossible_storage,127
search_bar,127
pumpkin_print,127
whammy_bar,127
bubble_filter,127
narwhal,127
wandenreich,127
after_anilingus,127
frayed_clothes,126
sagittarius_(zodiac),126
virgo_(zodiac),126
mountain_focus,126
pisces_(zodiac),126
doodled_object,126
fake_text,126
spoken_letter,126
triple_vertical_stripe,126
tail_on_face,126
penis_focus,126
blacked_(phrase),126
character_ball,126
neopet_(creature),126
ai-generated_background,126
tracen_ondo_(song),126
hakuchu_a_la_mode,126
deku's_photo_of_hagakure_toru,126
em_wave_change_(mega_man),125
scorpio_(zodiac),125
audio_visualizer,125
implied_cannibalism,125
waveform,125
lost_child,125
realified,125
thorn_print,125
people's_liberation_army_ground_force,125
satori_day,125
shining_resonance_collection_of_visual_materials,125
striped_sleeve_cuffs,125
image_warping,125
x_mark,125
misskey.io_username,125
natsumeki_pain,125
shijuuhatte,124
ladder_cutout,124
kraken,124
neck_focus,124
blur_layer,124
ink_stain,124
green_cat,124
nonstop_nut_november,124
suisai_sekai,124
bobbles,123
fake_trading_card,123
butterfly_on_shoulder,123
angled_foregrip,123
flashlight_beam,123
leopon_(animal),123
moe2020,123
veritas_(blue_archive),123
boosty_username,123
donut_stamp,123
whip_the_wimp_girl!!_(project_sekai),123
level_up,122
strength_(tarot),122
the_emperor_(tarot),122
gradient_text,122
ii_fuufu_no_hi,122
cold_war,122
implied_pornography,122
lily_white_(love_live!),122
afghan_hound,122
paint_on_fingers,122
purple_light,122
gold_embroidery,122
deepness_(love_live!),122
compilation,121
predacon,121
zawa_(onomatopoeia),121
patchouli_day,121
smudge,121
yellow_tang,121
spirit_(super_smash_bros.),121
ko-fi_username,121
holoro,121
twitter_strip_game_parody,121
jelleton,121
crossbone_vanguard,120
cheetah,120
blurry_border,120
parsee_day,120
obon,120
taped_arms,120
hello_happy_world!,120
digimon_day,120
umapyoi_(phrase),120
heartbreak_(futsuu_no_keion-bu),120
freudian_slip,119
budgerigar_(bird),119
food_on_penis,119
lion_cub,119
level_5_(toaru),119
mold,119
people's_liberation_army_air_force,119
dragon_on_shoulder,119
clutter,119
k.o.,119
sea_monster,119
the_north_face,119
hand_cursor,119
himitsu_no_valentine_daisakusen!_(project_sekai),119
snowman_print,118
uzumaki_symbol,118
wheat_print,118
polka_dot_border,118
beaver,118
hentai-foundry_username,118
interrogation,118
zooming_out,118
solar_term,118
omegaverse,118
tokimeki_poporon,118
poppin'party,118
friendship_club_(princess_connect!),118
kyoudaidon_(sex),117
dendrobium_schema,117
robot_fish,117
nymph,117
terrier_(dog),117
canon_(company),117
knolling,117
orchestra,117
dot-matrix,117
fruit_on_liquid,117
coat_stash,117
tsukkomi,117
israel,117
you_died,117
implied_after_masturbation,117
high_schoolmate_(idolmaster),117
bismarck_(coat_of_arms),117
rapture_(nikke),117
mirror_twins,116
castration,116
speech_bubble_censor,116
mackintosh_rose,116
mandala,116
vine_whip,116
lemur,116
forte_(symbol),116
bulldog,116
creator_name,116
on_suitcase,116
rope_around_waist,116
battle_chatelaine,116
2wink_(ensemble_stars!),116
paint_in_hair,116
happy_white_day,116
brother_and_sister_threesome,115
ursa_minor_(constellation),115
o_x,115
las_plagas,115
on_cushion,115
spirits,115
zukyuun,115
too_much_fluff,115
earthquake,115
buri_hamachi,115
blood_in_water,115
umpire,115
static_electricity,115
sparkling_daydream,115
esports,115
operation_crossroads,115
geometric_pattern,115
lipstick_mark_on_cheek,115
thigh_peek,115
dodecagram,114
outfit_connection,114
hay_fever,114
penis_in_thighhigh,114
lambda_symbol,114
leech,114
sex_battle,114
invisible_table,114
implied_bondage,114
subway_(company),114
google_maps,114
netherlands,114
crane_print,114
pussy_juice_on_face,114
tiktok_username,114
candle_no_kaori_wa_omoide_to_tomo_ni_(project_sekai),114
sentry,113
title_screen,113
moon_reflection,113
rotisserie,113
walrus,113
koyukkuri,113
dearly_stars_(idolmaster),113
magpie,113
finnish_army,113
eyes_of_horus_(warhammer_40k),113
animal_couple,113
crab_on_shoulder,113
sand_on_skin,113
balance_scale_print,113
mofumofuen_(idolmaster),113
hoshi_no_sanzang-chan_tenjiku_ni_iku,113
cozmez_(paradox_live),113
marching_band_(idolmaster),112
colored_text_highlight,112
mixed_harem,112
ending,112
production_note,112
signal_bar,112
stealth_bondage,112
cubism,112
osandon,112
sloth_(animal),112
panther_print,112
nationale_volksarmee,112
biomechanical,112
furaffinity_username,112
project_krone_(idolmaster),112
aqua_butterfly,112
clock_print,112
reddit_username,112
umamusume_tanuki,112
pandemonium_society_(blue_archive),112
wand_in_head,112
fighting_my_way_(idolmaster),112
gamilas,111
vehicalization,111
physics,111
pioneer_movement,111
jidaigeki,111
morse_code,111
barnacle,111
bands,111
german_flag_print,111
checkered_trim,111
spoken_paw_print,111
fiery_aura,111
yubi_yubi_(inugami_korone),111
sisterhood_(blue_archive),111
crux_(constellation),110
cat_symbol,110
windows_logo,110
heaven_(kanji),110
homeless,110
nasa,110
suction_tentacles,110
thailand,110
beluga_whale,110
shared_improvised_umbrella,110
insect_on_head,110
fantia_username,110
hose_between_breasts,110
iris_libre_(emblem),110
hand_size_difference,110
love_live!_series_asia_tour_2024,110
glitch_censor,109
pastels,109
teddy_bear_sex,109
swarm,109
mutilation,109
erection_under_blanket,109
veiny_tentacles,109
acid,109
map_(medium),109
tied_to_stake,109
beyond_the_wishes_(idolmaster),109
too_many_weapons,109
louis_vuitton_(brand),109
reverse_palettes,109
no_image,109
unbuckled,109
women's_toilet_symbol,109
dropped_object,109
candle_on_head,109
rest_in_peace_(phrase),109
start:dash!!,109
tristar_vision_(idolmaster),109
mask_on_hat,109
marisa_day,109
female_fertilization,109
narrative_formation,109
fox_platoon_(blue_archive),109
lofter_logo,109
clothes_on_shoulders,108
phone_between_breasts,108
foot_on_weapon,108
double_soul_(mega_man),108
anomalocaris,108
reverse_amazon_position,108
transparent_butterfly,108
prairie_dog,108
sexy_guilty_(idolmaster),108
a-rise,108
presentation,108
domain_expansion,108
it's_just_not_right!,108
chase_my_ideal_idol!_(project_sekai),108
snickers_(brand),107
papyrokinesis,107
audio-technica,107
kagome_(pattern),107
vibrator_over_clothes,107
server,107
japanese_macaque,107
comitia,107
pegasus_(constellation),107
heart_ring_bottom,107
akita_inu,107
hakuren,107
test_card,107
year_connection,107
stomach_focus,107
fubumicomet_(hololive),107
scorch_mark,106
shared_sense,106
kirigakure_symbol,106
aquila_(constellation),106
missile_trail,106
nightmare_blood_(idolmaster),106
robot_cat,106
wriggle_day,106
endless_knot,106
bloody_stream,106
sugar_song_and_bitter_step,106
across_the_stars_(idolmaster),106
camouflage_trim,106
mark_of_the_doom_slayer,106
spoken_www,106
fatui_logo,106
fruit_focus,106
hiccup,105
too_many_dolls,105
dragon_ornament,105
superman_exposure,105
lamprey,105
miserable_fate,105
borzoi,105
dodo_(bird),105
doting_parent,105
guess_who,105
qing_dynasty,105
flying_animal,105
flattened,105
nue_day,105
on_windowsill,105
striped_border,105
animal_on_face,105
military_police_brigade_(emblem),105
happy_maker!,105
too_many_papers,105
feature_scout_1_(ensemble_stars!),105
pact_holder,105
sekaiichi_kawaii_watashi_(idolmaster),105
vspo!_showdown,105
penis_in_pantyhose,104
isbn,104
lazy,104
amazons_quartet,104
damselfish,104
imminent_wardrobe_malfunction,104
score,104
1995,104
shiritori,104
engraved,104
crested_ibis,104
vessel_of_sin,104
undersized_pokemon,104
ganbare!_nakamura-kun!!_cover_parody,104
cometik_(idolmaster),104
chesto_(phrase),104
ladybug/beauty_(love_live!),104
lilistia,104
class_number,103
ronin,103
sennheiser,103
sleeves_tied_together,103
basketweave,103
laughing_man_(gits),103
paratrooper,103
deer_head,103
heaven_condition,103
dotted_half_note,103
in_hat,103
geoduck,103
untucked,103
red_bird,103
thanksgiving,103
uriko_(baseball),103
zhongguo_hua,103
blood_on_tongue,103
children's_day,103
jaws,103
barn_owl,103
future_fish,103
penis_on_shoulder,103
holofive,103
obsydia_(nijisanji),103
animation_meme,103
bokutachi_no_seizon_tousou_(project_sekai),103
xiaohongshu_logo,103
holiday_holiday_(tenko)_(love_live!),103
choir,102
satire,102
chalk_outline,102
bizarre_rain,102
yellow_star,102
ursa_major_(constellation),102
mi-24,102
felching,102
double-decker_bus,102
slamming_door,102
vega_(star),102
orange_blossoms,102
rock_climbing,102
digimon_crest,102
magpul,102
marble_sculpture,102
alternate_headwear_color,102
sv-98,102
exasperation,102
tiro_finale,102
character_transformation,102
stigmata,102
ironclad,102
goodyear,102
mechanical_head,102
clutching_clothes,102
climbing_wall,102
eyebrows_visible_through_mask,102
phantom_thief_erichika,102
wrist_bobbles,102
the_kogado_(idolmaster),102
aerospray_(splatoon),102
dream_world_(touhou),102
camel_girl,102
yiga_clan,102
spreading_another's_ass,102
wrinkled_frown_(detective_pikachu),102
ziku-driver,102
ridewatch,102
ornamental_weight,102
intestine_clothing,102
hajimari_wa_kimi_no_sora,102
nigekiri_sisters_(umamusume),102
rex_genome,102
moe2022,102
z_(russian_symbol),102
flexing_pectorals,102
holoh3roes,102
ovum_with_heart,102
ichigo_ichie_na_hyakki_yagyou!?_(project_sekai),102
pluto_symbol,101
haiku,101
anaheim_electronics,101
mooning,101
za_warudo,101
banana_print,101
allergy,101
neck_hold,101
track_marks,101
peeing_in_bottle,101
personal_terminal,101
gomusin,101
eye_injury,101
oval,101
book_stand,101
postmark,101
a5m,101
axis_(gundam),101
empty_bathtub,101
acid_trip,101
red-eye_effect,101
cruise_ship,101
royal_flush,101
group_(toaru),101
parking_garage,101
imminent_tickling,101
chair_tipping,101
cartoon_logic,101
through_mirror,101
bouquet_toss,101
affection_meter,101
light_reflection_(water),101
curly_ends,101
pavise,101
bmw_3_series,101
soapy,101
black_wings_of_corrosion,101
rawst_berry,101
new_moon,101
lynx,101
petal_censor,101
french_toast,101
imminent_orgasm,101
sex_with_insects,101
chocolate_on_penis,101
duo_chromatic,101
x-ray_phone,101
ukrainian_ground_forces,101
trickstar_(ensemble_stars!),101
orca_boy,101
anastasia_(lostbelt)_(fate/grand_order),101
character_cookie,101
turquoise_(gemstone),101
chin_on_palm_challenge,101
bubble_print,101
teardrop-shaped_gem,101
dried_blood,101
splatana_wiper_(splatoon),101
blood_on_stomach,101
gold_blood,101
head_ornament,101
flamestrider_(genshin_impact),101
cunt_punt,100
oppai_oppai,100
seed_uniform_(ff8),100
public_service_announcement,100
portmanteau,100
penis_ornament,100
disco,100
banging,100
yellow_pepper,100
air_pump,100
benishouga,100
cannonball,100
prism,100
clitoris_torture,100
curved_penis,100
triangle_cutout,100
booth_babe,100
areola_measuring,100
cake_print,100
on_train,100
cumdrip_through_panties,100
riding_dinosaur,100
concentric_circles,100
body_bag,100
exercise_bike,100
paperclip_hair_ornament,100
kite_shield,100
growing_out_of_body,100
seven_of_spades,100
ionioi_hetairoi_(fate),100
holographic_keyboard,100
clock_hair_ornament,100
d3a,100
flying_spittle,100
moon_in_daylight,100
ice_fishing,100
holding_ski_pole,100
alto_mare,100
red_pillow,100
shin_ramyun,100
necklace_in_mouth,100
single_mitten,100
ooarai_(ibaraki),100
mp-443_grach,100
inward_w,100
hay_bale,100
cracking_egg,100
dahlia_academy_boarding_school_uniform,100
royal_magic_wand_(svtfoe),100
depth_charge_projector,100
tentacle_tongue,100
string_of_pearls,100
powdered_sugar,100
appmon,100
octoling_(swim_form),100
velcro_footwear,100
hameru-type_asacoco,100
ame-no-sakahoko_(fate),100
star_guardian_pet,100
broken_skin,100
snake_bite,100
the_vivid_old_tale_(project_sekai),100
inner_ego,100
training_outfit_(fire_emblem_engage),100
holding_another's_horns,100
ox_guard,99
temperance_(tarot),99
fake_scrollbar,99
siegrunen,99
head_between_knees,99
leaf_censor,99
battroid,99
bellows_camera,99
frosted_glass,99
art_deco,99
archery_dojo,99
colonnade,99
figure_stand,99
jack_of_hearts,99
carrot_on_stick,99
seventh_holy_scripture,99
citroen,99
landolt_c,99
fencing,99
desk_slam,99
lotus_(brand),99
mosaic_art,99
hands_on_another's_thigh,99
plucking_petals,99
danish_flag,99
video_game_cover_(object),99
recipe_(object),99
big_mouth,99
hakutaku,99
miclone,99
head_fuse,99
inconvenient_ass,99
gracidea,99
striped_umbrella,99
mythological_creature,99
green_leg_warmers,99
licking_food,99
stencil_lettering,99
gigandal_federation,99
marmot_ears,99
blu-ray,99
nail_gun,99
transparent_flower,99
pike_(weapon),99
black_smoke,99
paralysis,99
holding_lightning_bolt,99
sks,99
imperial_fists,99
kiss_from_behind,99
glowing_mushroom,99
god_tier_(homestuck),99
menma,99
gucci,99
abs_cutout,99
wa_bunny,99
foot_hair,99
marquee_lights,99
iphone_x,99
ultra_instinct_sign,99
holding_another's_tongue,99
disguised_pyra_(xenoblade),99
grabbing_another's_horns,99
star_color_pen,99
hannya_(arknights),99
sonobeno_high_school_uniform,99
nerd_emoji,99
nahui_mictlan_(fate/grand_order),99
fungi,99
sorashido_academy_school_uniform,99
tsubame_nishi_high_school_uniform,99
mochi_mochi_dance,99
red_feet,99
rise_up_high!_(love_live!),99
faewish_sprite,99
dromas_(honkai:_star_rail),99
hand_under_dress,98
utensil_rack,98
tanuki_costume,98
clitoris_leash,98
character_tattoo,98
water_boiler,98
macbook,98
nazi_flag,98
olympic_rings,98
elevator_operator,98
browning_hi-power,98
seven-branched_sword,98
on_fence,98
shumai_(food),98
webley_revolver,98
fist_shaking,98
8-bit,98
horn_cover,98
choking_on_object,98
earphones_on_animal_ears,98
cookie_jar,98
hair_mustache,98
drawing_on_another,98
adjusting_shirt,98
self-borrowed_hairstyle,98
vibrator_under_pantyhose,98
traffic_officer,98
slovenly,98
time_travel,98
shared_jacket,98
push_down,98
organic,98
portable_barricade,98
boarded_windows,98
arthropod_tail,98
bribery,98
sbd_dauntless,98
bulge_to_face,98
movie_poster_(object),98
shredded_cabbage,98
holding_vacuum_cleaner,98
orange_wrist_cuffs,98
broken_arrow,98
soldier_game,98
glowing_windows,98
spider_web_hair_ornament,98
mogeko_(species),98
nimble_fabric,98
kanagawa,98
extra_horns,98
.96_gal_(splatoon),98
censored_feet,98
high_x_joker_(idolmaster),98
virtuous_treaty,98
nude_pantyhose,98
shiny_trinity_(idolmaster),98
cz_scorpion_evo_3,98
raccoon_nose,98
miracle_wave,98
crescent_tattoo,98
battle_academia_(league_of_legends),98
matching_accessory,98
slicing,98
kinktober,98
stuffed_food,98
blue_wetsuit,98
orange_car,98
balmung_kriemhild_(fate),98
pointing_at_mouth,98
long_table,97
on_mushroom,97
static_cling,97
flourish_(design),97
palm_tree_print,97
lupin_dive,97
heavy_spear_(evangelion),97
mojibake_text,97
kashima_high_school_uniform,97
sword_to_throat,97
adjusting_headset,97
fight_cloud,97
crazy_laugh,97
throwing_food,97
rubber_chicken,97
cylinder,97
tumbler_glass,97
karada,97
electric_toothbrush,97
toilet_paper_tube,97
deaf,97
meandros_trim,97
hokkamuri,97
money-shaped_pupils,97
m3_submachine_gun,97
landship,97
floating_tears,97
apron_aside,97
holding_digimon,97
gradient_outline,97
cyberspace,97
thunder_stone,97
marmot_girl,97
holding_badge,97
holding_own_ears,97
reebok,97
cum_puddle,97
pussy_squeeze,97
cum_bucket,97
ancient_dark,97
unlimited_shining,97
razz_berry,97
emperor's_children,97
rafters,97
wooden_deck,97
bofors_40_mm_gun,97
tsukishima_general_high_school_uniform,97
handgun_cartridge,97
legendary_shield_(tate_no_yuusha_no_nariagari),97
pelisse,97
tri-slosher_(splatoon),97
santa_lily,97
dingir_(fate),97
tarantula,97
fried_food,97
pastel_palettes_(bang_dream!),97
remilia_day,97
leaf_pile,97
heart-shaped_bandaid,97
holding_board,97
kitsune_dance,97
grocery_store,97
2nd_live_tour_~blooming_with_ooo~,97
crimson_moon's_semblance_(genshin_impact),97
miracreation/elegance,97
pillion,96
canned_tuna,96
lsd,96
2d_dating,96
ensis_exorcizans,96
blue_spider_lily,96
turbine,96
sauropod,96
ice_cream_sandwich,96
shelving_book,96
mining,96
holding_chisel,96
wrapped,96
tube_top_pull,96
kiddie_ride,96
bandeau_pull,96
insect_pin,96
flower_wings,96
folded_wings,96
seatbelt_between_breasts,96
mercury_(planet),96
feather_in_mouth,96
anal_grip,96
iaidou,96
water_elemental,96
seven_deadly_sins,96
skeptical,96
advent_deck,96
pokemon_wings,96
jagged_sword,96
remington_model_700,96
arcle_(kuuga),96
multiple_pov,96
people's_liberation_army_navy,96
grey_visor,96
see-through_(psg),96
fake_scan,96
pentagram_hair_ornament,96
nixie_tube,96
mesoamerican_architecture,96
putting_on_earrings,96
spot_the_differences,96
reimu_day,96
fujiwara_takumi's_toyota_trueno_ae86,96
dream_eater_(kingdom_hearts),96
paintbrush_rack,96
muslim,96
mime,96
white_blood,96
torn_sack,96
tiger_pelt,96
tamato_berry,96
beit_(idolmaster),96
huge_claws,96
badger_tail,96
dappled_moonlight,96
pangolin_ears,96
patio_umbrella,96
torn_veil,96
too_many_lipstick_marks,96
fire_hair_ornament,96
dipper,96
colored_lights,96
melting_eyes,96
sandwich_board,96
red_panda_boy,96
playing_chess,96
kanazawa_(city),96
relax_teatime_(project_sekai),96
huge_thighs,96
happy_mille-feuille_(idolmaster),96
sakura_photograph_(idolmaster),96
casket,95
metal_wire,95
clitoris_peek,95
card_with_aura,95
comforter,95
puzzle_piece_hair_ornament,95
implied_orgasm,95
dianthus,95
loud,95
leg_support,95
menstrual_blood,95
green_sleeve_cuffs,95
vulture,95
holding_wind_chime,95
youkai_mountain,95
yobai,95
open_can,95
a-10_thunderbolt_ii,95
mutual_handjob,95
ddd_threesome,95
porthole,95
back_pain,95
imminent_grope,95
leaving,95
fake_play_button,95
scarlet_macaw,95
nodowa_(gorget),95
akatsuhara_empire,95
alstroemeria_(flower),95
floro_(7th_dragon),95
imminent_explosion,95
leaf_on_liquid,95
nike_air_force_1,95
mixed_holding,95
hood_pull,95
proboscis,95
katsu_curry,95
covering_navel,95
donkey_tail,95
heart_to_heart!,95
cum_on_mask,95
se.ra.ph_(fate/grand_order),95
cat_zipper,95
unicorn_boy,95
top!_clover_(idolmaster),95
uwasa_(madoka_magica),95
odogaron_(armor),95
haregi,95
spade_cutout,95
nautilus_(splatoon),95
easy_breezy,95
glorious_azure_costume_(umamusume),95
fake_head_wings,95
ufo_hair_ornament,95
frostbite_set_(zelda),95
koukei_(idolmaster),95
bloom_festival_(project_sekai),95
taiyou_gakuen_uniform,94
winged_weapon,94
obvious_statement,94
popularity_contest,94
banjo,94
bucket_spill,94
fragarach_(fate),94
timeline,94
lace-up_heels,94
hornjob,94
iwagakure_symbol,94
eel_girl,94
stroking,94
trophy_head,94
diesel_locomotive,94
sennin_mode,94
colorpoint,94
animal-themed_vehicle,94
smoke_ring,94
lottery,94
grabbing_own_tail,94
wyrm,94
i-beam,94
nail_file,94
own_cum_in_mouth,94
folding_clothes,94
intertwined_hair,94
rope_ladder,94
hanging_flower,94
fushimi_inari_taisha,94
after_birth,94
pink_car,94
southern_cross_academy_school_uniform,94
anthias_(fish),94
notched_neckline,94
canopy_(shelter),94
hyadain_no_kakakata_kataomoi_-_c,94
tequila,94
lorem_ipsum,94
qujupao,94
wristwear,94
night_lords,94
hand_grater,94
en'enra,94
skull-shaped_pupils,94
snow_camouflage,94
jacket_over_head,94
genkou_youshi,94
no_hood,94
s.e.m_(idolmaster),94
patio,94
dispersion_(optics),94
flower_in_drink,94
bomb_hair_ornament,94
azuna_(love_live!),94
phone_stand,94
windwheel_aster_(genshin_impact),94
ofuda_on_leg,94
r.b._(identity)_(project_moon),94
gotcha_driver,94
choker_pull,94
2024_attempted_assassination_of_donald_trump,94
josho_kiryu_(love_live!),94
game_link_cable,93
twisted_breasts,93
combo_counter,93
foot_on_breast,93
offering_hand_to_another,93
no_undershirt,93
prehistoric,93
gyokuto_high_school_uniform,93
magazine_ejection,93
drill_polearm,93
high_jump,93
meeting,93
self-pornography,93
amaryllis_(flower),93
panties_around_toe,93
leaning_on_self,93
f-18_hornet,93
imminent_double_penetration,93
double_bladed_lightsaber,93
reflective_table,93
blowing_candle,93
clothes_blanket,93
extra_nipples,93
crystal_carillon,93
white_visor,93
wet_lens,93
hibachi_(object),93
too_many_drills,93
gasoline,93
angel's_trumpet,93
card_pendant,93
1985,93
beizi_(clothing),93
dobok,93
scuffed,93
mt._silver,93
covered_underboob,93
open_wetsuit,93
stuffed_crocodile,93
legionnaire,93
help,93
orangette,93
fire_truck,93
unwrapping,93
sword_fight,93
heart_bubbles,93
malaysian_secondary_school_uniform,93
garden_eel,93
mask_around_one_ear,93
komedawara,93
covering_nose,93
vertical-striped_footwear,93
humanized_skin_color,93
holding_hoodie,93
leg_blade,93
full_cowling_(boku_no_hero_academia),93
twin_blades,93
imminent_masturbation,93
foot_against_wall,93
chaldea_summer_memory,93
blue_string,93
2nd_generation_(hololive),93
koala_forest_military_uniform,93
junior_high_schoolmate_(idolmaster),93
starting_gate,93
fade_(haircut),93
grabbing_another's_ankles,93
weirdcore,93
yellow_hands,93
personality_core,92
pipe_organ,92
god_knows...,92
holding_bowling_ball,92
keypad,92
tail_in_ass,92
north_korea,92
one-armed_hug,92
dolphin_print,92
namek,92
sea_bream,92
hand_glasses,92
side_chest_pose,92
ithaca_m37,92
skirt_tied_over_head,92
tv_camera,92
pheasant,92
type_74_(tank),92
percentage,92
kune-kune,92
jumpsuit_pull,92
poke_ball_hair_ornament,92
american_flag_background,92
wooden_porch,92
upright_ahoge,92
partisan_(weapon),92
one_way_sign,92
whitebeard_pirates_jolly_roger,92
tomato_sauce,92
broken_bone,92
blurry_vision,92
lor_starcutter,92
panzer_iii,92
planet_popstar,92
babysitter,92
nekoma_volleyball_uniform,92
exploration_team_badge,92
sloshing_machine_(splatoon),92
rider_gashat,92
mossberg_590,92
seisen_school_uniform,92
rabbit_tattoo,92
shimushu_pose,92
submission,92
poptepipic_pose,92
team_rainbow_rocket_uniform,92
glowing_ears,92
demon_core,92
tetra_dualies_(splatoon),92
holding_cloak,92
two-tone_tube_top,92
coyote_boy,92
camera_feed,92
mejiro_family_(umamusume),92
forehead_blush,92
tonsure,92
detached_eyes,92
dimension_shredder_(e.g.o),92
absolution_(genshin_impact),92
celeb_summer_experience!,92
winged_sleeves,92
stay_gold_clan_(umamusume),92
long_shadow,91
negi_suppository,91
penis_growth,91
close-quarters_combat,91
lamborghini_countach,91
banana_in_mouth,91
table_flip,91
manly_tears,91
bound_fingers,91
removing_necktie,91
cling,91
hello_kitty_print,91
hips_in_air,91
pillar_of_light,91
walk_cycle,91
strip_poker,91
pi_(math),91
strawbell_bell,91
crank,91
parsley,91
arc_de_triomphe,91
folding_bicycle,91
thistle,91
phoenix_wings,91
too_many_pikachu,91
basil_leaf,91
unworn_ring,91
chipped_sword,91
x-wing,91
holding_pitcher,91
improvised_vase,91
team_plasma_uniform,91
white_cane,91
menacing,91
wooden_stairs,91
scene_cut,91
type_10_(tank),91
diamond_(minecraft),91
multiple_tongues,91
blacksmith_tongs,91
unworn_bracelet,91
evidence_board,91
cinderella_dream_(idolmaster),91
artillery_shell,91
bitten,91
barbed_tongue,91
constellation_(love_live!),91
inside_pocket,91
rosenburg_engel_(idolmaster),91
triangle-shaped_hair,91
macaron_background,91
crab_print,91
homeworld_lapis_lazuli_uniform,91
thousand_yard_stare,91
guilty_kiss_(love_live!),91
patissier,91
hallelujah_essaim,91
laser_cannon,91
constellation_hair_ornament,91
niedersachsen_military_uniform,91
herbarium,91
studded_thigh_strap,91
holding_acorn,91
bloblobber_(splatoon),91
mole_on_ear,91
feather_(magia_record),91
yd_dancer_outfit,91
plant_print,91
sports_bottle,91
haori_on_shoulders,91
chocolate_on_ass,90
maihama_minami_high_school_uniform,90
flickering,90
pope,90
vectors,90
excessive_lactation,90
nipa~,90
wake_(wave),90
banana_hair_ornament,90
living_shadow,90
servant,90
celtic,90
cum_in_nipple,90
kamakura_(city),90
operating_table,90
stress,90
snowbell_(flower),90
rotating_light,90
veiny_pectorals,90
holding_nose,90
iris_print,90
dp-27,90
wipers,90
excessive_saliva,90
crocus_(flower),90
ice_cream_scoop_(utensil),90
buffalo,90
seitetsu_academy_school_uniform,90
lifting_animal,90
king_of_clubs,90
eye_slugger,90
convoy,90
brocon,90
polish_text,90
unequal_popsicle_division,90
awake,90
multiple_forms,90
ramp,90
bundeswehr,90
multiple_anklets,90
m6a_seiran,90
gameplay_ability,90
nissan_silvia_s13,90
holding_grass,90
spade_facial_mark,90
tangyuan,90
leaning_in,90
cradle_position,90
red_swim_trunks,90
holding_picnic_basket,90
aquamarine_(gemstone),90
open_window_shutter,90
possum_tail,90
channel_ppp,90
chilla_(arms),90
bandaid_on_wrist,90
head_tail,90
cats_are_scared_of_cucumbers,90
pantyhose_around_legs,90
condom_on_ass,90
personality_excrement,90
spine_sword,90
presenting_penis,90
port,90
see-through_tank_top,90
paizuri_gesture,90
i_do_me!_(love_live!),90
chest_(furniture),89
yellow_sponge,89
kanchuumimai,89
maus_(tank),89
helicopter_tail,89
in_nest,89
lipstick_writing,89
hippie,89
mitsu_uroko,89
lint_roller,89
animal_on_weapon,89
clenched_butt,89
shining_finger,89
ju_87,89
multicolored_pubic_hair,89
marimo,89
horse_costume,89
enveloped,89
print_cup,89
skeleton_costume,89
welding,89
against_bed,89
mechanical_broom,89
crane_stance,89
tentacle_girl,89
m1_carbine,89
suspicious_egg_dish,89
various_blushing_faces,89
d-wheel,89
ahnenerbe_shop_uniform,89
herringbone,89
swinging_(relationship),89
chain_gun,89
soviet_navy,89
hyadain_no_joujou_yuujou,89
open_car_hood,89
long_fangs,89
blood_moon_(league_of_legends),89
custard,89
underbite,89
rabbit_puppet,89
aqua_umbrella,89
planted_shovel,89
tapping_shoulder,89
sengoku_driver,89
minus_sign,89
support_ship_(eve_online),89
dio_brando's_pose_(jojo),89
south_korea,89
muscle_awe,89
markings_on_cheeks,89
front_and_back,89
bandaid_on_tail,89
holding_dart,89
ass-to-mouth,89
crackling_energy,89
let's_draw_pretty_girls_challenge,89
green_flag,89
kosho_academy_school_uniform,89
holding_sarong,89
progrisekey,89
stacked_clothes_dryer,89
sweet_flower,89
fortune_movie_(love_live!),89
miracreation,89
satin_sheets,88
standing_on_sword,88
lip_balm,88
fantasy_seal,88
compensated_molestation,88
ipod_touch,88
chest_stand,88
dam,88
standing_on_torii,88
bidet,88
potty,88
gumball,88
ambush,88
domestic_violence,88
edelweiss_(flower),88
eternal_tiare,88
super_nintendo,88
gravity_suit_(metroid),88
thai_flag,88
regeneration,88
ar-10,88
cranberry,88
stork,88
polyamory,88
boxing_headgear,88
pommel,88
shark_nose_art,88
washtub,88
counting_money,88
blazblue_insignia,88
peeing_on_viewer,88
neko_nabe,88
spoken_dollar_sign,88
blitzball,88
aqueduct,88
beer_keg,88
penis_tattoo,88
location_name,88
inquisition_(warhammer),88
butcher,88
armpit_onigiri,88
digitama,88
barber,88
surgeon,88
in_shadow,88
closed_curtains,88
external_fuel_tank,88
mucus,88
sakamoto_clan_(emblem),88
mane_six_(my_little_pony),88
pulque,88
raijuu,88
tourmaline,88
against_vehicle,88
white_lotus,88
crescent_wand,88
entrenching_tool,88
huge_ears,88
imperial_german_flag,88
khopesh,88
new_wave_(idolmaster),88
feathered_dinosaur,88
disfigured,88
kataphrakt_(aldnoah.zero),88
too_many_condoms,88
amiibo,88
stadium_lights,88
dramatic_stars_(idolmaster),88
true_velocity_rm338,88
chaldea's_stalker_trio,88
yukadon_on_viewer,88
parker-hale_idw,88
mantle,88
^v^,88
crypters_(fate/grand_order),88
yume_e_no_ippo,88
narutomaki_hair_ornament,88
legs_on_another's_shoulders,88
ags_(last_origin),88
head_on_hands,88
golden_shrimp_balls_(genshin_impact),88
cross_in_eye,88
glass_footwear,88
shield_hair_ornament,88
cafe_cuties_(league_of_legends),88
liberator_(exs-tia),88
agemaki_knot,88
servant_summer_festival!_2023,88
molar_boatworks_(identity)_(project_moon),88
sweater_partially_tucked_in,88
cero,87
opening_can,87
red_queen_(sword),87
blade_catching,87
white_santa_costume,87
joke,87
holding_shorts,87
mecha_on_girl,87
beretta_px4,87
walther_p99,87
power_level,87
clitoris_clamp,87
trompe_l'oeil,87
stuffed_raccoon,87
ohagi_(food),87
jeep_(company),87
neck_lift,87
king_of_diamonds,87
apron_basket,87
swordstaff,87
at4,87
backwards_text,87
funnel_(tool),87
green_babydoll,87
fondue,87
throat,87
too_many_dogs,87
air-to-air_missile,87
hydrangea_hair_ornament,87
glowing_snowflake,87
in-ear_earphones,87
single_hand,87
kneading_(behavior),87
chengdu_j-20,87
time_bomb,87
pizza_cutter,87
tsukimi_burger,87
cape_tug,87
wonder_zone,87
kimi_ni_matsuwaru_mystery,87
breaking_through_wall,87
mark_iv_tank,87
beer_tap,87
legendary_shield_(small_shield)_(tate_no_yuusha_no_nariagari),87
bellwall_school_uniform,87
writing_on_ass,87
double-parted_hair,87
letter_print,87
bangs_blown_up,87
tenseiga_(sword),87
holding_hoe,87
mad_burnish,87
acceptor,87
charizard_pose,87
chi_xiao_(arknights),87
holding_canteen,87
holographic_horns,87
ultra_ego_(dragon_ball),87
sweaty_breasts,87
frilled_shrug,87
sage_outfit_(fire_emblem_engage),87
heart_hands_over_eye,87
camera_hold_pose_(han-0v0),87
fanfare!!!_(love_live!),87
maya_(culture),86
assisted_paizuri,86
raccoon_costume,86
tickling_arms,86
mallet_(instrument),86
mini_piano,86
multiple_drills,86
text_tattoo,86
brand_of_sacrifice,86
black_petals,86
ribbon_cable,86
holding_kite,86
upright_69,86
enoshima_electric_railway,86
linked_sausages,86
thermostat,86
atmospheric_reentry,86
electric_locomotive,86
six_of_clubs,86
lunging,86
silicon_creature_(blame!),86
b5n,86
blood_on_eyewear,86
pink_lipstick_tube,86
clinic,86
world_eaters,86
ten_of_diamonds,86
horizontal_comic,86
vtol,86
orange_tube_top,86
brown_wrist_cuffs,86
gear_shift,86
heart_pin,86
senjougahara_hitagi_skirt_lift_pose,86
turian,86
watashi_kininarimasu,86
gardenia_(flower),86
lace-trimmed_umbrella,86
morito_(sidonia_no_kishi),86
table_tennis_net,86
mofuji,86
tuning_fork,86
alondite,86
manzai,86
dao_fu,86
like_an_ero-doujin,86
boot_straps,86
brownie_(food),86
sculpting,86
vans,86
hair_length_switch,86
no_hairclip,86
dino_buckler,86
lexus,86
chili_dog,86
mongolia,86
mess_kit,86
chain_print,86
bondage_gear,86
holding_kickboard,86
mechanical_penis,86
toyota_hiace,86
low-tied_medium_hair,86
skid_mark,86
hero_charger_(splatoon),86
goku_day,86
tawawa_group,86
holding_blindfold,86
dsr-50,86
goddess_of_war_(fate),86
water_blue_new_world,86
gold_pasties,86
oval_background,86
bandages_over_mouth,86
chitin,86
gold_chastity_cage,86
fairy_tail_logo,86
orange_fire,86
waist_tassel,86
holding_napkin,86
kamura_(palico_armor),86
smiley_hair_ornament,86
moai_(koseki_bijou),86
heart_pirates_jolly_roger,86
official_alternate_horns,86
family_bonding,86
backbend,85
videocassette_recorder,85
metal_sand,85
see-through_cutout,85
virus,85
israeli_flag,85
spring_onion_print,85
velvet_room,85
glowing_nails,85
kibasen,85
noogie,85
pen_spinning,85
kingfisher,85
money_in_mouth,85
hercules_beetle,85
tamagoyaki_pan,85
phone_number,85
stuffed_elephant,85
picking_fruit,85
public_yotsuba_middle_school_uniform,85
hokage,85
nintendo_dsi,85
genki_dama,85
trashcan_lid,85
temari_print,85
poking_self,85
austrian_flag,85
basilisk,85
diving_board,85
heart_guitar,85
hand_on_handle,85
fire_stone,85
holding_pokedex,85
lying_on_ball,85
angel_french,85
paisley,85
matoi,85
military_base,85
pteruges,85
packing_peanuts,85
spiral_horn,85
mogura_(nichijou),85
chick_print,85
unworn_leotard,85
ice_dragon,85
tightrope,85
saliva_on_hand,85
secretary,85
milo_and_akouo,85
wet_ground,85
miike_tenta_mitsuyo_(fate),85
tart_slice,85
holding_crutch,85
volume_symbol,85
bijia,85
maginot_military_uniform,85
knot_print,85
twinkle_star_(idolmaster),85
frame_(idolmaster),85
chikage_(bloodborne),85
z-move,85
barbarian_set_(zelda),85
soldier's_set_(zelda),85
blood_on_snow,85
3dio,85
fish_background,85
ayafubumi_(hololive),85
too_many_stickers,85
butterfly_(love_live!),85
spoken_thumbs_up,85
nonfiction!!_(love_live!),85
yellow_eyeliner,85
entity_(lethal_company),85
yamabushi_tengu,84
xbox_(original),84
sledding,84
imac,84
cotton_boll,84
nissan_180sx,84
class_change,84
clogs,84
snowman_costume,84
antelope,84
char_b1,84
straight-arm_salute,84
the_tower_(tarot),84
upside-down_text,84
tiger_hair_ornament,84
chasen,84
shiny_forehead,84
vivienne_westwood,84
labia_ring,84
igeta_(pattern),84
towel_around_breasts,84
breast_pile,84
cork_gun,84
shoving,84
nuclear_explosion,84
pretz,84
astromech_droid,84
projector_screen,84
pollen,84
comfy,84
heart_hands_trio,84
calico_m950,84
nerunerunerune,84
zanscare,84
tutor,84
dark_eldar,84
lotion_play,84
hercules_(constellation),84
licking_shoulder,84
tentacle_in_ear,84
flower_hands,84
suzu_head,84
kangaroo_girl,84
doner_kebab,84
glowing_body_fluid,84
tape_dispenser,84
double_inward_v,84
butterfly_on_hair,84
hex_tails,84
night_sky_sword,84
wet_tail,84
torn_hood,84
antithetical_couplet,84
toyota_supra_mk_v,84
spinning_wheel,84
raijinto_(fire_emblem),84
money_between_breasts,84
google_play,84
torn_blindfold,84
linea_nigra,84
aoshidan_(emblem),84
half-nightmare,84
looking_at_doll,84
twitching_womb,84
overblot,84
bakatare_(hololive),84
poppin'_up!_(love_live!),84
torn_underwear,84
yuigaoka_music_program_school_uniform,84
china_tracksuit,84
spider_web_pattern,84
black_knife_(elden_ring),84
kono_matsuri_ni_yuuyami_iro_mo_(project_sekai),84
blocked_senses,84
sumimi_(bang_dream!),84
crychic_(bang_dream!),84
sleeve_pouch,84
zwei_association_west_uniform,84
ass_mousepad,83
partially_invisible,83
azoth_knife,83
removable_censorship,83
too_many_hearts,83
hardsuit,83
starfruit,83
hand_on_own_opposite_hip,83
object_riding,83
programming_(topic),83
assembling,83
sploot,83
rokurokubi,83
facing_animal,83
imi_galil,83
andromeda_(constellation),83
ice_sculpture,83
naked_kappougi,83
brown_bird,83
ipod_nano_5g,83
nissan_silvia_s14,83
pink_water,83
family_tree,83
hirasawa_yui's_middle_school_uniform,83
urban_camouflage,83
kokiri_sword,83
spice,83
altair_(star),83
prostate_massager,83
unplugged,83
vyshyvanka,83
practicing,83
disappearance_outline,83
green_hill_zone,83
armet,83
licking_back,83
kidokawa_seishuu,83
doufang,83
saberface,83
paint_gun,83
sleepsack,83
stuffed_otter,83
checklist,83
coupon,83
jack_(fish),83
zura_(phrase),83
side_horns,83
mouthpiece,83
nozzle,83
glowing_staff,83
hair_chart,83
torn_bag,83
bohegao,83
roubai_academy_school_uniform_(new),83
drink_pouch,83
sankyoin_academy_school_uniform,83
great_lungmen_logo,83
fuck-me_clothes,83
e-girl,83
royal_bitter_juice,83
capybara_ears,83
indigo_academy_school_uniform,83
osawa_rurino's_cardboard_box,83
anon_tokyo_(bang_dream!),83
huge_hair_bun,83
proud,83
concept_maihime_(idolmaster),83
voodoo,82
cramp,82
curse_seal,82
tileable,82
green_santa_costume,82
eustoma,82
laserdisc_cover,82
indian_flag,82
upward_dog,82
too_many_in_mouth,82
grazing_(livestock),82
caressing_cheek,82
log_cabin,82
nine_of_diamonds,82
chin-chin,82
putting_on_condom,82
surgeon_cuffs,82
unmanned_aerial_vehicle,82
forklift,82
red_cat,82
black_lightning,82
implied_anilingus,82
biopunk,82
okinawa,82
iroha_karuta,82
leopard_2,82
ducking,82
pedal_board,82
point_item_(touhou),82
torn_tabard,82
reflective_weapon,82
weapon_on_wall,82
un_tan,82
uss_enterprise_(cv-6),82
stuffed_squirrel,82
deneb_(star),82
holding_gun_barrel,82
hood_grab,82
grape_stomping,82
foil_(fencing),82
cutie_moon_rod,82
crash_landing,82
moray_eel,82
chile,82
bent,82
holding_clock,82
sos,82
san_francisco,82
shaving_beard,82
juice_carton,82
hiking_pole,82
spiking,82
kel-tec_ksg,82
grand_star_(mario),82
holding_christmas_tree,82
wolf_head,82
kintsugi,82
hot_tub,82
rabbit_cutout,82
character_costume,82
food_on_pectorals,82
knotted_dildo,82
bump_(volleyball),82
hand_in_another's_pants,82
gotterdammerung_(fate/grand_order),82
folding_table,82
bubble_tea_challenge_failure,82
tail_slapping,82
freikugel_(fire_emblem),82
mutekikyuu_believer,82
see-through_shrug,82
favonius_greatsword_(genshin_impact),82
almond_tofu_(genshin_impact),82
footwear_ornament,82
smith_&_wesson_360,82
fenix_uniform,82
traum_(fate/grand_order),82
tulaytullah's_remembrance_(genshin_impact),82
tonari_ni_tatsu_yasashii_anata_e_(project_sekai),82
spiked_arm,82
dr._ratio's_book_(honkai:_star_rail),82
luggage,81
slow_motion,81
mig-29,81
attic,81
lancia_(brand),81
fireseal,81
aspis,81
tree_costume,81
sitting_on_mushroom,81
koropokkuru,81
defibrillator,81
green_shell_(mario),81
princess_peach's_castle,81
tongue_suck,81
nes,81
towel_pull,81
object_in_bra,81
gong,81
stealth_footjob,81
draco_(constellation),81
studio_lights,81
japanese_flag_print,81
limbo,81
watchtower,81
holding_ray_gun,81
zabaniya_(fate),81
caterpillar_girl,81
plasma_sword,81
diamond_plate,81
edo_tensei,81
moon_(symbol),81
sleepwalking,81
shopping_basket_cart,81
pink_carnation,81
wheel_of_dharma,81
shih_tzu,81
k9_(dog),81
paper_in_mouth,81
tidal_wave,81
sig_sg550,81
skinned,81
servo-skull,81
canele,81
thrown,81
cleaning_gun,81
powder,81
droneboat_(eve_online),81
holding_harpoon,81
m1917_enfield,81
whoop_catsuit,81
casteliacone,81
retweet_chicks,81
panchang_knot,81
durindana_(fate),81
saint_snow,81
kanji_hair_ornament,81
stuffed_pegasus,81
mirai_no_bokura_wa_shitteru_yo,81
trishula_shakti_(fate),81
hounskull,81
d20_(die),81
purple_male_swimwear,81
discord_username,81
helltaker_dance,81
tail_around_neck,81
ruined_(league_of_legends),81
awoke_(love_live!),81
bloom_the_smile_bloom_the_dream!,81
hanamusubi_(love_live!),81
double_barrels,80
ran_ran_ru,80
skull_fucking,80
showdown,80
soaking_hands,80
wrist_chain,80
biting_foreskin,80
holding_kinchaku,80
weather,80
rainforest,80
come_at_me_bro,80
hat_rack,80
snake_mouth,80
groin_attack,80
control_stick,80
fake_pregnancy,80
shielding_another_from_rain,80
banana_costume,80
chawan,80
auditorium,80
irori_(hearth),80
tool_kit,80
jack_of_diamonds,80
acorn_(palico_armor),80
simple_flower,80
reflector_(ookami),80
naval_battle,80
destroid,80
type_56_assault_rifle,80
holding_tree,80
unconventional_mermaid,80
poke_flute,80
pp-19_bizon,80
black_moon,80
chevrolet_camaro,80
parrying,80
maxim_gun,80
lockpick,80
arson,80
plasma_pistol,80
amnesia,80
chinese_trumpet_vine,80
vuvuzela,80
binding_blade_(weapon),80
mini_snowman,80
no_skin,80
bluk_berry,80
chesto_berry,80
bmw_m3,80
roadblock,80
too_many_umbrellas,80
jackalope_girl,80
whirlwind,80
milk_mustache,80
master_emerald,80
wet_pavement,80
djinn_equip,80
rocking_school_(idolmaster),80
split_image,80
camouflage_bag,80
doom_cover_parody,80
cz_805_bren,80
lock_seed,80
ku_koro,80
soles_together,80
pussy_grip,80
stage_of_magic_(idolmaster),80
locking,80
siegfried_(sword),80
stuffed_owl,80
cumdrip_through_clothes,80
bone_weapon,80
candy_apple_hair_ornament,80
attribute_slider,80
crocodile_girl,80
pangolin_tail,80
adjusting_dress,80
alternate_art_style,80
necklace_pull,80
ichigo_junior_high_uniform,80
blob_(google),80
solitude_rain_(love_live!),80
secret_distance_(project_sekai),80
holding_floatie,80
green_stem_(e.g.o),80
mirage_pen,80
button_hair_ornament,80
sparkly_spot_(love_live!),80
spiked_cuffs,80
365_days_(love_live!),80
devyat'_association_north_uniform,80
party_whistle,79
chidori_(naruto),79
hebrew_text,79
grind_fiction,79
mesa,79
hiraikotsu,79
norwegian_flag,79
null_bulge,79
leg_brace,79
elevated_highway,79
chain_weapon,79
lure,79
daga_kotowaru,79
cascade_badge,79
wringing_dress,79
barre_chord,79
single_feather,79
stomach_hair,79
voyager_golden_record,79
calculus,79
egret_orchid,79
surfboard_(wrestling),79
erdrick's_shield,79
penis_to_navel,79
kaiouken,79
swan_boat,79
overeating,79
harley_davidson,79
makai_(touhou),79
ripple_star,79
automatic_door,79
rope_bridge,79
poker_face_failure,79
pepsi_nex,79
catherine_cover_parody,79
blowgun,79
pentakill_(league_of_legends),79
madoromi_no_yakusoku,79
frogman,79
horn_bell,79
rebel_alliance_(star_wars),79
solid_eye,79
daewoo_k1,79
corona_(brand),79
kebaya,79
gear_fourth,79
shrimp_tie,79
holding_dog_tags,79
ninomiya_squad's_uniform,79
bite_mark_on_chest,79
torn_belt,79
too_many_fish,79
us_navy_(emblem),79
tail_around_own_waist,79
wireframe,79
headhunting_permit_(arknights),79
super_full_power_saiyan_4_limit_breaker,79
two-legged_horse_(kanji),79
butterfly_in_eye,79
rabbit-shaped_eyewear,79
red_leaf,79
ibispaint,79
eutopia_(love_live!),79
steaming_clothes,79
matis_(nikke),79
immiscible_discord_(project_sekai),79
bite_mark_on_stomach,79
hajime_(idolmaster),79
jerboa_tail,79
upside-down_book,78
sig_p228/p229,78
card_background,78
flogger,78
santoku_knife,78
fudanshi,78
cyber_elf_(mega_man),78
cat_penis,78
triple_anal,78
enoshima,78
inspecting,78
crooked_teeth,78
alcohol_enema,78
tiltrotor,78
j7w_shinden,78
stuffed_giraffe,78
biting_coin,78
mmd_threesome,78
tea_ceremony,78
hogwarts,78
spanking_self,78
smelly_pussy,78
pull,78
hussar,78
millennium_rod,78
p-51_mustang,78
kame_house,78
terrace,78
shure_55sh,78
stuffed_koala,78
protest,78
tourniquet,78
shadow_ball_(pokemon),78
turkey_(bird),78
rome_(city),78
makankousappou,78
philippine_flag,78
lily_servant,78
tentacle_masturbation,78
water_dragon,78
sheet_bite,78
glowing_animal,78
lum_berry,78
disembodied_mouth,78
yatteyan'yo,78
thousand_sons,78
+_-,78
taped_fingers,78
basement,78
wringing_hair,78
door_chain,78
one_year_artist_progress_record,78
broken_finger,78
lemon_blossoms,78
sizzler_plate,78
katano_sukune's_bottle_opener,78
chipmunk_costume,78
unlit_cigarette_in_mouth,78
blade_of_mercy,78
shinju-kan_school_uniform,78
partially_feathered_tail,78
marlin_(fish),78
hand_on_another's_nape,78
flamingo_innertube,78
mystic_dawn_(idolmaster),78
affliction_(darkest_dungeon),78
fantia_logo,78
kirarigaoka_middle_school_uniform,78
picnic_table,78
striped_nails,78
dragon_empery_(emblem),78
gold_lips,78
animal_in_mouth,78
carat_(umamusume),78
traveler's_original_sword_(genshin_impact),78
aramis_high_school_uniform,78
fingers_to_head,78
wonder_magical_showtime!_(project_sekai),78
ironmouse_outfit_art_contest,78
aqua_sleeve_cuffs,78
fell_bullet_(e.g.o),78
awakened_being_(claymore),77
school_wear_(idolmaster),77
celery,77
snow_angel,77
playing_card_print,77
satin_clothes,77
equal_sign,77
tartarus,77
cooking_together,77
underwater_shot,77
knee_boobs,77
webpage,77
psychogun,77
furball,77
blue_shell_(mario),77
brown_garter_straps,77
red_nipples,77
esrb,77
baked_potato,77
dolls_kissing,77
on_ceiling,77
embroidered_legwear,77
hummer,77
dancing_flower,77
tetrahedron,77
501st_joint_fighter_wing_(emblem),77
holding_slingshot,77
garapon,77
backbreaker,77
overpowering,77
bicycle_seat,77
journal,77
shibuya_scramble_crossing,77
cactus_girl,77
pedestrians_only_sign,77
hashihime,77
surgical_scar,77
shelter,77
fifa_world_cup_trophy,77
heart_ahoge_duo,77
saiga-12,77
snowflake_liliput_(idolmaster),77
heart_sutra,77
light_bow_shekinah,77
bass_drum,77
pussy_on_glass,77
c4,77
multicolored_text,77
french_flag_print,77
tda_model_(mikumikudance),77
wharf,77
blood_vessels,77
robin_(bird),77
positive_passion_(idolmaster),77
it's_ok_to_touch,77
paw_cutout,77
shine!!_(idolmaster),77
finger_marks,77
chiappa_rhino,77
eyes_visible_through_headwear,77
trap_of_argalia,77
bee_boy,77
chicken_boy,77
my_mai_tonight,77
single_blank_eye,77
frilled_chemise,77
frilled_leg_warmers,77
hiden_zero-one_driver,77
dildo_under_mask,77
ruqun,77
fuck-me_pasties,77
black_whip_(boku_no_hero_academia),77
flushed_face_emoji,77
amenoma_kageuchi_(genshin_impact),77
christmas_tree_print,77
bat_genome,77
familia_uniform,77
triangle_button,77
blood_from_neck,77
happy_shijo_shugi!,77
green_highlights,77
holding_lightstick,77
tears_of_the_tarnished_blood_(e.g.o),77
great_grail,76
fan_between_breasts,76
tiger_tattoo,76
scratching_back,76
torn_sarong,76
piledriver_(wrestling),76
prehensile_toes,76
standing_at_attention,76
mutual_skirt_lift,76
punishment_game,76
renaissance,76
star_maebari,76
zentai,76
toyota_supra_mk_iv,76
inflatable_chair,76
maltese_cross,76
fetch,76
thigh_ring,76
uh-1_iroquois,76
layout_plan,76
sangheili,76
cable_insertion,76
viewer_self-insert,76
oenothera_(flower),76
simulated_handjob,76
sexual_dimorphism,76
looking_at_map,76
warming,76
adjusting_another's_eyewear,76
eating_contest,76
white_java_sparrow,76
hajimete_no_otsukai,76
shared_pocket,76
georgia_max_coffee,76
kirby's_house,76
drink_me,76
cloak_lift,76
urinary_drainage_bag,76
matilda_(tank),76
pinstripe_sleeves,76
panjandrum,76
taking_notes,76
subarashii_pose,76
not_afraid_anymore,76
hydrangea_print,76
insect_collection,76
geranium,76
surstromming,76
tweedia,76
amabie,76
wizardriver,76
inu-hariko,76
la_black_luna,76
salad_bowl,76
bubble_gun,76
silver_bow_(kid_icarus),76
super_leaf,76
bar_counter,76
levin_sword,76
holding_handlebar,76
jasmine_(flower),76
no_harness,76
toy_dinosaur,76
diamond_ring,76
mercedes-benz_amg_gt,76
mirai_ticket,76
kirakira_patisserie_uniform,76
wing_decorations,76
super_sass,76
fabarm_sat-8,76
ming_dynasty,76
tentacle_arm,76
rabbit_balloon,76
qbz-191,76
kitami_hokuryo_high_school_uniform,76
bouncing_bulge,76
divine_markings,76
mole_on_foot,76
artifact_(genshin_impact),76
glass_shard,76
nail_hair_ornament,76
scramble_fan_festa!_(project_sekai),76
clover_ornament,76
wanwan_wonderful_(idolmaster),76
maigo_no_te_wo_hiku_sono_saki_wa_(project_sekai),76
emblem_ring,76
spiked_sleeves,76
red:birthmark_(song),76
hair_tie_on_wrist,76
soda_(e.g.o),76
dazzling_pearl_(nikke),76
lace-trimmed_wrist_cuffs,76
chin_spike,76
guitar_stand,75
virtual_boy,75
tail_legs,75
too_much_burger,75
dog_lead,75
nashi_pear,75
queen_of_clubs,75
cybertron,75
shure_sm58,75
deodorant,75
monument,75
hard_drive,75
swiss_army_knife,75
troll_(warcraft),75
bean_bag,75
tube_(container),75
tagalog_text,75
booklet,75
showgirl,75
sigma_symbol,75
cocaine,75
guided_crotch_grab,75
type_3_chi-nu,75
peanut_butter,75
electric_wind_instrument,75
print_bed_sheet,75
limousine,75
counting_sheep,75
jaguar_(car),75
ujikintoki,75
pontiac,75
webbing,75
eight_of_spades,75
rose_of_sharon,75
shotel,75
freight_train,75
octagon,75
serpens_(constellation),75
sprite_(drink),75
google_street_view,75
lon_lon_milk,75
f4f_wildcat,75
hamon,75
nude_beach,75
filigree,75
kobe,75
pink_moon_stick,75
giant_insect,75
brown_rabbit,75
kojitsunagi_(pattern),75
mask_on_shoulder,75
wooden_house,75
mouth_out_of_frame,75
symbol_ricochet,75
smelly_penis,75
marble_floor,75
neuralyzer,75
severed_tail,75
higashikata_josuke's_pose_(jojo),75
cigarette_candy,75
donut_print,75
screen_door,75
under-stirrup_footjob,75
crystal_night_party_(idolmaster),75
lenny_face,75
energy_tail,75
wooden_plate,75
make_america_great_again,75
flaming_horns,75
donut-shaped_pillow,75
bowser_logo,75
joyeuse_ordre_(fate),75
gutter,75
rgb_lights,75
ballpoint_splatling_(splatoon),75
torn_choker,75
amaurot,75
demon_primarch,75
brown_male_swimwear,75
pointy_chin,75
awakening_beat_(project_sekai),75
possum_girl,75
tech_2_ship_(eve_online),75
clover_background,75
ohananomitsu_middle_school_uniform,75
number_candle,75
stellaron_hunters_(honkai:_star_rail),75
floating_liquid,75
perfect_night_(le_sserafim),75
ijigen_fes_idolmaster_love_live!_utagassen,75
h.s.c.t._(love_live!),75
zenhoi_kyun,75
yume_wazurai,75
universal_federation_army_uniform,74
bulb_pump,74
photocopying_self,74
spoken_money,74
mashed_potatoes,74
turkish_flag,74
galka,74
pornstar,74
dominoes,74
tampon,74
brown_tube_top,74
labrador_retriever,74
dark_angels,74
alpine_(carmaker),74
invisible_object,74
kazunoko_(food),74
stamen,74
sabertooth_cat,74
jetty,74
holding_ribbon_baton,74
pimple,74
art_room,74
diable_jambe,74
chengdu_j-10,74
flower_umbrella,74
shoulderstand,74
no_headband,74
pants_around_ankles,74
berserker_rage,74
multicolored_cat,74
green_facial_hair,74
unworn_bloomers,74
checking_watch,74
larkspur_(flower),74
tortoiseshell_cat,74
ammonite,74
eyelash_curler,74
cake_on_head,74
mobius_strip,74
waterfall_shower,74
stegosaurus,74
ring_pop,74
printemps_(love_live!),74
princess_melody_(idolmaster),74
aincrad,74
energy_ring,74
hair_knot,74
unconventional_weapon,74
coyote,74
coronation,74
note_(gatchaman_crowds),74
bra_tug,74
fast_forward_button,74
grim_reaper_(weapon)_(fate),74
sea_bunny,74
summon_ticket_(fate),74
sumo_sticker_(chaos;child),74
syringe_hair_ornament,74
qingtuan,74
green_pussy,74
deer_costume,74
magatama_print,74
yugakshetra_(fate/grand_order),74
foot_tattoo,74
babyls_school_uniform,74
holding_flyer,74
see-through_strap,74
good_boy_(phrase),74
index_ring,74
civilight_eterna,74
o-ring_legwear_garter,74
salamanders_(warhammer),74
instagram_story,74
7th_popularity_poll_(boku_no_hero_academia),74
animatech_(league_of_legends),74
pill_print,74
soshite_ima_ribbon_wo_musunde_(project_sekai),74
syngup!_(idolmaster),74
ampere_(love_live!),74
uwagi,73
executioner's_sword,73
witches_5,73
netherworld_(disgaea),73
mossberg_500,73
grado_labs,73
pizza_box_computer,73
disposable_camera,73
removing_headwear,73
aerobics,73
blonde_armpit_hair,73
swinging_on_rope,73
yoke_(bdsm),73
bird_feeding,73
smoke_grenade_launcher,73
grabbing_own_stomach,73
sagittal_plane_cutting,73
drive-by,73
b-52_stratofortress,73
spoken_notice_lines,73
burning_at_the_stake,73
unworn_bandana,73
sounding_rod,73
tickling_face,73
kurikinton_(food),73
m79,73
absorbing,73
wind_waker_(object),73
dragon_install,73
flamenco,73
turnip_(mario),73
director's_chair,73
holding_ice_cream_scoop_(utensil),73
cherry_stem_knot,73
uchiko,73
wormhole,73
fan_print,73
bungee_jumping,73
holding_skeleton,73
part_time_job,73
mouse_print,73
red_bodice,73
inverted_umbrella,73
time_tunnel_(madoka_magica),73
burger_skater_(idolmaster),73
child_abuse,73
paper_flower,73
open_suitcase,73
ax_bass,73
ooarai_marine_tower,73
spoken_smile,73
huddle,73
no_ribbon,73
grey_butterfly,73
holding_grater,73
royale_style_(idolmaster),73
legs_on_another's_lap,73
poison_apple,73
three-toned_background,73
multicolored_butterfly,73
fresh_fruits_parlor_(love_live!),73
head_wreath_removed,73
bamboozler_14_(splatoon),73
blue_flag,73
tapping_foot,73
it's_j.j._style!,73
holding_cherry,73
mijuku_dreamer,73
ikoma_squad's_uniform,73
tekoki_karaoke,73
blush_visible_through_clothes,73
sour_model_(mikumikudance),73
gibberish_text,73
implied_self-harm,73
zone_(energy_drink),73
ignihyde_dorm_uniform,73
night_raven_college_labwear,73
silver_legwear,73
kuho_girls_academy_school_uniform,73
lion's_roar_(genshin_impact),73
hoodie_pull,73
carrot_hamburger_steak,73
on-model_vs_in_your_style_challenge,73
shuriken_print,73
royal_greatsword_(elden_ring),73
no_seek_no_find_(project_sekai),73
shark_tooth,73
otter_boy,73
fire_light,73
consent_sticker,73
goddess_(nikke),73
sorry_for_being_sexy_yuni,73
blue_journey_(hololive),73
cream_background,73
sorganeil,73
bygone_days_(e.g.o),73
stitched_wrist,73
itsudemo_itsumademo_(love_live!),73
bromide,72
honda_integra,72
double_neck_guitar,72
star-shaped_cookie,72
lancer_(gears_of_war),72
first_ken,72
holding_spice_shaker,72
tomahawk,72
wasp_girl,72
you_are_already_dead,72
dominator_(bdsm),72
arthropod,72
lion_print,72
triple_vaginal,72
reverse_bikini_armor,72
fender_jaguar,72
rose_window,72
instruction_manual,72
spinning_teacup,72
autopenetration,72
nintendo_ds_lite,72
autogyro,72
apron_grab,72
boeing_747,72
clacker,72
koshirae,72
spiked_shield,72
wiping_pussy,72
thighhigh_removed,72
unmanned_ground_vehicle,72
beast_spear,72
death_devil_(k-on!),72
triumph_(expression),72
after_gangbang,72
kongou_(battleship),72
bloody_footprints,72
gordius_wheel_(fate),72
dhyana_mudra,72
rabbit_ears_antenna,72
heart-shaped_hole,72
holes,72
cross_background,72
smoke_from_mouth,72
sitting_on_leg,72
rice_porridge,72
m21,72
friend_ball,72
partial_transformation,72
food_with_face,72
massager,72
mariachi,72
energon,72
haskap,72
dimension_mirror,72
bleached_hair,72
head_on_another's_leg,72
reveal,72
charisma_gyaru_(idolmaster),72
imminent_hit,72
lapis_lazuli_(gemstone),72
inflating,72
frogging,72
unworn_kneehighs,72
book_on_breasts,72
tachikawa_squad's_uniform,72
f-lags_(idolmaster),72
team_sonic_(sonic),72
stay_fresh_(pose),72
shared_veil,72
play_of_the_game,72
number_background,72
acorn_hair_ornament,72
old_nail_(hollow_knight),72
penguin_hair_ornament,72
cicada_hug,72
teddy_bear_ornament,72
white_tongue,72
crucible_(doom),72
dinosaur_print,72
ak-alfa,72
geissele_urg-i,72
usada_kensetsu,72
silk_flower_(genshin_impact),72
ranger_uniform_(amphibia),72
sun_behind_head,72
side_cut,72
wink_heart,72
holding_straw,72
never_give_up_cooking!_(project_sekai),72
melting_tail,72
bite_mark_on_face,72
nijigasaki_7th_live!_new_tokimeki_land,72
cool_your_head,71
recoil,71
ribbon-trimmed_footwear,71
sake_barrel,71
animal_on_ass,71
commercial,71
beam_shield,71
decal,71
code,71
tournament_bracket,71
italia_mondial,71
sarashi_pull,71
samus's_gunship,71
ravine,71
bookshelf_pov,71
meiji_milk_chocolate,71
cossack_dance,71
octopus_(food),71
trout,71
purple_lightsaber,71
huge_antenna_hair,71
trans-am,71
hungarian_flag,71
on_van,71
generator,71
stuffed_crab,71
luck_and_pluck,71
flaming_arrow,71
chocolate_cigarette,71
doguu,71
morion,71
bead_sex_machine,71
tbf_avenger,71
scout_car,71
great_pyramid_of_giza,71
raspberry_hair_ornament,71
pedestrian_crossing_sign,71
saotome_academy_school_uniform,71
yuruyuri's_starting,71
fire_escape,71
dent,71
estus_flask,71
frilled_tank_top,71
food_in_pocket,71
blue_jay,71
fuzzy_handcuffs,71
pink_sleeve_cuffs,71
thors_military_academy_school_uniform,71
cat_pajamas,71
cardiogram_print,71
seraph_wings,71
lipstick_mark_on_pussy,71
torn_straps,71
stuffed_shrimp,71
bursting,71
napoleonic_wars,71
kaleidostick_(zwei_form),71
mason_jar,71
directional_arrow_hair_ornament,71
haunted_house_(attraction),71
scratching_neck,71
cempoalxochitl,71
binding_shield,71
radiant_light,71
zora_set_(zelda),71
panties_around_feet,71
chocolate_on_pectorals,71
setsubun_shuen_emaki,71
doreking,71
bridal_blade_(fate),71
splat_brella_(splatoon),71
saliva_bubble,71
st._liliana's_academy_school_uniform,71
ghost_ornament,71
ooku_(fate/grand_order),71
veiny_belly,71
drawstring_pull,71
azamaru_(fate),71
death_box_(apex_legends),71
adjusting_apron,71
crossbody_bag,71
thirteen_flame-chasers_(honkai_impact),71
liberation_(fire_emblem),71
absolute_(nikke),71
pursuance_(e.g.o),71
streaked_beard,71
yurodiviye_(identity)_(project_moon),71
handjob_gesture_(not_ok),71
crackling_box_(reverse:1999),71
lce_(identity)_(project_moon),71
fangtian_ji,70
parting_water,70
ford_mustang_(1st_generation),70
mitsubishi_f-2,70
time_signature,70
uchiwa_(medium),70
tangle,70
penis_head,70
typhoon,70
stereogram,70
touhou_user_interface,70
paizuri_while_penetrated,70
bassoon,70
portugal,70
face_stretching,70
holding_by_the_ears,70
on_mini_planet,70
beoseon,70
window_shopping,70
shoveling,70
catapult,70
broken_shield,70
kokushi_musou,70
plant_growth,70
firefight,70
black_sheep,70
sleevejob,70
overhead_swing,70
carcinization,70
bnahabra_(armor),70
occluder,70
popping,70
gungnir_(toaru),70
red_shell_(mario),70
pasties_removed,70
scratching_ass,70
astrolabe,70
implied_vaginal,70
bird_on_lap,70
spiral_print,70
multicolored_squares_background,70
poking_head,70
orchid_mantis,70
card_in_hat,70
arashiyama_squad's_uniform,70
metal_pasties,70
capital_ship_(eve_online),70
marine_angelfish,70
frilled_square_(idolmaster),70
rewind_button,70
hose_reel,70
chocolate_hair_ornament,70
touching_another's_back,70
divine_entity,70
torn_hair_ribbon,70
vacation,70
grateful_blue_(idolmaster),70
mini_splatling_(splatoon),70
z-crystal,70
ryuuseitai_(ensemble_stars!),70
potential_unleashed,70
shell_print,70
sr-3mp,70
scrapbook,70
hand_towel,70
dried_flower,70
mixed_horns,70
minaminagi_liberty_academy_school_uniform,70
glowing_scar,70
smash_is_for_good_boys_and_girls,70
honeycomb_(object),70
tentacle_between_breasts,70
0th_generation_(hololive),70
hand_on_own_back,70
instrument_hair_ornament,70
iron_warriors,70
tourbox,70
steam_deck,70
ao_nhat_binh,70
curled_ends,70
see-through_bag,70
boxtie,70
red_dot_sight,70
hand_in_clothes,70
bruise_on_ass,70
monowire,70
gold_scales,70
onion_slice,70
unworn_fake_animal_ears,70
cometik_note_(idolmaster),70
green_penis,70
heart-shift_bracelets,70
comedy_and_tragedy_masks,70
order_dualies_(splatoon),70
identity_(love_live!),70
birdcage_(love_live!),70
shitajiki,69
riding_boar,69
tail_stimulation,69
cum_on_neck,69
mazda_rx-7_fc,69
brown_sleeve_cuffs,69
sword_knot,69
penis_in_swimsuit,69
grey_garter_straps,69
sun_with_face,69
v-22_osprey,69
summary,69
proton_pack,69
dance_pad,69
leap_frog,69
battlesuit,69
cats_are_liquid,69
soul,69
hair_salon,69
dark_signer_uniform,69
various_styles_challenge,69
saboten_pose,69
yada_yada,69
weathergirl,69
mutual_foot_licking,69
form_change,69
washboard,69
distant,69
street_gutter,69
graphic_equalizer,69
energy_whip,69
cryptid,69
stalk,69
dutch_text,69
double_facepalm,69
pitching_mound,69
lawnmower,69
grabber_tool,69
switchblade,69
future_gadget_lab,69
void_cube,69
severed_ear,69
anarchy_symbol,69
shuffling_cards,69
zero_(inazuma_eleven),69
gashadokuro,69
black_iron_great_sword,69
no_leotard,69
arowana,69
brick_oven,69
spinosaurus,69
oyster_pail,69
a_grim_reminder,69
batik,69
bar_chart,69
top/bottom_dynamic_annotated,69
arms_on_another's_shoulder,69
volvo,69
ice_floe,69
valgiris,69
lumiose_city,69
junkyard_dog_mk_iii,69
zastava_m21,69
torii_hair_ornament,69
holding_paint_roller,69
shedding_skin,69
moon_with_face,69
bat_background,69
badger_girl,69
creature_on_hand,69
pumpkin_pie,69
heart_ring_strap,69
free_sex_sign,69
o_arms,69
virtual_youtuber_shiten'nou,69
chima_(clothes),69
hair_petal,69
bandaged_wings,69
leather_footwear,69
word_bearers,69
healing_wand,69
journey_in_the_auspicious_snow_(girls'_frontline),69
necktie_aside,69
mihoyo_icon_parody,69
dream_with_you_(love_live!),69
boku_ga_motteru_mono_nara,69
tail_bondage,69
w_over_mouth,69
hair_elastic,69
ether_aria_(love_live!),69
ambiguous_green_liquid,69
rabbit_paws,68
moonlight_butterfly_(gundam),68
mille-feuille,68
balancing_on_finger,68
unconventional_vibrator,68
weapon_across_shoulders,68
etherlite,68
save_the_queen,68
slums,68
whac-a-mole,68
east_japan_railway_company,68
cat_testicles,68
holding_clothes_iron,68
suuankou,68
hovercraft,68
ghostbusters_uniform,68
windfish's_egg,68
flip-up_sight,68
horse_legs,68
nagato_(battleship),68
petals_in_mouth,68
mashin,68
canis_major_(constellation),68
vibrator_in_leg_garter,68
hifu,68
manatee,68
orange_rope,68
pedal,68
biting_own_hand,68
scribble_background,68
swedish_uniform,68
water_stone,68
red_card,68
type-1_energy_sword,68
batarang,68
yellow_card,68
beetle_horn,68
competitive_sex,68
moccasins,68
blackish_961sp_(idolmaster),68
torn_cloth,68
temple_gate,68
wind_chime_focus,68
a7m_reppuu,68
toy_soldier,68
alice_gear,68
stacked_hats,68
mg3,68
chest_mouth,68
route_66,68
map_background,68
circle_hands,68
bruise_on_shoulder,68
sasumata,68
lamborghini_aventador,68
no_reflection,68
fishing_gear,68
curry_udon,68
transparent_sword,68
fukurodani_volleyball_uniform,68
pet_carrier,68
nissan_skyline_r33,68
liquid_from_mouth,68
ship_interior,68
eyebrows_visible_through_headband,68
ghost_driver,68
torn_overalls,68
vkontakte_username,68
winged_skull,68
peach_slice,68
wrap_towel,68
omoi_yo_hitotsu_ni_nare,68
breast_slider,68
hawaiian_pizza,68
naked_tape,68
aac_honey_badger,68
single_floppy_ear,68
octopus_tattoo,68
multiple_head_bumps,68
qifrey's_atelier_apprentice_uniform,68
true_damage_(league_of_legends),68
daemon_prince,68
feeling_muscles,68
vivid_world_(love_live!),68
mitasarenai_pale_color_(project_sekai),68
mismatched_pasties,68
shinsoo_(tower_of_god),68
myers-briggs_type_indicator,68
uproar_(holostars),68
quilted_headwear,68
beacon_of_the_reed_sea_(genshin_impact),68
pin_(hollow_knight),68
reflection_in_the_mirror_(love_live!),68
splendor_of_onyx_(umamusume),68
bite_mark_on_pectorals,68
bandage_in_mouth,68
hyakkaryouran_(blue_archive),68
hasu_no_sora_karuta_(love_live!),68
electric_screaming_(e.g.o),68
stellar_stream_(love_live!),68
coreflame_(honkai:_star_rail),68
cute_x_subculture_hatsune_miku_design_contest,68
i_am_l,67
night_and_day_amcg_(idolmaster),67
qinglong_yanyue_dao,67
tickling_back,67
bodyboard,67
overhead_door,67
plaid_leg_warmers,67
m202_flash,67
pouring_onto_pussy,67
alcohol_burner,67
planted_shield,67
ringing_artifacts,67
dot_triangle,67
foot_blush,67
deredere,67
dick_in_a_box,67
venus_chain_(sailor_moon),67
tongue_clamp,67
leg_only,67
holding_bars,67
turtleneck_lift,67
camouflage_paint,67
bellyjob,67
lawn,67
wood-burning_stove,67
super_famicom_cartridge,67
gear_second,67
gps,67
shared_hat,67
duel_academy_uniform_(yu-gi-oh!_5d's),67
wig_on_non-human,67
checkered_ceiling,67
holding_detached_steering_wheel,67
welcome_mat,67
unajuu_(food),67
pubic_hair_pull,67
kojiri,67
beast_mode_(evangelion),67
seigetsu_academy_school_uniform,67
ford_crown_victoria,67
contract_monster,67
critical_hit,67
object_to_mouth,67
collapsing,67
unconventional_police_vehicle,67
space_wolves,67
cadillac,67
creamer_packet,67
elbow_cuffs,67
backstab,67
washing_face,67
ch-47_chinook,67
nest_ball,67
shanghai,67
paopu_fruit,67
horse_pussy,67
yellow_babydoll,67
lower_lip_only,67
candy_cane_hair_ornament,67
magnolia_eclair_ii,67
chimera_ant,67
elcan_scope,67
coffee_filter,67
writing_on_hand,67
dekitate_evo!_revo!_generation!_(idolmaster),67
subaru_wrx,67
smersh,67
rose_quartz_(species)_(steven_universe),67
covering_another's_eye,67
tail_scrunchie,67
colored_cum,67
ichigozaka_middle_school_uniform,67
buster_bros!!!,67
han'ei_no_chocolate_gardens_of_valentine,67
junko_day,67
argonauts_(fate),67
heziqun,67
exciting_animal_(love_live!),67
glorious_success,67
sweet_madame_(genshin_impact),67
violetgrass,67
king_penguin,67
stars_we_chase_(love_live!),67
aozora_ni_negau_your_happiness!_(project_sekai),67
thumbs_up_emoji,67
zaft_(gundam),67
cadpat,67
tentacle_legs,67
green_swim_trunks,67
mygo!!!!!_logo_(bang_dream!),67
glowing_chest,67
black_lace_trim,67
figure_stage,66
pavilion,66
aerosol,66
sos-dan_logo,66
boston_crab,66
wolfsbane_(flower),66
barber_chair,66
astronomical_clock,66
water_pump,66
penis_wrap,66
hugging_own_leg,66
uso_da,66
fine_art,66
plant_sex,66
branding_iron,66
pussy_tentacle,66
ojigi_(bowing),66
hands_on_bed,66
cpr,66
bubble_wrap,66
spinning_gun,66
mk_14_ebr,66
peru,66
light_gun,66
stippling_(texture),66
flash_drive,66
technology,66
illumination,66
gypsy,66
academy_city,66
opening_curtains,66
cutting_onions,66
hand_in_underwear,66
lube_on_breasts,66
enma_(mythology),66
towel_tug,66
scissor_doors,66
pipe_wrench,66
stealth_fingering,66
holding_game_cartridge,66
shiny_tambourine_(heartcatch_precure!),66
purple_aura,66
tail_pillow,66
on_finger,66
girl_scout,66
hat_launch,66
golden_egg,66
uta-garuta,66
sh-60_seahawk,66
slaanesh_(symbol),66
fish_cake,66
daihatsu_(landing_craft),66
lobster_girl,66
standing_on_roof,66
blood_on_mirror,66
vaulted_ceiling,66
magnhild,66
kashikoma!,66
food_on_foot,66
early_modern_english_text,66
leotard_removed,66
whale_ornament,66
crystal_eye,66
autoscorer,66
stuffed_hedgehog,66
e_pluribus_unum_(fate/grand_order),66
hero_shot_(splatoon_2),66
glow-in-the-dark,66
onikiri_yasutsuna_(fate),66
watermelon_between_thighs,66
simple_bat,66
implied_breast_milk,66
416_day,66
saiko_heart_(love_live!),66
dark_foreground,66
statue_of_her_excellency_(genshin_impact),66
noctyx,66
ear_wings,66
golden_bough_(limbus_company),66
lamp_(e.g.o),66
zonai_device,66
stellar_jade,66
signet_of_ego,66
thick_back_hair,66
ladybug_(love_live!),66
asymmetrical_eyelashes,66
diamond_dust_(girls_band_cry),66
wonderhorror~!?_na_kimodameshi!_(project_sekai),66
holding_head_wreath,66
checkered_leg_warmers,66
thoracalgia_(e.g.o),66
ceremonial_blade_(honkai:_star_rail),66
open_gift,65
insecticide,65
blue_card,65
sixteenth_rest,65
sprawled,65
trench_knife,65
thumbs_in_pockets,65
pineapple_hair_ornament,65
halftone_outline,65
shell_to_ear,65
film_border,65
applying_bandaid,65
hole_in_ceiling,65
shearing,65
alaskan_klee_kai,65
snow_print,65
sconce,65
height_switch,65
curling,65
monowheel,65
motherboard,65
caliper,65
peugeot,65
no_toilet_paper,65
defecating,65
badger,65
faiz_driver,65
mushi_(mushishi),65
fu_manchu_(mustache),65
nikujaga_(food),65
chugging,65
localized_gravity,65
grid_border,65
socket_wrench,65
hakujou_academy_school_uniform,65
tairyou-bata,65
hunchback,65
spoken_clothes,65
broken_phone,65
imagine_breaker,65
too_many_memes,65
odaiba_middle_school_uniform,65
grapple,65
cauliflower,65
floral_dissolve,65
slime_on_head,65
quicksand,65
brace,65
boulder_badge,65
urameshiya,65
halberd_(airship),65
royal_air_force,65
fretless_bass_guitar,65
money_bath,65
certificate,65
sons_of_horus,65
daijoubu_da_mondai_nai,65
defenestration,65
deflect,65
fox_shadow_puppet_kiss,65
heavy_ball,65
blue_pansy,65
fish_and_chips,65
father-son_kamehameha,65
vat,65
training_tap,65
howl_and_sophie_airwalking,65
impersonation,65
surgical_light,65
carrot_cake,65
liquid_metal,65
nazi_war_ensign,65
dragon_on_head,65
ginger_root,65
stuffed_deer,65
no_cardigan,65
panzer_38(t),65
blooming,65
gravy,65
cleft_anus,65
pantaloons,65
studded_footwear,65
golden_axe_(weapon),65
qbu-88,65
holding_unworn_jacket,65
embroidered,65
giant_squid,65
holding_snowboard,65
aoba_johsai_volleyball_uniform,65
ass_zipper,65
climbing_set_(zelda),65
yellow_nipples,65
sprinkling,65
wood_blade_(deltarune),65
rocker-chic,65
inflatable_duck,65
mihoshi_middle_school_uniform,65
non-binary_flag,65
sukoyaka_middle_school_uniform,65
gojou's_imaginary_technique,65
arima_kinen,65
victory_club_(umamusume),65
floating_drapes,65
wingbeat_(e.g.o),65
wonderful_pact,65
gunjou_gakuen_school_uniform,64
va_(phrase),64
zanburg,64
plait,64
zinnia,64
surf_(pokemon),64
warped,64
orrery,64
clitoris_pull,64
swimsuit_around_one_leg,64
la_liga,64
multiple_wristbands,64
animal_insertion,64
common_kingfisher,64
finger_writing,64
camel_clutch,64
star_destroyer,64
plesiosaur,64
tre_kronor,64
haystack,64
labia_clamps,64
moonbeam,64
hamster_boy,64
tree_hollow,64
pile_of_trash,64
ouija,64
uchigatana,64
kazakhstan,64
drawn_on_eyes,64
embryo,64
hair_fruit,64
deception,64
parkour,64
fgm-148_javelin,64
orange_sleeve_cuffs,64
german_empire,64
freefall,64
circus_tent,64
endless_eight,64
radio_telescope,64
from_ground,64
metal_band_text,64
dog_on_lap,64
chilean_flag,64
gun_gun_cut,64
lariat,64
holding_bamboo_shoot,64
salmiakki,64
red_thong,64
b-25_mitchell,64
h&k_hk417,64
ghoul_(fallout),64
surrendering,64
net_ball,64
against_object,64
alternate_neckwear,64
panty_roll,64
datsun,64
takoyaki_pan,64
foot_on_back,64
squirrel_costume,64
ar-57,64
pocketbook,64
embroidery_hoop,64
pop_art,64
final_smash,64
rainbow_feather_(pokemon),64
agatha_chris_q_outfit_(touhou),64
prism_tower,64
clitoral_circular_saw,64
center_axis_relock_stance,64
dog_treat,64
hair_on_penis,64
breasts_on_shoulders,64
red_penis,64
leash_between_breasts,64
lace-trimmed_blindfold,64
octopus_print,64
censored_thought,64
elephant_boy,64
thigh_cuffs,64
ring_sidelocks,64
chastity_bra,64
originite_prime_(arknights),64
lemur_girl,64
birthday_boy_(twisted_wonderland),64
tsunagaru_connect_(love_live!),64
shoulder_pouch,64
green_snake,64
heart_emoji,64
arc_phone,64
mask_on_belt,64
giant_fork,64
yoitomake_(food),64
hololive_friends_(plush),64
oridigi,64
tsubasa_la_liberte,64
checkered_print,64
side-tie,64
aoku_haruka/flower,64
living_fleshlight,64
roundhouse_kick,63
korg_rk-100,63
cuff_title,63
backscratcher,63
production_line,63
fg42,63
viola_(instrument),63
mechanical_pussy,63
gunbelt,63
holding_headband,63
iwi_jericho_941,63
honda_s2000,63
sharpening,63
horse-drawn,63
menuki,63
dusting,63
light_bulb_above_head,63
sousaphone,63
air_hockey,63
multiple_penetration,63
group_battle,63
confetti_ball,63
cargo_ship,63
gibson_es-335,63
church_bell,63
pj_bass,63
penis_bow,63
akms,63
muay_thai,63
cargo_pallet,63
ishidaki,63
topiary,63
playboy_pokemon,63
tail_garter,63
aragami,63
body_piercings,63
core_medal,63
pokemon_on_leg,63
unworn_blouse,63
piss_bottle,63
mallard,63
flower-shaped_eyewear,63
hanamaru,63
pomf,63
divine_being,63
nopal,63
kickboxing,63
shiso_(plant),63
mechanix_wear,63
creature_on_arm,63
durian,63
ultra_sword,63
hexafusion,63
three_ramen_musketeers,63
holding_tweezers,63
planting,63
scruffing,63
helix_fossil,63
strawberry_pop_moon_(idolmaster),63
tsurikichi_obasan,63
pectorals_on_glass,63
crossguard_lightsaber,63
strawberry_jam,63
logo_hair_ornament,63
arm_snake,63
ram_skull,63
blue_leaf,63
tennomifune_academy_school_uniform,63
mm14,63
art_vs_artist,63
solomon_(singularity)_(fate/grand_order),63
panda_ornament,63
toyota_celica,63
testicle_tattoo,63
kanazawaben,63
holding_pliers,63
ice_cream_print,63
action_camera,63
elementary_schoolmate_(idolmaster),63
kobeni's_car_(chainsaw_man),63
mochidoru_(plush),63
height_envy,63
wah,63
laetitia_(e.g.o),63
fetal_movement,63
smile_of_dreamer_(project_sekai),63
hole_in_ears,63
queen_of_hearts_symbol,63
soyombo,63
coat_around_waist,63
imminent_pocky_kiss,63
colorful_dreams!_colorful_smiles!_(love_live!),63
liella!_second_generation,63
voltaction,63
cat-shaped_eyewear,63
magus_(synduality),63
gyaru_w,63
demonic_creature,63
lifetime_stew_(e.g.o),63
fuzzy_clothes,63
take_the_best_shot!_(project_sekai),63
two-tone_arm_warmers,63
golden_cross_(elden_ring),63
can't_choose_your_own_family,63
edelied,63
smoked_cheese,62
lovebird,62
bound_thumbs,62
tongue_hold,62
king_gainer_over!,62
nagamaki,62
car_part,62
holding_waist,62
bra_in_mouth,62
poltergust_3000,62
webcounter,62
radioactive,62
human_pyramid,62
zebesian,62
double-sided_wrench,62
bootes_(constellation),62
back_alley_alliance,62
ball_hands,62
naval_mine,62
dyson_(company),62
orange_amplifiers,62
lepus_(constellation),62
clipping_toenails,62
spoken_panties,62
shared_sweater,62
live_for_venus_(idolmaster),62
vandalism,62
ucc_coffee,62
odst,62
lewis_gun,62
dieselpunk,62
stealth_cunnilingus,62
blush_(makeup),62
mirialan,62
nipple_weights,62
currency_strap,62
necron,62
great_white_shark,62
orthodox_cross,62
rugby,62
pig_print,62
marmot_tail,62
silver_(metal),62
tank_truck,62
turkey_(country),62
su-57,62
mountain_climbing,62
hand_on_another's_headwear,62
bound_tail,62
unsure,62
t-72,62
wireless_mouse,62
coat_on_head,62
connect_(madoka_magica),62
diamond_princess_no_yuuutsu,62
lupinus_(flower),62
map_pin,62
dental_chair,62
person_on_back,62
archaic_japanese_text,62
entrance_ceremony,62
special_type_2_launch_ka-mi,62
mandarin_orange_slice,62
naan_bread,62
sex_through_torn_clothes,62
double_thumbs_down,62
weapon_rack,62
stuffed_tomato,62
big_mac,62
pentagram_cutout,62
two-tone_sleeve_cuffs,62
pawoo_username,62
sand_bucket,62
eternal_bloom_(idolmaster),62
floating_stairs,62
drillhorn_sword,62
hazard_trigger,62
gudaguda_teito_seihai_kitan,62
kemurikusa_(object),62
fling_posse,62
blurry_eyes,62
qixi_festival,62
neonlight_romancer_(idolmaster),62
overhead_lights,62
gigantamax_(other),62
hometown_(deltarune),62
adoptive_parent_and_adoptive_child,62
red_water,62
pointed_bangs,62
penis_earrings,62
olympus_(apex_legends),62
voy@ger_(idolmaster),62
twitter_verified_checkmark,62
12_billion_yen_incident,62
framed_crotch,62
recollection_(blue_archive),62
gold_eyeshadow,62
gomen_yuuka,62
kamisama_datte_kimerarenai,62
on_jet_ski,62
koi_koi_cafe_(ensemble_stars!),62
paradise_private_academy_school_uniform,62
hellomegu!,62
suburb,62
xiaohongshu_watermark,62
holding_frog,62
p_corp_uniform,62
compass_(love_live!),62
cetus_(constellation),61
torn_sarashi,61
necronomicon,61
slingshot_tan,61
papaya,61
crossdraw_holster,61
quiz,61
umbrella_sword,61
creature_inside,61
inverted_eyelashes,61
lactic_acid_bacteria,61
srw_cover,61
navigator,61
crucifix,61
avatar_base,61
sponge_cake,61
thumb,61
sticks,61
swatting,61
hole_in_sock,61
cherry_girls,61
dance_floor,61
sputnik,61
mickey_mouse_(symbol),61
cargo_aircraft,61
pollution,61
dassault_rafale,61
bonesaw,61
spoon_bending,61
gari_gari-kun,61
steam_from_nose,61
ice_cream_cone_on_head,61
lounge,61
precum_pool,61
woven_hatching,61
wife_and_wife_and_wife,61
notice,61
diamond_hands,61
holding_stapler,61
gem_on_head,61
dive_bomber,61
ophiuchus_(constellation),61
blue-and-yellow_macaw,61
lecturing,61
gibson_sg_(bass),61
instrument_connection,61
floating_gun,61
evidence_markers,61
w_over_head,61
dragon_li_cat,61
support,61
monocular,61
energy_axe,61
knighting,61
leaning_on_ball,61
cow_print_pasties,61
handjob_under_clothes,61
shared_straw,61
long_sword_(sao),61
h&k_hk33,61
duel_(yu-gi-oh!),61
implied_peeing,61
alpaca_hair_ornament,61
crafting_table_(minecraft),61
pencil_to_face,61
team_flare_uniform,61
melee_weapon_(warframe),61
single_antler,61
tokyo_racecourse,61
pinap_berry,61
accidental_touch,61
pendant_removed,61
multicolored_eyeshadow,61
mega_evolution,61
male_futanari,61
throat_grab,61
priticket,61
orokin_(warframe),61
shoulder_support,61
finger_on_forehead,61
boar_tail,61
breast_band,61
sonic_adventure_pose,61
baker_at_bat,61
tsubakigaoka_metropolitan_high_school_uniform,61
holding_compass,61
chinese_border,61
wet_male_swimwear,61
bad_multiple_views,61
grapefruit_slice,61
leech_girl,61
web_shooter,61
white_string,61
ohogao,61
khan_van,61
smc-gumi_(nijisanji),61
leg_on_another's_leg,61
m1904_mastiff,61
rhine_lab_(arknights),61
adoration_(e.g.o),61
taurus_curve,61
ancient_egyptian_architecture,61
awakening_promise_(love_live!),61
pumpkin_head,61
pink_male_swimwear,61
p2020_(pistol),61
carrot_background,61
summer_highschool_(idolmaster),61
food_as_ears,61
two_sidriver,61
sexy_beautiful_(idolmaster),61
ending_celebration,61
secretary_settings_(arknights),61
open_cleavage,61
ankle_tattoo,61
letter_balloon,61
jacket_on_arm,61
licking_lemon,61
official_alternate_hair_ornament,61
bone_in_mouth,61
key_of_like!,61
desu,60
minidisc,60
obi_spin,60
pooka_(odin_sphere),60
hand_drill,60
oblivion_(keyblade),60
holding_alarm_clock,60
fw_190,60
sitar,60
great_dane,60
microphone_between_breasts,60
camouflage_background,60
sarayashiki_junior_high_school_uniform,60
realdoll,60
director,60
orange_leg_warmers,60
fish_on_head,60
gatotsu_stance,60
covered_sideboob,60
jeep_wrangler,60
trapeze,60
pillow_straddling,60
burrito,60
travel,60
nikon_(company),60
skunk,60
aurebesh,60
m1_bazooka,60
licking_own_tail,60
bear_head,60
frostmourne,60
on_leaf,60
dodge_charger,60
front_sitting_split,60
suicide_bomb,60
knee_to_face,60
uniform_number,60
night_vision,60
necromorph,60
gouged_eye,60
single_breast,60
cinemagraph,60
madeleine,60
tiger_mask_(object),60
atm,60
super_affection,60
fist_fight,60
mouthwash,60
extended_upshirt,60
turkey_leg,60
imminent_murder,60
purple_visor,60
toy_horse,60
scrambled_egg,60
hair_color_switch,60
kouryou_academy_school_uniform,60
lunar_eclipse,60
tumbleweed,60
tint_me_(idolmaster),60
leaning_on_broom,60
detached_tail,60
brigandine_(armor),60
rabbit-shaped_pillow,60
holding_portrait,60
raincloud,60
hand_on_bed,60
mikagura_uniform,60
covered_horns,60
sukiya,60
akatsuki_(ensemble_stars!),60
holding_earrings,60
nidaime_wa_alter-chan,60
bellwall_military_uniform,60
straight-laced_footwear,60
zither,60
holding_own_stomach,60
shaped_cloud,60
hylian_set_(zelda),60
flower_clothes,60
chinese_track_school_uniform,60
high_braid,60
holding_sweater,60
paladins_of_charlemagne_(fate),60
love_live!_victory_flag,60
holding_javelin,60
four-finger_handjob,60
thumbs_down_heart_hands,60
holding_rake,60
aventail,60
zushiri_(nijisanji),60
sin_devil_trigger,60
blacksteel_worldwide_(arknights),60
holding_pacifier,60
mab_pa-15,60
good_twins_day,60
savanaclaw_dorm,60
imomochi,60
tentacle_hands,60
flower_on_face,60
sweet_berries_(minecraft),60
fairy_sword_galatine,60
elmo_training_outfit,60
see-through_chemise,60
hololive_christmas_outfit,60
haran_geppaku_futsu_(genshin_impact),60
bone_tail,60
suzume's_chair,60
vivosaur,60
condom_between_breasts,60
blood_on_hat,60
israel-hamas_war,60
tragic_drops_(love_live!),60
tokimeki_fes_tenshi_to_akuma_kara_no_shoutaijou,60
cinq_association_west_uniform,60
hair_around_horn,60
thumb_(identity)_(project_moon),60
sword_surfing,59
naked_pumpkin,59
india,59
severed_penis,59
touching_toes,59
cockatrice,59
panasonic_corporation,59
liftoff,59
leather_chair,59
greatcoat,59
blue_garter,59
pogo_stick,59
faux_text,59
shield_wall,59
gunship,59
purple_sleeve_cuffs,59
dreadnought_(warhammer_40k),59
cepheus_(constellation),59
vaio,59
crossed_weapons,59
fish-shaped_pillow,59
warts,59
musical_note_tattoo,59
locked,59
pov_stabbing,59
naver_username,59
cum_on_goggles,59
licking_tears,59
lion_(macross_frontier),59
type_90_(tank),59
guided_kiss,59
off-color_semen,59
mandolin,59
mentos,59
qawsedrftgyhujikolp,59
island_turtle,59
surprise_buttsex,59
genocide_cutter,59
woof,59
pulled_by_cursor,59
vanilla,59
green_water,59
belarusian_flag,59
the_genesis,59
flirting_10_image_response,59
headdesk,59
puffin,59
ten_of_clubs,59
glyph,59
magazine_rack,59
kv-1,59
petals_on_ground,59
closing_book,59
gliding,59
comp_(megami_tensei),59
eternal_moon_article,59
usb_cable,59
hylian_(language),59
broom_guitar,59
land_rover_(company),59
scabiosa_(flower),59
moscow,59
group_costume_switch,59
g-clef_(suite_precure),59
minifridge,59
miracle_belltier,59
pulling_back,59
power_sword,59
vision_test,59
ribs_(food),59
monkey_bars,59
shooting_through_heart,59
suzuki_jimny,59
aestus_domus_aurea,59
canopy_(forest),59
lobster_claw,59
arakumo_gakuen,59
phalaenopsis,59
ahoge_removed,59
brick_phone,59
barley_tea,59
ak-105,59
choice_scarf,59
hair_sprinkles,59
kotatsnail,59
face_cutout,59
darkin_(league_of_legends),59
war_paint,59
sleeve_pushed_up,59
cum_in_gloves,59
oversized_fork,59
blush_visible_through_hands,59
carbon_fiber,59
jasper_(species)_(steven_universe),59
hamster_on_shoulder,59
sheep_print,59
mankai,59
debt,59
anglerfish_girl,59
rabbit_pasties,59
cyaron!_(love_live!),59
internet_cafe,59
women's_day,59
uninterested,59
coat_hold,59
school_connection,59
print_curtains,59
blackjack_table,59
jackets,59
yellow_fire,59
hoodie_tug,59
cardigan_pull,59
dokuzuhonsha,59
ayanokouji_martial_arts_school_uniform,59
prosthetic_fingers,59
antler_ring,59
true_zangetsu_(shikai),59
instance_domination,59
pill_ring,59
nonexistent_memories_(jujutsu_kaisen),59
crossbuck,59
floor_tiles,59
sticker_on_hair,59
simple_butterfly,59
g_corp._(identity)_(project_moon),59
regret_(e.g.o),59
kanaria_wa_kyuukyou_ni_utau_(project_sekai),59
road_of_radiance_(umamusume),59
mismatched_ear_covers,59
t_corp._(identity)_(project_moon),59
bicep_curl,59
appletrend,59
daydream_mermaid,59
clover_pin,59
wavebox,59
lucky_channel,58
ittan_momen,58
ippen_shinde_miru?,58
too_many_bats,58
oathkeeper,58
double-decker_hamburger_bun,58
nigiribashi,58
goldion_hammer,58
facing_object,58
arwing,58
curry_bread,58
long_face,58
hunting_horn,58
muscular_other,58
urethral_penetration,58
padded_room,58
serie_a,58
lying_on_branch,58
sea_angel_girl,58
nine_of_clubs,58
clean,58
ringer_box,58
aqua_innertube,58
penguin_print,58
lada_(car),58
bunker,58
n1k,58
coin_slot,58
cum_on_horns,58
resurrection,58
shared_artificial_vagina,58
glowing_bird,58
peekaboo,58
brachiosaurus,58
czech_flag,58
malaysia,58
kakyoin_noriaki's_pose_(jojo),58
obscured,58
interlocked_mars_symbols,58
dragon_dance,58
snowy_owl,58
oerlikon_20mm_gun,58
hand_in_thighhighs,58
glass_door_refrigerator,58
goosebumps,58
heart_border,58
heart_floating_above_hand,58
face_hold,58
enter_enter_mission!,58
holding_hood,58
veiny_feet,58
infinity_gems,58
drivesuit_(pacific_rim),58
white_freckles,58
zombie_costume,58
implied_lactation,58
goggles_around_arm,58
palestine,58
chromodorid,58
ecdysis,58
flower_on_mouth,58
imagawayaki,58
itunes_card,58
s.o.n.g._uniform,58
brynhildr_(tome),58
grape_juice,58
mouse_hair_ornament,58
kaioushin,58
holding_painting,58
anzio_ironworks_20mm_rifle,58
gram_(fate),58
webley-fosbery_automatic_revolver,58
brown_butterfly,58
larger_female,58
lasagne,58
hop?_stop?_nonstop!,58
angel_day,58
1st_generation_(hololive),58
noodle_stopper,58
imminent_facesitting,58
loser_kings,58
otaru_(hokkaido),58
chicken_sandwich,58
vk-47_flatline,58
wolfhook_(genshin_impact),58
bullet_scar,58
good_thighs_day,58
spiked_legwear_garter,58
censored_testicles,58
ancient_dragon_(elden_ring),58
ankh_print,58
hand_on_book,58
mephistopheles_(project_moon),58
lobotomy_corporation_logo,58
kazami_uniform,58
sprout-shaped_pupils,58
neckbeard,58
blue_dougi,58
pulling_tongue,58
skull_pauldron,58
spiegel_replica,58
candle_on_headwear,58
holding_detonator,58
whimstar_(infinity_nikki),58
different_zoom_layer,58
trailblazer_bash!_(umamusume),58
sunfaded_(idolmaster),58
king_of_pearl_360_(idolmaster),57
balsamic_vinegar,57
crossed_knees,57
dystopia,57
tanbi_kei,57
medi_gun,57
thirty-second_note,57
timpani,57
rocket_engine,57
maetenkan,57
rod_of_asclepius,57
butt_bump,57
against_chalkboard,57
beretta_93r,57
wig_stand,57
1994,57
aircraft_turret,57
airbrush,57
hokora_(shrine),57
buttercup_(flower),57
hinduism,57
daemonette,57
biting_testicles,57
circle_k_sunkus,57
it's_not_you._sit_down,57
wing_flapping,57
vdv,57
yellow_pillow,57
school_bus,57
combined_attack,57
nissan_350z,57
stitched_chest,57
saddle_blanket,57
judo_throw,57
same-hada,57
tardis,57
pc_engine,57
soviet_air_force,57
role_play,57
energy_orb,57
ford_crown_victoria_(2nd_generation),57
catwalk_(modeling),57
jelly_cube,57
perseus_(constellation),57
sex_slave,57
yuiazu_(unit),57
earth_elemental,57
stuffed_goat,57
breathing_ice,57
teikoku,57
star_power_stick,57
implied_hetero,57
status_bar,57
rainbow_trail,57
nanab_berry,57
republic_of_china_school_uniform,57
peppermint,57
golden_gate_bridge,57
flab,57
cinders,57
plurk_username,57
destroyer_(eve_online),57
undone_cross_tie,57
seidouzan,57
black_arm_garter,57
imminent_vomiting,57
hanging_from_ceiling,57
uss_iowa_(bb-61),57
holding_cum,57
wall_cross-section,57
related,57
skeleton_horse,57
coffee_milk,57
kobold,57
holding_neckerchief,57
wrapping_paper,57
candy_heart,57
pinyin_text,57
prime_warframe,57
drawn_flower,57
kageura_squad's_uniform,57
serving_tray_(bdsm),57
komakasugite_tsutawaranai_monomane_senshuken,57
annihilate_ray,57
mizutsune_(armor),57
polka_dot_shadow,57
gudaguda_meiji_ishin,57
dodge_viper,57
fensalir_(fire_emblem),57
pirate_faction_(eve_online),57
thousand-men_pin,57
glooga_dualies_(splatoon),57
glass_container,57
takanoori_middle_school_uniform,57
cheese_hair_ornament,57
avocado_academy_school_uniform,57
white_whale,57
rope_fence,57
festival_jinbei,57
failnaught_(fire_emblem),57
tentacle_hair_ornament,57
power_rack,57
demon_king_academy_school_uniform,57
feeding_animal,57
fish-flavored_toast_(genshin_impact),57
brush_holder,57
heian-kyou_(fate/grand_order),57
holding_glass_shard,57
summer_junior_highschool_(idolmaster),57
15-nin_no_richiteki_na_megane-tachi,57
feet_in_food,57
emotion_(love_live!),57
loose_kimono,57
magnum_boost,57
anglerfish_boy,57
star_o-ring,57
ten_no_hate_no_phoenix_e_(project_sekai),57
blueberry_academy_(emblem),57
rosespanner_workshop_(identity)_(project_moon),57
collarbone_peek,57
horn-shaped_hair,57
notes_of_grandeur_(umamusume),57
mamool_ja,57
shiny_cats_pact,57
multiple-barrel_gun,56
walfas,56
achilles_tendon,56
bakunetsu_god_finger,56
two-tone_scrunchie,56
short_messy_bangs,56
unconventional_broom,56
iron_claw,56
maru_ni_juumonji_(crest),56
soul_edge_(weapon),56
giga_drill_break,56
knights_templar,56
fn_minimi,56
monday,56
doll_panty_check,56
africa,56
grape_hyacinth,56
double_fingering,56
king_game,56
b-29_superfortress,56
battle_chip,56
horseshoe_crab,56
yakisoba_spill,56
yearbook,56
jizaikagi,56
ram_(computer),56
ff_gradient,56
antarctica,56
leaning_tower_of_pisa,56
sherman_firefly,56
n.u.n.s.,56
high_chair,56
chemistry_set,56
artificial_insemination,56
no_apron,56
at-at,56
hexapod,56
red_garter,56
ah-1_cobra,56
shorts_tug,56
trigonometry,56
red_ginger_(flower),56
kitchen_range,56
leucochloridium_paradoxum,56
patio_swing,56
mini_4wd,56
ring_toss,56
velcro,56
carrot_juice,56
haidate,56
cat_tattoo,56
plugging_ears,56
blood_on_sleeves,56
tetra_(fish),56
tree_bark,56
tsuutenkaku,56
smiley_print,56
folding,56
bear_charm,56
pink_garter,56
the_best_schoolmate_(idolmaster),56
candy_stick,56
head_removed,56
petunia_(flower),56
single_pasty,56
hockey_sweater,56
yellow_aura,56
alternate_bottom_wear,56
jaxa,56
waving_another's_arm,56
dashed_border,56
seidouzan_soccer_uniform,56
austria,56
swedish_flag_print,56
treasure_map,56
clitoral_injection,56
resistance_japan,56
tomato_plant,56
cricket,56
adjusting_belt,56
animal_ear_footwear,56
yuntouxie,56
telekinetic_stimulation,56
burial_blade,56
su----per_cute,56
somua_s35,56
kite_string,56
coil_(dimension_w),56
waders,56
glowing_tongue,56
diatrekhon_aster_lonkhe,56
tomorrow_(konosuba),56
taito_four_seasons_figure_(vocaloid),56
mahou_shoujo_kikou_~prisma_codes~,56
ribeyrolles_1918,56
ocelot_print,56
salem_(fate/grand_order),56
rakko-nabe,56
white_singlet,56
adam_(ensemble_stars!),56
secace_morgan,56
chocolate_chip,56
riding_tricycle,56
suzume_no_oyado_no_katsudou_nisshi,56
flesh_storage_bulbs,56
imperial_russian_army,56
nameplay,56
question_mark_ahoge,56
face_in_armpit,56
bite_mark_on_back,56
tiny_stars,56
start!!_true_dreams_(love_live!),56
blushing_girls_are_cute_(template),56
hourglass_print,56
yukuni_academy_school_uniform,56
aqua_scales,56
hoyolab_username,56
get_over_it._(project_sekai),56
takizakura_school_uniform,56
tsubakisakuhana_school_uniform,56
cutlet,56
satisfied,56
hakusen_(idolmaster),56
zashono_academy_school_uniform,55
lopsided_border,55
sega_game_gear,55
moonflower_(flower),55
flying_train,55
behemoth,55
perimeter_wall,55
no_tsuba,55
pink_visor,55
ventriloquism,55
banquet,55
diaper_changing,55
quadruplets,55
ki-43_hayabusa,55
interlocked_toes,55
brown_bear,55
karl_gerat,55
michiyuki,55
toilet_brush,55
reflector_(photography),55
m240,55
tickling_ass,55
greek_flag,55
double_l,55
su-37,55
soul_eater_moon,55
allium_(flower),55
air_max,55
pussy_juice_in_container,55
crafting,55
marsh_badge,55
stilt_house,55
hakama_removed,55
ikebana,55
kefir,55
animal_on_finger,55
sign_of_khorne,55
cable-stayed_bridge,55
cook,55
tower_shield,55
petri_dish,55
jack_of_clubs_(playing_card),55
dashboard,55
heat_haze,55
vacuum_tube,55
spinach,55
mixed_wings,55
pasteur_pipette,55
star-shaped_buckle,55
auriga_(constellation),55
continue,55
drawing_on_dirt,55
paduka,55
triptych_(art),55
stabbed_heart,55
against_windowsill,55
two-barred_cross,55
treant,55
mutual_tsundere,55
the_nether_(minecraft),55
etwahl,55
adonis_(flower),55
bicycles_only_sign,55
sitting_on_piano,55
shudder,55
kuomintang,55
cut-away,55
biting_another's_tongue,55
on_ice,55
black_materia,55
meringue,55
energy_blast,55
guided_fingering,55
chippendales,55
penis_on_tongue,55
scalp_massager,55
ragdoll_(cat),55
royal_officer_academy_school_uniform,55
type_79_smg,55
black_teeth,55
onahole_job_invitation,55
blurry_text,55
arachne_boy,55
unusually_limbed,55
gatkkeun,55
jet_squelcher_(splatoon),55
otamatone,55
frilled_bag,55
rooster_tail,55
alphabet_blocks,55
zijiang_m99,55
forehead_ui,55
honda_civic_type_r,55
bag_behind_back,55
a~_un~,55
awaken_the_power,55
meikai_no_merry_christmas,55
core_(girls'_frontline),55
kitsune_no_mado,55
squeezer_(splatoon),55
abs_peek,55
bodysuit_aside,55
jevilstail,55
crazy_crazy_(idolmaster),55
framed_cleavage,55
yellow_shrug,55
voices_&_letters_collection!,55
sports_drink,55
lipstick_mark_on_anus,55
wd-40,55
hat_branch,55
chicken-mushroom_skewer_(genshin_impact),55
blacktober,55
dull_blade_(genshin_impact),55
water_on_glass,55
garaho_flip_phone,55
holotori,55
toortsog,55
purple_car,55
pop_in_my_heart!!_(project_sekai),55
gold_rush_(e.g.o),55
silver_jewelry,55
single_detached_legging,55
removing_earbuds,55
pink_donut,55
future_signature_(idolmaster),55
twitter_suki,55
bandaid_on_hip,55
rewind_(nikke),55
wild_hunt_academy_of_arts_logo,55
safety_pin_hair_ornament,55
schale_logo,55
special_color_(love_live!),55
kizu_darake_no_te_de_watashi-tachi_wa_(project_sekai),55
space_phantas-moon_another_christmas,55
zuo_wang_dao,55
hundred-footed_death_maggot_(e.g.o),55
undine,54
vagina_dentata,54
barrel_replica_(type-moon),54
weapon_riding,54
crotch_ribbon,54
no_goggles,54
undressable,54
concertina,54
flat_tire,54
autocycle,54
weichang,54
get,54
motorhome,54
deku_(zelda),54
collateral_damage,54
cougar,54
horoscope,54
dalmatian_print,54
milking_cow,54
storyboard,54
grey_alien,54
all-terrain_vehicle,54
spiral_cheeks,54
head_swap,54
butt_crush,54
amegakure_symbol,54
imminent_tentacle_sex,54
delphinus_(constellation),54
famicom_cartridge,54
sleeper_hold,54
wand_lighter,54
habaki,54
cure_fleuret,54
protect_gear,54
bottle_between_thighs,54
capelet_lift,54
neapolitan_ice_cream,54
silhouette_target,54
na'vi,54
wireless_game_controller,54
vanan'ice,54
irish_flag,54
ak_5,54
malay_text,54
clamps,54
heavy_bolter,54
hands_in_another's_pockets,54
pokeblock,54
ink_splatter,54
holding_leotard,54
spiral_notebook,54
fence_post,54
lure_ball,54
drawing_on_self,54
tying_panties,54
arctic_fox,54
iron_hands_(warhammer),54
papyrus_(font),54
pig_tattoo,54
holding_radio,54
duel_avatar,54
wrap_(food),54
guided_hand_on_cheek,54
eye_in_mouth,54
amemiya_taiyou_(mixi_max_zhuge_kongming),54
hf_murasama,54
usuzan_school_uniform,54
enoki_mushroom,54
keep_calm_and_carry_on,54
peel_(tool),54
houjou_high_school_uniform,54
praise,54
biting_another's_clothes,54
nismo,54
wings_over_eyes,54
adder_stone,54
blown_away,54
diploma_folder,54
singapore,54
kbyd_(idolmaster),54
dark_pit_staff_(kid_icarus),54
panther_pink_(precure),54
bouncing_flat_chest,54
colored_veins,54
fuyuki_(fate/grand_order),54
rapid_blaster_(splatoon),54
rabbits_(ensemble_stars!),54
knights_(ensemble_stars!),54
0w0,54
camouflage_footwear,54
hand_on_breasts,54
peking_opera,54
opening_window,54
break_action,54
synthwave,54
megawatt_(arms),54
flower_box,54
autobomb_(splatoon),54
blue_carpet,54
hypnosis_microphone,54
vepr-12,54
pointillism,54
cryptocurrency,54
ground_pound,54
pantyhose_lift,54
ranking,54
lattice_mast,54
isekai_truck,54
danish_pastry,54
theodolite,54
sparring,54
melting_ice_cream,54
leopard_print_clothes,54
imaginary_scramble,54
tapir_print,54
holding_makeup_palette,54
dock_(tail),54
mute_speaker_sign,54
new_stars_rose_(umamusume),54
sekiba_girls'_high_school_uniform,54
magnum_shooter_40x,54
hermitage_(ensemble_stars!),54
head_on_another's_back,54
shake_shake_fries,54
oshiete_teacher_(love_live!),54
camera_pov,54
phoenix_(love_live!),54
fur-trimmed_wrist_cuffs,54
amphoreus_(honkai:_star_rail),54
naginomori_gakuen_high_school_uniform,53
shirasaya,53
diving_block,53
bird_tattoo,53
orange_arm_warmers,53
phone_sex,53
aoi_academy_school_uniform,53
softball,53
nandeyanen,53
royal_wonder_academy_school_uniform,53
shared_shirt,53
blowtorch,53
mood_swing,53
fur_hair_tie,53
tenor_saxophone,53
ass_rubbing,53
imageboard,53
cpu,53
dodge_challenger,53
pixiv_bottlecap,53
dell,53
nike_dunk,53
blindfold_down,53
icelandic_flag,53
b-2_spirit,53
jerky,53
hand_in_another's_pantyhose,53
holding_apron,53
dump_truck,53
parquet_floor,53
mountain_bicycle,53
afrika_korps,53
rakugo,53
heliconia,53
pinata,53
print_bandaid,53
incoming_fist_bump,53
vietnamese_flag,53
whole_rest,53
tomato_hair_ornament,53
cleaning_rod,53
tundra,53
ninjutsu,53
fanning_breasts,53
h&k_xm8,53
ceremony,53
human_shield,53
headwear_pull,53
empty_bowl,53
swinging_on_web,53
transforming_weapon,53
winter_daphne,53
breasts_on_thighs,53
toecuffs,53
sekiha_love-love_tenkyoken,53
choco_fashion,53
kabuto_zecter,53
sitting_on_robot,53
carrying_pole,53
announcer,53
hanegasaki_academy_school_uniform,53
gravy_boat,53
gondola_lift,53
kirimon_(paulownia),53
too_many_arms,53
hot_plate,53
frilled_curtains,53
olive_branch,53
bulldozer,53
ooo_driver,53
storybook,53
water_wings,53
scam,53
hrunting_(fate),53
standing_on_rock,53
veterinarian,53
model_train,53
nagashi-bina,53
overflowing_bath,53
condiment_packet,53
north_korean_flag,53
death_korps_of_krieg,53
led,53
basket_on_head,53
hash_browns,53
standing_on_animal,53
mellow_yellow_(idolmaster),53
amusphere,53
straight_flush_(poker),53
eggplant_costume,53
radome,53
silo,53
case,53
tesla_(company),53
mouth_bubble,53
inflatable_torpedo,53
mortar_shell,53
youkai_pad,53
threaded_cane,53
plaid_bag,53
kaisendon,53
da_vinci_to_shichinin_no_gansaku_eirei,53
holding_rolling_pin,53
poke_bean,53
gagging,53
outside_of_play_area,53
nut_hair_ornament,53
mondragon_rifle,53
finger_between_breasts,53
broken_spear,53
death_jail_summer_escape,53
bodybuilder,53
loose_skirt,53
after-school_valentines_(love_live!),53
evol_driver,53
flashing_light,53
frilled_arm_strap,53
believe_again,53
manta_ray_girl,53
rhinoceros_tail,53
ruined_orgasm,53
purple_penis,53
imijikarishi_valentine,53
coronavirus,53
meerkat_boy,53
shampoo_challenge,53
diasomnia_dorm,53
ketsui_no_hikari,53
pop_tab,53
paint_on_hands,53
alternate_piercings,53
ice_hair,53
walrus_boy,53
longinus_(weapon)_(fate),53
lavender_melon_(genshin_impact),53
remedial_knights_(blue_archive),53
splashtag_(splatoon),53
sandevistan,53
onion_(pikmin),53
capote_(e.g.o),53
purple_ears,53
lipstick_mark_on_forehead,53
star-shaped_gem,53
holding_bolter,53
youtube_shorts,53
doom_wings,53
two-tone_innertube,53
maple_leaf_hair_ornament,53
happy_enjoy_music!_(project_sekai),53
n_corp._e.g.o_(identity)_(project_moon),53
kirin_(company),52
finger_wrap,52
fractal,52
gypceros_(armor),52
american_civil_war,52
dress-up,52
tripod_(laboratory),52
tiger_dojo,52
caplock,52
augmented_reality,52
eyed_shadow,52
empire_state_building,52
gunkata,52
ribbon_censor,52
string_of_photos,52
spam_(food),52
oppai_ball,52
ink_stamp_sheet,52
ironing_board,52
hobby_horse,52
penis_envy,52
virus_(mega_man),52
zig-zag_pattern,52
charcoal,52
groin_punch,52
half_rest,52
papercraft,52
donbei_tempura_soba,52
barrel_shroud,52
plaid_border,52
shaving_armpit,52
yotsuwari-bishi,52
glowing_knife,52
extra_pussies,52
morph_ball,52
red_snapper,52
duet,52
minebea_pm-9,52
wave_motion_gun,52
t-90,52
twin_blades_of_levianta,52
korg,52
coughing_flowers,52
skull_and_crossbones_tattoo,52
tea_stalk,52
rider_card,52
skunk_boy,52
bowl_boat,52
hands_on_another's_hands,52
polehammer,52
:v,52
cherish_ball,52
staring_contest,52
serrated_knife,52
diddle_diddle,52
strip_tease,52
trampoline,52
record_store,52
yellow_lightsaber,52
green_moon,52
holding_butterfly,52
shrimp_costume,52
security_checkpoint,52
green_aura,52
kris_(weapon),52
head_on_back,52
nutella,52
airfield,52
holding_cassette,52
bruise_on_knee,52
stylish_energy_(module),52
umu_(phrase),52
nyanpassu~,52
curry_roux,52
kazikli_bey_(fate/apocrypha),52
semovente_75/18,52
asymmetry,52
helipad,52
cbj-ms,52
mussel,52
caracal,52
holding_together,52
selfie_prank,52
bouncing_belly,52
thats_not_it,52
shanzha_(fruit),52
armor_girls_project,52
life_points,52
arm_behind_leg,52
mlg,52
digimon_on_head,52
stone_building,52
double_shaka_sign,52
chiss,52
autism,52
iucn_red_list,52
serbu_super-shorty,52
triangle_ring,52
black_tape_project,52
holding_headgear,52
crescent-shaped_pupils,52
triple_action_thunder,52
foot_on_chest,52
one_bar_prison,52
raise_a_suilen,52
zi-o_ridewatch,52
oversized_eyewear,52
chain_pull,52
devil_sword_dante,52
pure_nail_(hollow_knight),52
date_connection,52
mouse_on_shoulder,52
flower_head,52
triclops,52
glowing_neckwear,52
ornate_chastity_cage,52
chaldea_summer_adventure!,52
mole_on_hand,52
aozora_no_saki_kagayaki_wo_oikakete_(project_sekai),52
kumorizora_no_mukou_wa_hareteiru,52
magnum_buckle,52
iron_sting_(genshin_impact),52
idios,52
pinching_belly,52
candied_ajilenakh_nut_(genshin_impact),52
crimson_scar_(e.g.o),52
sanguine_desire_(e.g.o),52
multiple_faces,52
kanazawa_station,52
holiday_(e.g.o),52
celebration!_(love_live!),52
balus,51
qinglong_ji,51
pyrefly,51
synchronized_swimming,51
floating_staff,51
holding_puzzle_piece,51
wall_crash,51
fourth_position_of_the_arms,51
akaname,51
techpriest,51
schwerer_gustav,51
cartesian_chart,51
fur_footwear,51
being_late,51
novel_(object),51
holding_soap,51
absolut_vodka,51
occult,51
mmorpg,51
ahoge_grab,51
options_(shmup),51
lifting_vehicle,51
jaoooo,51
m26_pershing,51
cromwell_(tank),51
spetsnaz,51
noodle_strainer,51
mutual_feeding,51
imminent_bukkake,51
flash_cards,51
measuring_stick,51
mazda_rx-8,51
control_tower,51
bow_of_light,51
light_arrows,51
novelty_sex_toy,51
satellite_cannon,51
only_my_railgun,51
torn_camisole,51
vintage_clothes,51
finger_frame_duo,51
horse_racing,51
glass_cockpit,51
camp,51
shell_pasties,51
holding_eye,51
toy_box,51
broken_neck,51
502nd_joint_fighter_wing,51
russian_air_force,51
hair_as_food,51
new_california_republic,51
pita_(food),51
v_formation,51
sea_otter,51
dish_rack,51
schedule,51
potters_wheel,51
braided_mustache,51
nudge,51
cellphone_display,51
bolt_pistol,51
khajiit,51
dog_head,51
luna_wolves,51
underpants,51
quad_buns,51
placenta_(sidonia_no_kishi),51
ankle_holster,51
throwing_money,51
bleeding_heart_(flower),51
chives,51
glowing_finger,51
saizeriya,51
inkan,51
grepa_berry,51
paper_plate,51
lace-trimmed_tank_top,51
d4y_suisei,51
survey_corps,51
white_dragon,51
marching_melodies_(idolmaster),51
hand_in_jacket,51
licking_another's_arm,51
broken_staff,51
under_armour,51
reflective_eyewear,51
holding_holly,51
unworn_chastity_cage,51
spinning_head,51
hero_roller_(splatoon),51
upswept_hair,51
korean_fire_noodles,51
gun_decal,51
virtual_insanity_(song),51
allagan_tomestone,51
jaguarman_series,51
dokipipo_emotion,51
pride_trooper_uniform,51
mclaren_p1,51
strawberry_bag,51
telstar_18,51
throw_pillow,51
s_i_n_(fate/grand_order),51
batten_japari_dan,51
illusion_cake,51
implied_after_paizuri,51
object_on_bulge,51
beta_pollux,51
hyundai,51
mcm_(brand),51
mega_man_day,51
mihuashi_username,51
wish_song_(love_live!),51
cat_on_chest,51
constellation_crystal_(ff14),51
shinsen_middle_school_uniform,51
ring_light,51
tissue_in_nose,51
spidersona,51
resistance_costume_(amphibia),51
recursive_animalization,51
sumeru_city,51
frost_shard_(e.g.o),51
shinshun!_shishimai_robo_no_oshougatsu_show!_(project_sekai),51
boku_wa_konya_deteiku,51
divine_water_(fate),51
floating_food,51
twinhook_pirates_(identity)_(project_moon),51
shinzou_(ado),51
hololive_gamers_fes_outfit,51
lipstick_mark_tattoo,51
colorfulness_(love_live!),51
chocolate_river_no_sono_saki_ni,51
blade_arm,51
green_arm,51
notched_ears,51
holding_poker_chip,51
camelot_academy_of_chivalry_school_uniform,51
life-size_gardevoir_plush,51
esseling_(infinity_nikki),51
surrounded_by_guns,50
heart's_egg_(shugo_chara!),50
royal_flare,50
bad_vehicle_anatomy,50
manual,50
hitotoshite_jiku_ga_bureteiru,50
reverse_x-ray,50
switzerland,50
shiisaa,50
broom_ribbon,50
mine_(place),50
beamed_thirty-second_notes,50
multiple_seasonal_school_uniforms,50
h&k_sl8,50
nazi_party_pin,50
cafe_mew_mew_uniform,50
longevity_peach_bun,50
mouth_tube,50
penis_nipples,50
scratched,50
mag_(phantasy_star),50
su-47_berkut,50
striped_male_swimwear,50
chest_blush,50
saab_gripen,50
tin_(container),50
last_shooting,50
dotted_eighth_note,50
drawing_mannequin,50
holding_medal,50
leg_behind_shoulder,50
footrest,50
surre_academy_school_uniform,50
no_armwear,50
string_around_wrist,50
muleta,50
power_glove_(nintendo),50
shishi_odoshi,50
handkerchief_biting,50
gullwing_doors,50
shouwa,50
through_page,50
bay,50
salar_de_uyuni,50
holding_rosary,50
robe_slip,50
rainbow_badge,50
thunder_badge,50
hand_wings,50
secretarybird,50
unworn_ascot,50
bear_claws,50
t-65_x-wing,50
cape_umbrella,50
loft_bed,50
historical_american_flag,50
sonic_boom_(speed),50
cracked_shell,50
golf_bag,50
peeler,50
sun_ornament,50
sig_sg552,50
hurt_expressions_of_your_wife_practice,50
bridgestone,50
ointment,50
new_york_city_police_department,50
mugetsu_form_(bleach),50
finger_counting_duo,50
kill_me_dance,50
paramedic,50
character-themed_artificial_vagina,50
durex,50
forceps,50
august1st,50
arcade_stick_template,50
paifang,50
cake_slicer,50
xiangqi,50
areishia_spirit_academy_uniform,50
string_on_pinky,50
conflict_(module),50
divided_highway,50
joya_no_kane,50
schecter_guitar,50
yugoslavia,50
temari-fu,50
welding_torch,50
gorogoro_(sfx),50
crocea_mors_(rwby),50
expressive_object,50
animal_on_stomach,50
muscle_cuirass,50
decoration_(idolmaster),50
tea_leaves,50
ots-12_tiss,50
sheep_head,50
sai_(idolmaster),50
fine_(ensemble_stars!),50
arm_freckles,50
pp-91_kedr,50
digimon_(virtual_pet),50
red_panda_costume,50
ibm_(ajin),50
drawn_star,50
pp-19-01_vityaz,50
vibrator_under_swimsuit,50
sierpinski_triangle,50
kira!_mankai_smile_(idolmaster),50
honey_badger,50
kettlebell,50
pink_chemise,50
nightborne,50
wishful_lily_(idolmaster),50
print_tube_top,50
toni_kensa_(splatoon),50
prosthetic_sword,50
xp-pen,50
oversized_footwear,50
t-back_spats,50
bee_print,50
kickflip,50
see-through_tail,50
clear_marine_calm_(idolmaster),50
crazy_b_(ensemble_stars!),50
blackcliff_slasher_(genshin_impact),50
riding_scooter,50
stele,50
ink_on_clothes,50
raven_guard,50
tenkyuu_chimata_pose,50
username,50
mihuashi_logo,50
r3birth_(love_live!),50
valz,50
majiwaru_senritsu_tomoru_nukumori_(project_sekai),50
fisherman,50
penenko,50
spiked_cock_ring,50
flower_balloon,50
club_facial_mark,50
mushoku_tomei_sai,50
team_31a_(heaven_burns_red),50
holding_hairpin,50
vigilante_crew_(blue_archive),50
da_qian_lu,50
green_leaf,50
aedd_(e.g.o),50
wish_(ado),50
emoji_hair_ornament,50
peacock_feathers_hair_ornament,50
head_between_legs,50
nose_horn,50
racer's_high_(stellar_blade),50
tridecagram,50
uma_stars_(umamusume),50
rise_as_one!_(project_sekai),50
royal_travel_attire_(zelda),50
dutch_braided_ponytail,50
tattoo_between_breasts,50
hymmnos,49
qixie,49
motor_oil,49
condom_balloon,49
hs2000,49
doukyuusei_2_school_uniform,49
periscope,49
multiple_shikishi,49
floral_mint_uniform,49
crossbow_bolt,49
tickling_ears,49
hand_on_shield,49
matatabi_(flower),49
sr-71_blackbird,49
sky_face,49
holding_orange,49
hawker_harrier,49
yellow_spider_lily,49
notepad_(windows),49
uss_enterprise_(star_trek),49
bismarck_(battleship),49
holding_tube,49
lap,49
walkman_e_series,49
hair_raising,49
kiosk,49
karana_mudra,49
stretched_neck,49
magic_circle_floating_ahead_hand,49
khezu_(armor),49
daruma-san_ga_koronda,49
wheat_bundle,49
coiled_cord,49
bell_ringing,49
kabayaki,49
geyser,49
prog_knife,49
kingstone,49
tessaiga,49
piranha,49
scorpion_pose,49
skullcap,49
former_capital,49
floating_character,49
coffee_siphon,49
futa_with_newhalf,49
study_(room),49
earth_badge,49
siren_(borderlands),49
mono-eye,49
ptrs-41,49
on_monowheel,49
cooling_tower,49
throwing_hat,49
chocolate_truffle,49
wicker_furniture,49
timer_ball,49
great_sphinx_of_giza,49
tail_lock,49
togepi_egg,49
pokeblock_case,49
ventilation_fan,49
bible_verse,49
lightning_claw,49
ramekin,49
ebon_dagger,49
burying,49
inn,49
blazefire_saber,49
checkerboard_cookie_hair_ornament,49
person_on_hand,49
folding_stool,49
mutual_impregnation,49
bird_on_weapon,49
blindfold_pull,49
squirting_dildo,49
tendon_(food),49
scho-ka-kola,49
minmatar_logo_(eve_online),49
yuanbao,49
shadowed,49
dream_ball,49
h&k_g28,49
ankle_fins,49
boobies_uniform,49
aqua_male_swimwear,49
monorail,49
charge_blade,49
twin-bush_disguise,49
care_label,49
fallstreak_hole,49
rinne_sharingan,49
sitting_on_mecha,49
implied_drugging,49
washing_clothes,49
weapon_switch,49
baobab,49
pink_leash,49
nero_matsuri,49
bycocket,49
eye_color_connection,49
japanese_castle,49
azalea_(love_live!),49
katori_squad's_uniform,49
legenders_(idolmaster),49
neutrophil,49
raw_egg,49
pokestop,49
animal_band,49
shark_bag,49
huaji,49
skeletal_body,49
pound_cake,49
flower-trimmed_sleeves,49
twitter_sparkles,49
minecraft_axe,49
song_dynasty,49
cool_s,49
squid_print,49
covering_another's_ears,49
lifting_object,49
league_card,49
blutgang_(fire_emblem),49
drawn_nose,49
half-sleeves,49
maginot_school_uniform,49
hell_(chainsaw_man),49
spade_vine_tattoo,49
mafia_(holostars),49
kaenken_rekka,49
family_burger_(chainsaw_man),49
brochure,49
sock_puppet,49
sunsettia_(genshin_impact),49
shinjuku_cat,49
locked_legs,49
kamihama_future_academy_school_uniform,49
see-through_china_babydoll,49
alternate_scar,49
birthday_bloom,49
triple_ahoge,49
yellow_dog,49
bolt_hair_ornament,49
johanna-san_to_mikakunin_no_ai,49
removing_pants,49
glowing_antlers,49
aqua_wrist_cuffs,49
see-through_wrist_cuffs,49
league_club_uniform,49
flower_bush,49
contrast_(idolmaster),49
thumbcuffs,48
nameless_hill,48
glue_stick,48
sos_galactic_patrol,48
tap_out,48
grandma,48
standing_on_desk,48
ideon_gauge,48
borrowing_race,48
we_can_do_it!,48
faceswap,48
utawarerumono_radio,48
ipod_nano_2g,48
obligation_chocolate,48
suiguutou_(juuni_kokuki),48
bonklers,48
cartwheel,48
text_in_mouth,48
onomichi_(city),48
your_tie_is_crooked,48
otaple,48
fax_machine,48
cherry_pie,48
cock_docking,48
licking_another,48
cum_on_picture,48
police_box,48
anaglyph,48
tank_gun,48
licking_eye,48
shared_weapon,48
untied_swimsuit,48
brushguard,48
h&k_p7,48
wrecking_ball,48
manuscript_paper,48
photo_stand-in,48
underwear_on_head,48
holding_slippers,48
kokkuri-san_(game),48
walking_backwards,48
getter_rays,48
have_to_poop,48
inari,48
empress,48
holding_beam_saber,48
hair_over_ass,48
howl's_castle,48
pachinko_ball,48
overalls_removed,48
champagne_coupe,48
kissing_ass,48
floating_lights,48
pom_pom_drawstring,48
oncidium,48
himalayan_poppy_(flower),48
glass_floor,48
bmw_z4,48
brown_streaks,48
apricorn,48
star_hands,48
double_eyepatch,48
buffet,48
shichi-go-san,48
ochazuke_(food),48
lava_bath,48
passion_flower,48
hummer_h1,48
auto_tentacle_sex,48
fuchi_(hilt),48
pussy_steam,48
nachos,48
itsukushima_shrine,48
koopalings,48
castle_dedede,48
male_chest,48
arzuros_(armor),48
camelopardalis_(constellation),48
alternate_print,48
apricot_(fruit),48
polka_dot_towel,48
psycho_frame,48
casserole,48
amused,48
water_spring,48
dressy_alice_(idolmaster),48
cryostasis_pod,48
volumetric_flask,48
tight_bottoms,48
clitoris_cutout,48
spine_bumps,48
caviar,48
gums,48
hakuryuu_(mixi_max_zhuge_kongming),48
kijiyama_north_high_school,48
puppeteering,48
ziploc_bag,48
glowing_pussy,48
margarita,48
oyakodon_(food),48
borscht_(food),48
kazama_squad's_uniform,48
miwa_squad's_uniform,48
imminent_kick,48
shine_sprite,48
icosahedron,48
hand_in_another's_shirt,48
multicolored_male_swimwear,48
twitching_pussy,48
gorka,48
gratin,48
bass_(fish),48
breeches,48
tsunagi_first_middle_school_uniform,48
implied_male_pregnancy,48
duel_academy_uniform_(yu-gi-oh!_arc-v),48
umbrella_on_arm,48
vomiting_blood,48
betting_ticket,48
toaster_(arms),48
pirozhki,48
tsuioku_marionette_(ensemble_stars!),48
daitouren_(fate),48
rabbit_nose,48
folkvangr_(fire_emblem),48
colt_m1877,48
nameko_face_(osawari_tantei),48
leaf_flute,48
kykeon,48
p416,48
nijisanji_gamers,48
indonesian_elementary_school_uniform,48
ningen_mukotsu_(fate),48
bottle_cap_challenge,48
presenting_pectorals,48
pansexual_flag,48
energy_scythe,48
nonstop_story,48
catnip,48
vulcano_caligorante,48
assault_medicine,48
post_orgasm_torture,48
nissan_300zx,48
sa-3_mozambique,48
escape_ad,48
rotating_view,48
aquila_favonia_(genshin_impact),48
wonder_ride_book,48
holding_hair_straightener,48
butchers_nails,48
junpaku_no_anata_e_chikai_no_uta_wo!_(project_sekai),48
e-ming_scimitar,48
cyber_world_(deltarune),48
fluid_sac_(e.g.o),48
gay_male_pride_flag,48
rubbing_hands_together,48
wishing_cairn_(e.g.o),48
notification,48
pink_bird,48
framed_pectorals,48
holoarmis,48
bling-bang-bang-born_(creepy_nuts),48
genyo_yako,48
2024_niconico_cyberattack,48
multicrack_office_(identity)_(project_moon),48
passion!!!!!!_(love_live!),48
protocol._(futsuu_no_keion-bu),48
piecey,48
you_are_my_hero!!_(project_sekai),48
same_face,47
takecopter,47
letter_pose,47
gulping,47
ipod_shuffle,47
dragonfly_print,47
minibow,47
fifth_position_of_the_arms,47
on_magic_circle,47
jalapeno_pepper,47
assless_swimsuit,47
dreamcast_controller,47
mind_rape,47
smashing_guitar,47
gallows,47
orangutan,47
jackhammer,47
curling_stone,47
ronso,47
holding_cotton_swab,47
inverted_moon_of_the_heavens,47
talking_animal,47
tackle_box,47
puppet_show,47
pen_in_mouth,47
tuning_instrument,47
mount_rushmore,47
neck_snap,47
shoe_diva,47
spathiphyllum,47
bison,47
patting_belly,47
awacs,47
souzu,47
hellebore,47
it's_super_effective,47
smokey_eyeshadow,47
alternate_skirt_length,47
fountain_of_dreams,47
powdered_wig,47
elbow_drop,47
akiman_pose,47
anti-aircraft_missile,47
su-27,47
muscle_growth,47
plaid_umbrella,47
pan_flute,47
altering_(agito),47
burdock_root,47
pop_sound_blossom_(idolmaster),47
mobile_infantry,47
zenithian_sword,47
pelvis,47
crouch_start,47
backyard,47
shibarikini,47
neckwear_lift,47
times_square,47
ooze,47
els,47
realization,47
mitsubishi_f1m_pete,47
sr-25,47
stomacher,47
flowjob,47
object_on_lap,47
fluid_on_breasts,47
aura_sphere_(pokemon),47
tumbler,47
tail_between_breasts,47
squirt_bottle_(pokemon),47
bugatti,47
plastic_spoon,47
the_wild_strawberry_(idolmaster),47
keep_this_a_secret_from_everyone_in_class,47
hamster_on_head,47
implied_after_fight,47
datsun_240z,47
battlecruiser,47
jumpscare,47
cow_hair_ornament,47
blue_napoleon_(idolmaster),47
maru_(lagrange),47
okra,47
too_many_wings,47
toy_tank,47
kyoto_tower,47
reindeer_hair_ornament,47
head_on_ground,47
navel_penetration,47
covered_wagon,47
asterisk_(symbol),47
splash_free,47
kickstarter,47
ishukone_corporation_(eve_online),47
heart_image,47
loquat,47
daewoo_k5,47
blood_on_penis,47
chocoboo,47
tie-dye,47
level_difference,47
human_crutch,47
instant_rice,47
imperial_german_army,47
kraken_(splatoon),47
applying_lotion,47
enjin_(idolmaster),47
tulip_(idolmaster),47
rei_no_mizugi,47
gold_sleeve_cuffs,47
holding_paw,47
holding_binder,47
cat_pendant,47
tech_box_(azur_lane),47
reason!!_(idolmaster),47
puzzle_piece_print,47
pudding_hair_ornament,47
flingza_roller_(splatoon),47
spring_roll,47
starlight_(love_live!),47
red_yarn,47
fingers_on_another's_face,47
wrist_computer,47
guided_pectoral_grab,47
wax_seal_hair_ornament,47
multicolored_shrug,47
minazuki_(bankai),47
doll_on_shoulder,47
wood_gradient_hair,47
mazda_mx-5_nd,47
status_effect,47
gold_thong,47
lashers,47
asexual_flag,47
festering_desire_(genshin_impact),47
hoshimi_private_high_school_uniform,47
rubbing_ears,47
eden-gumi,47
subachocolunatan_(hololive),47
legend_still_vivid_(project_sekai),47
alpha_legion,47
reefslider_(splatoon),47
assless_skirt,47
hair_edges,47
boost_buckle,47
silence_(weapon),47
cross-laced_headwear,47
fujinomisaki_school_uniform,47
may_the_4th,47
zanyo_(love_live!),47
trick_&_cute_(love_live!),47
super_earth_salute_(helldivers),47
dakishimeru_hanabira,47
oufi_association_south_uniform,47
white_straps,47
folded_ear,47
hand_on_own_tail,47
old_tales_(nikke),47
chocolate_bath,46
hand_in_buruma,46
dvd_player,46
bongo_drums,46
ghost_(starcraft),46
atai,46
aircraft_marshaller,46
tongue_twister,46
food_delivery_box,46
drooping,46
animal_pov,46
digital_rain,46
bobblehead,46
howitzer,46
corkscrew,46
katamari,46
savoia_s.21,46
fn_mag,46
bleach_(chemical),46
doukyuusei_school_uniform,46
longship,46
sphynx_cat,46
stomach_bulge_grab,46
riding_shark,46
condom_on_object,46
mouse_hole,46
breaking_news,46
isuzu_motors,46
tirol_chocolate,46
no_(gesture),46
electric_panel,46
chagama_(pot),46
carddass,46
colony_interior,46
spinzaku,46
toshima_(tokyo),46
new_year's_eve,46
toothache,46
throwing_petals,46
cunt_busting,46
alexander_anderson's_pose,46
neck_ribbon_tug,46
styrofoam,46
weapon_shop,46
tabako-bon,46
las_vegas,46
medawatch,46
maritozzo,46
sumaki_(action),46
fallschirmjaeger,46
world_w_academy_school_uniform,46
pokemon_between_legs,46
blogspot_username,46
inkblot_test,46
ring_of_fire,46
bug_hunting,46
palm_strike,46
porsche_930,46
golden_butterfly,46
gp-25,46
tortico_cat,46
distortion_world,46
shine_aqua_illusion,46
leopard_pelt,46
chinpo_ni_wa_katenakatta_yo,46
ice_axe,46
orpheus_(inazuma_eleven),46
grated_daikon,46
against_chair,46
cockade,46
poffin,46
training_room,46
h&k_mg4,46
tandem_bicycle,46
keishin_academy_school_uniform,46
touching_forehead,46
radiation_symbol-shaped_pupils,46
carthum_conglomerate_(eve_online),46
ghoul,46
mounted_dildo,46
winch,46
weapon_stand,46
toppo,46
poll,46
gobul_(armor),46
scarf_tying,46
pumpkin_slice,46
afloat_leaves,46
kaalakiota_corporation_(eve_online),46
melty_sweet_(idolmaster),46
symphony_no._765_(idolmaster),46
head_bowed,46
splotch,46
accessories_switch,46
imminent_ejaculation,46
height_growth,46
four-leaf_clover_print,46
vine_tentacle,46
napa_cabbage,46
reebok_pump,46
shoulder_rest,46
shrimp_girl,46
borrowed_inset,46
duck_costume,46
under_the_desk_(idolmaster),46
canadian_flag_print,46
currymeshi,46
nasu_squad's_uniform,46
bookend,46
diagonal-striped_border,46
starfish_print,46
cat_cutout_panties,46
cardbox,46
spiked_ring,46
dog_dildo,46
sieglinde_(sword),46
netsuke,46
on_pumpkin,46
jupiter_cannon_(girls'_frontline),46
halloween_strike!,46
showtime_illusion_(idolmaster),46
the_game_awards,46
spike_(stagecraft),46
takarazuka_kinen,46
midori_(kemurikusa),46
ksvk_12.7,46
watermelon_innertube,46
no_stopping_sign,46
unicorn_print,46
liebe_girls_academy_school_uniform,46
hydraulic_press,46
xbox_series_x,46
under_the_table_(arknights),46
g7_scout,46
sacrificial_sword_(genshin_impact),46
sig_san_511,46
holding_ladder,46
mole_on_testicles,46
blood_on_paper,46
anmin_dreamingribbon_(project_sekai),46
hand_on_bench,46
nachiya,46
rof-mao,46
demons_driver,46
fluffy_clothes,46
dance_on_the_galaxy_(idolmaster),46
marble_phantasm,46
nowhere_(signalis),46
bandage_on_chest,46
land_of_illusion_(e.g.o),46
gauze_on_neck,46
lunacy_(limbus_company),46
thick_testicle_hair,46
heavy_edit_splatling_(splatoon),46
stitched_tail,46
stratagem_(helldivers),46
half-coat,46
street_fighter_6_new_challenger_art_contest,46
hardcore_heart,46
pulling_arm,46
brazilian_twitter_ban,46
bubble_rise_(love_live!),46
karaoke_hasu_no_sora,46
eikyuu_hours,46
stone_bridge,45
rolls-royce,45
wooden_fish,45
film_cartridge,45
musical_note-shaped_pupils,45
holding_pendant,45
magic_research,45
dilation_insertion,45
computer_fan,45
masquerade,45
fraud,45
paffendorf,45
su-33,45
fenrir_(vehicle),45
white_tree,45
separated_wrists,45
labia_stretching,45
newman,45
broken_bridge,45
pig_hair_ornament,45
pipelining,45
daiguren_hyourinmaru_(bankai),45
smearing,45
peacock_print,45
mismatched_nipple_piercing,45
purple_garter,45
food_on_toes,45
helix,45
blood_from_vagina,45
memorial_on_desk,45
tetsuzankou,45
implied_strap-on,45
paella,45
octopus_hold,45
bound_penis,45
jersey_barrier,45
tentacle_underwear,45
school_yard,45
porcupine,45
otome_camellia,45
the_gate_(fma),45
flower_tank_(touhou),45
putting_in_contact_lens,45
yin_yang_tattoo,45
suspenders_removed,45
croatia,45
hypericum_berry,45
torn_buruma,45
blue_blush,45
penis_aimed_at_pussy,45
shooing,45
on_gold,45
naruto_run,45
qbz-03,45
towel_lift,45
magpul_fmg-9,45
christian_private_white_clover_academy_school_uniform,45
pluto_(planet),45
hat_on_lap,45
high_ceiling,45
skull_background,45
in_cart,45
animal_hair,45
flounder,45
armory,45
kilroy_was_here,45
hip_strap,45
giant_of_light,45
scottish_flag,45
divine_spirit_mausoleum,45
tengawara,45
fp-45_liberator,45
shedding_fur,45
flehmen_response,45
white_carnation,45
ear-to-ear,45
keshin_armed,45
hybrid_sight,45
sauber,45
arakumo_gakuen_soccer_uniform,45
ward_(league_of_legends),45
birthday_card,45
cum_in_headwear,45
40mm_grenade,45
zuikaku_(girls_und_panzer),45
butterfly_on_mouth,45
rukh_(magi),45
monogram,45
twinkle_eye,45
hole_in_hand,45
nursing,45
applying_mascara,45
haro_button_badge,45
lion_paw,45
kaga_(aircraft_carrier),45
bolt_cutters,45
teatime_happiness_(idolmaster),45
hot_dog_costume,45
ludwig's_holy_blade,45
star_in_mouth,45
laser_pointer,45
champagne_tower,45
hello_hoshi_wo_kazoete,45
instant_transmission,45
golem_keter_malkuth,45
nipple_stimulation_through_clothes,45
wuxia,45
mochimochi_mascot,45
swastika_tattoo,45
uraeus_astrape,45
kazoo,45
arm_vines,45
shide_hair_ornament,45
ramram_(arms),45
soviet_navy_flag,45
vaping,45
undercover_brella_(splatoon),45
flaming_arm,45
bullet_line,45
round_shelf,45
sparkle_censor,45
minecraft_shield,45
broken_hypnosis,45
superimposition,45
egg_print,45
cross_pin,45
queendom_(love_live!),45
toraware_no_marionette_(project_sekai),45
holding_statuette,45
tails_touching,45
wolf_print,45
latex_sleeves,45
federation_navy_(eve_online),45
sticker_on_chest,45
kagotsurube_isshin_(genshin_impact),45
cross-laced_armwear,45
skol,45
c.first_(idolmaster),45
nani_ga_warui,45
nyannyan_cat's_eye_(idolmaster),45
oriens_(nijisanji),45
steam_hopper,45
broken_wing,45
no_lips,45
dryad_fruit_(dungeon_meshi),45
electric_shock_(nikke),45
dripping_sweat,45
hofmann_knot,45
aerial_hoop,45
blood_on_object,45
aiscream_(love_live!),45
purple_electricity,45
liver_spots,44
catch,44
slushie,44
durandal_(fate),44
jet_bomber,44
attack_points,44
surprise_deepthroat,44
1988,44
greyhound,44
sergeant_(fish),44
dior,44
unconventional_gun,44
tatsumaki_senpuukyaku,44
run_over,44
deck_(architecture),44
digestion,44
shibari_marks,44
monofin,44
railway_gun,44
houndstooth_background,44
stola,44
chick_costume,44
walking_on_railing,44
g4m,44
nap,44
yamaha_kx5,44
round_girl,44
radio_exercises,44
subway_map,44
sitting_in_corner,44
potbelly_stove,44
hanging_bridge,44
ribbon-trimmed_garter,44
black_clouds,44
touching_another's_crotch,44
b6n_tenzan,44
fake_whiskers,44
speedometer,44
inconvenient_horns,44
deviljho_(armor),44
finger_painting,44
pole_vault,44
long_claws,44
oversized_spider,44
movie_projector,44
motorized_unicycle,44
rubber_duck_hair_ornament,44
ushi_no_koku_mairi,44
covering_another's_nipples,44
black_swan_(bird),44
sniping,44
regalia_resplendent,44
bug_print,44
millennium_falcon,44
fumizuki_academy_school_uniform,44
subwoofer,44
dropship,44
hamster_tail,44
instant_noodle_block,44
glowing_fish,44
miasma,44
apricot_blossom,44
glowing_cracks,44
crops,44
holy_water,44
jamaican_flag,44
cyborg_skin,44
single_mechanical_wing,44
korean_national_police_agency,44
aim-120_amraam,44
mutual_penetration,44
holding_shogi_piece,44
mooring_post,44
m110_sass,44
reflective_pavement,44
persim_berry,44
doner_wrap,44
eating_clothes,44
awooo,44
soldering,44
skeleton_snake,44
bee_hair_ornament,44
kayaba_ka-1,44
xbox_one,44
bloopers,44
omanjuu_mascot,44
peperuto_pollon,44
colombia,44
necktie_on_mouth,44
white_scars,44
blanket_over_legs,44
ski_lift,44
japanese_skink,44
saloon,44
tech_3_ship_(eve_online),44
italian_army,44
okeanos_(fate/grand_order),44
armads_(fire_emblem),44
rabbit_eyepatch,44
orleans_(fate/grand_order),44
l.m.b.g_(idolmaster),44
drum_major,44
heart_tan,44
sparky_(arms),44
party_time_gold_(idolmaster),44
anti-tank_missile,44
sexy_gals_(idolmaster),44
holding_bubble,44
calligraphy_scroll,44
beastlord_(sword),44
venus_ark_uniform,44
burnt_tongue,44
cash_cannon,44
fried_fish,44
super_saiyan_blue_evolved,44
stretch_action,44
trolley_problem,44
kure_(city),44
caning,44
howa_type_20,44
suibian_sword,44
leotard_peel,44
doe-foot_applicator,44
orirock_(arknights),44
fur-trimmed_shrug,44
alternate_tail_color,44
awakening_(neural_cloud),44
blinking_lights,44
condom_in_ass,44
rubbing_stomach,44
veiled_sword_(xenoblade),44
manannan_souvenir_valentine,44
chisato_carrying_takina_(lycoris_recoil),44
height_lineup,44
zombie_breaker,44
walk_on_and_on_(project_sekai),44
shielding,44
qute_x_qualm_(idolmaster),44
quads,44
happy_mother's_day,44
chaos_undivided_(symbol),44
dragon_skull,44
kyurumaru,44
crossed_hands,44
milk_slave_maid_(exs-tia),44
neck_tuft,44
over_rad_squad!!_(project_sekai),44
fanghunt_office_(identity)_(project_moon),44
ryegrass_for_haru_urara,44
gran_centurio,43
sumiyoshi_rocket,43
continents,43
open_cylinder_(revolver),43
rain_of_arrows,43
giant_salamander,43
gantz_sword,43
world_trade_center,43
1991,43
sudare,43
red-and-green_macaw,43
shell_bullet,43
shoulder_stock,43
soramimi_cake,43
stuffed_hamster,43
elbow_on_another's_head,43
shared_innertube,43
boat_interior,43
overbite,43
transfusion,43
chiptune,43
disgaea_team_attack,43
mig-21,43
pool_float,43
self_fisting,43
valentine_(tank),43
1986,43
arrow_in_mouth,43
poking_pussy,43
multicolored_bag,43
ear_tug,43
weight_bench,43
impossible_underwear,43
rum,43
1987,43
dictionary,43
shirt_basket,43
tail_vore,43
spread_urethra,43
sword_in_mouth,43
rifling,43
cup_holder,43
cooperative_breast_smother,43
substitution_technique,43
chernobyl,43
presenting_legs,43
clipping_fingernails,43
pouring_from_condom,43
zentlardy_alphabet,43
mouth_visible_through_hair,43
vegetable_juice,43
technical,43
nininbaori,43
spoken_lightning_bolt,43
plasma_rifle,43
flecktarn,43
colonial_marine,43
licking_object,43
st._basil's_cathedral,43
facedesk,43
rum_raisin,43
b-17_flying_fortress,43
quidditch,43
beetle_boy,43
502nd_joint_fighter_wing_(emblem),43
kaguya_day,43
jagdpanther,43
terminal,43
glowing_tears,43
fast_ball,43
double_happiness,43
woolly_mammoth,43
atomic_wedgie,43
fantastic_belltier,43
blue_spine,43
crochet,43
automaton_(object),43
the_one_ring,43
checkered_border,43
pp-2000,43
falling_rock,43
wrappings,43
bed_of_roses,43
cavalry_sword,43
meerkat,43
bok_choy,43
russian_roulette,43
blood_on_pectorals,43
ovulation,43
alice-type_underwear,43
wilt_and_blush,43
usas-12,43
palestinian_flag,43
beretta_model_38,43
panty_cutout,43
stuffed_bat,43
roof_shingles,43
burning_hair,43
h-a-j-i-m-a-r-i-u-t-a-!!,43
candy_island_(idolmaster),43
shift_car,43
weapon_charm,43
dark_mage_(fire_emblem_fates),43
fedex,43
chastity_key,43
torikoriko_please!!,43
cossack,43
blobfish,43
covering_stomach,43
polka_dot_blanket,43
pubic_tattoo_printing,43
licking_own_foot,43
dolman_(jacket),43
dreamstalk,43
green_bean,43
assisted_fellatio,43
call_bell,43
futhark,43
bon_appetit_s,43
what's_in_my_bag,43
mago_berry,43
spoken_no_symbol,43
deflated,43
road_closed_to_vehicles_sign,43
jumbotron,43
looking_at_cup,43
diving_mask_around_neck,43
grass_block,43
aqua_nipples,43
dragon_fist_(dragon_ball),43
spiked_kneepads,43
orihimeboshi_(nijisanji),43
capelet_removed,43
ornament_focus,43
exploration_ship_(eve_online),43
torayamachi_academy_school_uniform,43
dum_sticky_note,43
korean_empire,43
yellow_claws,43
kris_hair_ornament,43
blood_from_ears,43
u-treasure,43
yellow_liquid,43
moose_boy,43
white_wine,43
faded_memories_(e.g.o),43
mabayui_hikari_no_stage_de_(project_sekai),43
you_are_an_idiot_(virus),43
electronic_warfare_ship_(eve_online),43
person_and_furrification,43
lizard_(rain_world),43
pink_(e.g.o),43
halloween_dare_succubus_lingerie,43
zombie_buckle,43
black_leash,43
fish_ornament,43
gold_vambraces,43
kanata_kensetsu,43
imminent_stabbing,43
implied_after_kiss,43
chainsaw_man's_handjob_scene,43
the_rolling_riceball_(idolmaster),43
trinity_metatronius_(fate/grand_order),43
x<,42
indigo_spangle_(idolmaster),42
stormy_waters,42
mini_uzi,42
diabolo,42
food_fight,42
hand_truck,42
shot_lancer,42
cat_between_legs,42
inazuma_kick,42
oversplit,42
windsurfing,42
uguu~,42
kuroobi_(armor),42
ark_angel,42
peacock_hair,42
emperium,42
bath_brush,42
swinging_object,42
imperial_german_navy,42
pinball,42
p-40_warhawk,42
winged_cat,42
unadon_(food),42
cuneiform,42
landing_craft,42
tampon_string,42
c-47,42
tawrich_&_zarich,42
swedish_air_force,42
mehve,42
round_vernian,42
pharmacy,42
balancing_ball,42
revolcane,42
cum_on_wall,42
banana_split,42
xbox_logo,42
rubbing_neck,42
imminent_peeing,42
on_airplane,42
bandonion,42
kissing_skull,42
dried_squid,42
repeat_ball,42
carpet_beater,42
full_scorpion,42
egg_chair,42
skinny_legs,42
smirnoff_(vodka),42
electric_razor,42
exorcism,42
muzzle_gag,42
maltese,42
columbine_(flower),42
geki,42
strapless_dildo,42
vulcan,42
i_don't_have_a_single_regret_in_my_life,42
fuel,42
chauchat,42
mystletainn,42
fibonacci_sequence,42
umbrella_corporation_(logo),42
prs_guitars,42
torigoe_gakuen_school_uniform,42
princess_outfit,42
detachable_thumb,42
bowing_and_scraping,42
toyota_mr2,42
chinese_paper-cut,42
weeping_cherry_blossoms,42
rioting,42
kanji_connection,42
holding_computer_keyboard,42
akagi_(aircraft_carrier),42
glass_plate,42
nue_(phrase),42
heart_container,42
f/a-18e_super_hornet,42
two-headed_eagle,42
yukumo_(armor),42
expectant,42
kimono_tug,42
head_on_own_shoulder,42
holding_sash,42
rei_gun,42
mausoleum,42
basket_hilt,42
oscilloscope,42
fusebox,42
scotland,42
disposable_spoon,42
bucket_of_lava,42
qungua,42
litter_box,42
nuclear_powerplant,42
nanakusa-no-sekku,42
deer_print,42
battle_scarred,42
crab_leg,42
newt,42
router,42
clown_wig,42
nefushutan_no_yoroi,42
stuffed_alpaca,42
more_deban,42
chopper_(motorcycle),42
split_depth,42
kickstand,42
serbia,42
aisle,42
white_lightsaber,42
insect_glaive,42
torn_headband,42
volkswagen_golf,42
plaid_wrist_cuffs,42
holding_ocarina,42
ar-18,42
knapsack,42
california,42
ballot,42
double_beam_cannon,42
eye_of_ender,42
steel_ingot,42
crow's_nest,42
open_gate,42
saint_patrick's_day,42
wiping_hands,42
cake_pop,42
type_96_aa_gun,42
mega_pokemon_(other),42
master_cycle,42
bright_memories_(idolmaster),42
electronic_entertainment_expo,42
yubiwa_high_school_uniform,42
mosasaurus,42
edoben,42
penrose_triangle,42
stolichnaya_(vodka),42
heart-shaped_blush_stickers,42
h-3_nozzlenose_(splatoon),42
single_animal_ear,42
red_teeth,42
cheetah_boy,42
body_cam,42
dragon_tail_steak,42
montsuki,42
halloween_comeback!,42
slut_shirt,42
holding_headdress,42
shotgun_speedloader,42
royal_starlet_(idolmaster),42
glass_chair,42
orange_bird,42
neck_flap,42
tomb,42
kangaroo_ears,42
ultra_guardians_uniform,42
h&k_hk433,42
lamborghini_huracan,42
night_light,42
eyewear_visible_through_hair,42
thigh_bands,42
dunlop,42
oculus_(genshin_impact),42
fresh_china_(idolmaster),42
yuba_squad's_uniform,42
smok_(hololive),42
coin_stack,42
poison_dart_frog,42
sheila_(minigun),42
moth_hair_ornament,42
arisugawa_academy_school_uniform,42
stained_glass_print,42
queen_of_pokemon_symbol,42
utsukushiki_soutei_itoshiki_kotoba_(idolmaster),42
bandaid_on_hair,42
flaming_leg,42
minna_de_enjoy!_spojoy_park_(project_sekai),42
staff_of_armadyl_(runescape),42
gold_flower,42
penitence_(e.g.o),42
paper_moon_(fate/grand_order),42
dotabata_cafe_rec!!_(project_sekai),42
sloshing_(e.g.o),42
hands_on_another's_ears,42
kraken_regiment,42
clothes_over_shoulder,42
seal_puppet,42
elbow_on_leg,42
knowing_the_unseen_(project_sekai),42
berrypheasant_skewer_(honkai:_star_rail),42
eyes_over_blush,42
kamurogiku_(idolmaster),42
seijou_baseball_uniform,42
white_blanket,42
holding_another's_ankle,42
slave_visor_(tsmg_nao!),42
what_is_my_life?_(love_live!),42
exs-slave,42
dokkaebi,42
nishihama_middle_school_uniform,41
canary,41
staff_room,41
noppera-bou,41
hands_on_own_back,41
trance_(music),41
red_sequin_(idolmaster),41
hands_in_pants,41
warped_context,41
high_elf_(warcraft),41
black_soccer_ball,41
marmalade,41
1984_(year),41
cross_academy_school_uniform,41
layered,41
rudder,41
equipment_screen,41
king_rouzer,41
stop,41
plaid_male_underwear,41
f-104_starfighter,41
horsetail_(plant),41
rock_(music),41
karukozaka_high_school_uniform,41
basset_hound,41
polka_dot_bag,41
holding_butt_plug,41
monoceros_(constellation),41
walking_in_line,41
mirror_shield,41
cloth_glansjob,41
teostra_(armor),41
air_hockey_table,41
impossible_architecture,41
aps_rifle,41
bucket_punishment,41
mastercard,41
toyota_crown,41
softball_uniform,41
slit_throat_(gesture),41
one_cup,41
hair_in_eyes,41
skirt_around_one_ankle,41
sunroof,41
green_blanket,41
paresthesia,41
soul_badge,41
good_luck_knot,41
shibuya_station,41
fallschirmhelm,41
rectangular_6koma,41
coat_over_head,41
snake_charmer,41
thigh_worship,41
namagashi,41
removing_cape,41
fake_money,41
nerf_gun,41
transverse_plane_cutting,41
breast_rings,41
fox_on_head,41
sd_card,41
mercedes-benz_g-class,41
mk_12_spr,41
switch_axe,41
vertical_rotisserie,41
yak,41
denmark,41
hugging_blanket,41
poking_ass,41
olive_wreath,41
parasite_crest,41
transparent_breasts_pads,41
millipede,41
hershey's,41
character_traits,41
nissin_chicken_ramen,41
body_slam,41
star-shaped_pubic_hair,41
woodpecker,41
pps-43,41
earmuffs_removed,41
touchscreen,41
holding_boomerang,41
shading_mismatch,41
choice_specs,41
handheld_metal_detector,41
atre_akihabara,41
stuffed_leopard,41
arrow_to_the_knee,41
hidden_weapon,41
tip_jar,41
chiffon_cake,41
film_set,41
killer_queen's_pose_(jojo),41
antler_grab,41
holding_table,41
i-401_(aoki_hagane_no_arpeggio),41
city_below,41
petal_on_nose,41
launch_pad,41
bmw_e46,41
holy_hand_grenade,41
heart_trace,41
control_panel_overlay,41
wonderful_magic_(idolmaster),41
heart-shaped_petals,41
cracked_ceiling,41
torn_bandeau,41
airplane_ornament,41
wintersweet,41
hands_on_another's_legs,41
senkou_high_school_uniform,41
sachertorte_(food),41
shizuoka_prefecture,41
aloe_(plant),41
holding_ghost,41
stomach_kick,41
l-3_nozzlenose_(splatoon),41
asymmetrical_ears,41
spacex,41
guppy_(fish),41
geode,41
heart-shaped_charm,41
zabrak,41
glowing_organ,41
glowing_gun_barrel,41
pink_polka_dots,41
switch_(ensemble_stars!),41
spoken_sun,41
animal_skull_ornament,41
legjob,41
cat_bra,41
black_singlet,41
fur-trimmed_leg_warmers,41
kawasaki_(kanagawa),41
cat_pasties,41
asfeld_academy_school_uniform,41
apocrypha/inheritance_of_glory,41
centipede_print,41
waist_jewel,41
holding_dragon_ball,41
qu4rtz_(love_live!),41
h&k_vp9,41
midgar_academy_school_uniform,41
luin_(fire_emblem),41
belly_riding,41
pizza_print,41
furred_dragon,41
majors_(nijisanji),41
finger_on_nipple,41
la_bella_patria_(love_live!),41
licking_pectoral,41
numazu,41
matching_ring,41
lemon_juice,41
ofuda_over_one_eye,41
earbuds_charging_case,41
sol_emerald,41
display_board,41
heron_sword,41
mario_day,41
zenryoku!_wonder_halloween!_(project_sekai),41
1nm8_(paradox_live),41
pentagram_tattoo,41
geforce_rtx_4090,41
flag_nails,41
pen_behind_ear,41
cherry_bomb_(love_live!),41
smile_emoji,41
fairy_lights,41
molar_office_(identity)_(project_moon),41
tying_bikini,41
breastless_ghost_costume,41
kikyo_private_academy_school_uniform,41
garden_of_thorns_(e.g.o),41
gate_of_infinity_(umamusume),41
love_live!_series_presents_unit_koshien_2024,41
koe_naki_sakana,41
squatting_v_pose_(han-0v0),41
spade_ornament,41
see-through_breast_curtain,41
flow_glow_(hololive),41
tomakanote_(love_live!),41
gyaru_garter_lingerie_set,41
glowing_book,40
mini_torii,40
pink_santa_costume,40
scar_on_foot,40
diarrhea,40
recliner,40
wii_version,40
mitsuba_aoi_(tokugawa_mon),40
null_focus,40
kikouken,40
1993,40
overlapped_images,40
human_sacrifice,40
social_commentary,40
fellatio_through_clothes,40
fragile_symbol,40
breast_piercing,40
ironing,40
heart_card,40
bear_pelt,40
carrying_clothes,40
opossum,40
hokuto_hyakuretsu_ken,40
biaxial_model,40
swinging_on_vine,40
majima_everywhere,40
nexus_casual_(idolmaster),40
radiation,40
broken_guitar,40
watercolor_tray,40
licking_horn,40
fire_bomber,40
on_tractor,40
hungary,40
press_conference,40
pole_between_buttocks,40
cuirassier,40
illuminati,40
samurai_condenser,40
hiroshima,40
sack_behind_back,40
through_sunroof,40
cave_paintings,40
torture_dance,40
toyota_prius,40
weapon_between_buttocks,40
nes_gamepad,40
tm_(pokemon),40
volcano_badge,40
headset_removed,40
smelling_pantyhose,40
statice,40
lace-trimmed_cuffs,40
changing_colors,40
fruit_stand,40
broken_string,40
cacao_fruit,40
korg_triton,40
fg204,40
dragon_hair_ornament,40
abdominal_stretch,40
ballerino,40
hand_warmer,40
777,40
sumida_(tokyo),40
baldric,40
cake_decoration,40
gazelle,40
mechanical_heart,40
ballista,40
purumia,40
vorpal_bunny,40
glowing_tree,40
kin-iro_mosaic_middle_school_uniform,40
doppa,40
column_lineup_background,40
driving_license,40
heat_stroke,40
sabai,40
h&k_mp5sd,40
forever_star_(idolmaster),40
amiti,40
crooked_smile,40
king's_rock,40
bear_paw,40
saberstaff,40
wolf_cub,40
holding_relay_baton,40
paper_doll_chain,40
crystal_rose,40
strawberry_icing,40
ejection,40
honnouji_gakuen,40
reverse_leg_lock,40
soda_fountain,40
tamamo_nine,40
bent_w,40
fluffed_up,40
raindrop_print,40
multiple_scarves,40
kyotoben,40
vought_os2u_kingfisher,40
oculus_headset,40
inkzooka_(splatoon),40
brioche,40
finger_to_eyewear,40
umbrella_sky,40
bursting_belly,40
anesidora_(rwby),40
bronze,40
sweets_lingerie,40
the_dragon_knights,40
sharp_tongue,40
vest_pull,40
wine_rack,40
loot_box,40
poop_emoji,40
shashka,40
ancient_set_(zelda),40
longhorn_lance,40
tekkou,40
hepatica_(flower),40
steyr_hs_.50,40
winter_clothes_(zelda),40
holding_ice,40
iwi_x95,40
abortion_mark,40
stained_underwear,40
destiny's_embrace_(kingdom_hearts),40
kelpie,40
battle_in_new_york_2018,40
thank_you_friends!!,40
deerfox_(hilda),40
scanline_hair,40
drooling_blood,40
wax_stamp,40
another_rider_(zi-o),40
seed_hair_ornament,40
starpoint_lance_(fire_emblem),40
holding_sheep,40
kingdom_of_victoria_logo,40
licking_another's_pussy_juice,40
no_veil,40
ai_no_dendoushi_amor-chan_no_saint_valentino!,40
rosemary_(herb),40
trinity_(nijisanji),40
reddit_logo,40
prosthetic_ear,40
carnation_recollection_(project_sekai),40
spider_genome,40
implied_threesome,40
holding_sunscreen,40
spoken_broken_heart,40
muisiki_rekuiemu,40
hearthian,40
la_sangre_de_sancho_(e.g.o),40
flower_sticker,40
neopaganism,40
wardress_(nikke),40
kamome_gakuen_school_uniform,40
feature_scout_2_(ensemble_stars!),40
lats,40
fuse_(zelda),40
deuman,40
disembodied_foot,40
itch.io_logo,40
gauze_on_hand,40
go_our_way!,40
hook_office_(identity)_(project_moon),40
koufukuron_(love_live!),40
stuffed_avocado,40
triangular_tiling_background,40
purple_mouth,40
grey_bird,40
fortune_teller,40
pumpkin_ornament,40
let's_be_one_(love_live!),40
hololive_super_expo_2025_outfit,40
gudok,40
taped_legs,40
retrofuture_(love_live!),40
azurelight_(genshin_impact),40
i_my_mayday,40
black_swim_trunks,40
dark_bride,39
nurikabe,39
coat_grab,39
breast_beam,39
syringe_in_head,39
seihai_(sailor_moon),39
licking_another's_tail,39
memory_card,39
hand_pump,39
banana_popsicle,39
cat_burger,39
ryaku,39
assassination,39
1990,39
welts,39
character_figure,39
examination_table,39
101st_airborne,39
comic_background,39
pepper_mill,39
food_gag,39
buruma_lift,39
nested_mouths,39
bike_dildo,39
coordinates,39
me_262,39
millennium_eye,39
hand_on_ankle,39
body_part_swap,39
ootoriryouran_gakuen_school_uniform,39
tropical_camouflage,39
power_combo_(kirby),39
winchester_model_1866,39
avatar_state,39
mount,39
brotherhood_(ff10),39
hoi-poi_capsule,39
bardiche_(weapon),39
cookie_print,39
bird_on_back,39
litter_(vehicle),39
mikasa_(battleship),39
demon_parade,39
spade_hands,39
tailor,39
cucumber_flower,39
sydney_opera_house,39
stucco,39
ram_(animal),39
gargling,39
nursing_paizuri,39
refueling,39
fire_dragon_(inazuma_eleven),39
paravane,39
dokkiri_camera,39
multiple_knives,39
imminent_pegging,39
heel-less_legwear,39
kamakura_(nichijou),39
tiger_skin,39
street_hopper_(idolmaster),39
advent_card,39
forsythia,39
blade_grab,39
oriental_pearl_tower,39
half-swording,39
burning_photo,39
pda,39
remove_before_flight_tag,39
meat_hook,39
boy_scout,39
watereffect.net,39
subaru_brz,39
chocolate_drip,39
adjusting_earphones,39
large_chastity_cage,39
too_long,39
faberge_egg,39
gossip,39
nervegear,39
slow_loris,39
dormer,39
rock_band,39
stollen,39
studded_trim,39
lockseed,39
black_bear,39
zentaiteki_ni_sensation,39
space_colony_ark,39
grey_beard,39
pontiac_firebird,39
undershirt_peek,39
dive_to_the_heart,39
gear_fourth:_boundman,39
defusing,39
drive_driver,39
sprinkler_(splatoon),39
finger_in_navel,39
tattoo_machine,39
heart-shaped_breath,39
bonple_(emblem),39
mask_on_breasts,39
letter_banner,39
cherry_background,39
souffle_(food),39
baju_kurung,39
star_hair_bun,39
gem_apple,39
heimuer,39
skate_park,39
rightony_&_leftania,39
puchitto_nine_(idolmaster),39
jpeg_artifacts_on_purpose,39
alien_print,39
castle_town_(deltarune),39
brown_shrug,39
boot_knife,39
spoken_o,39
presenting_stomach,39
daewoo_k11,39
fams_(group),39
uno_reverse_card,39
reflective_wall,39
head_wings_through_headwear,39
tenta_brella_(splatoon),39
kokodayo,39
breasts_in_a_box,39
cat_cafe,39
capcom_cup,39
breast_size_difference,39
kotonohatoh_uniform,39
alternator,39
byzantine_empire,39
lighter-than-air_pancake_(genshin_impact),39
peacekeeper_(shotgun),39
two-tone_pubic_hair,39
seal_boy,39
che_vuoi?_(italian_gesture),39
peach_tree,39
prosperous_peace_(genshin_impact),39
o-ring_footwear,39
wireless_headphones,39
thundering_pulse_(genshin_impact),39
jellyfish_print,39
implied_transformation,39
maliketh's_black_blade,39
itsuka_zetsubou_no_soko_kara_(project_sekai),39
mondo_(xenoblade_3),39
honey_strap_stage_costume,39
hunter's_path_(genshin_impact),39
rectangular_eyes,39
sarong_hold,39
holding_hockey_stick,39
twirling_mustache,39
licking_another's_chest,39
implied_invisibility,39
hero_shot_(splatoon_3),39
bound_breasts,39
piao_jin_(headwear),39
haikei_ano_koro_no_watashi_e_(project_sekai),39
rabbit_o-ring,39
koukyou_suru_machi_no_katasumi_de_(project_sekai),39
pogamoggan,39
ohgercalibur,39
coffee_bag,39
belly_press,39
aestus_estus_(queen_draco),39
elevation_contour_lines,39
mystery_phantom,39
high-cloud_quintet_(honkai:_star_rail),39
lumitoile_(genshin_impact),39
animal_sticker,39
moon_background,39
grooming,39
biting_ear_for_good_luck,39
pink_straps,39
blue_grass,39
orange_leaf,39
turtle_button,39
medium_sidelocks,39
pink_leaf,39
tv_world_(deltarune),39
multiple_hair_ribbons,39
occult_studies_club_(blue_archive),39
giant_cat,38
p-38_lightning,38
harkonnen_(gun),38
animal_abuse,38
drama_cd,38
buster_rifle,38
imac_g3,38
ecchi_nano_wa_ikenai_to_omoimasu,38
cross_fleury,38
cross_moline,38
cum_in_ear,38
urinal_bottle,38
wingdings,38
training_wheels,38
intestines_filled,38
imprinted_skin,38
rotating_brushes,38
sarafan,38
ball_toss,38
title_card,38
screw_attack_(metroid),38
technical_difficulties,38
shoe_rack,38
hugging_finger,38
talonjob,38
mystery_box,38
green_petals,38
penis_slip,38
wombat,38
engine_blade,38
katzbalger,38
panzerschreck,38
slapping_penis,38
mechanical_sword,38
futon_tataki,38
pink_lightsaber,38
cherenkov_radiation,38
transparent_beachball,38
airborne_aircraft_carrier,38
college_of_angel_(idolmaster),38
jack-o'-lantern_cutout,38
skill,38
bankett,38
animal_on_tail,38
imminent_throw,38
pipeline,38
limbs,38
star_chart,38
christmas_is_cancelled,38
is-3,38
toha_heavy_industries,38
inhaler,38
rpd,38
kamado,38
blaser_r93,38
samehada_(naruto),38
too_many_cigarettes,38
hang_gliding,38
ride_booker,38
roast_beef,38
bandit,38
imminent_stomping,38
roland_(company),38
kyu_kyu_kyu_nyaa,38
on_book,38
tokyo_rainbow_bridge,38
eurofighter_typhoon,38
broadway_(font),38
ireland,38
nugget_(pokemon),38
spindle,38
gewehr_43,38
galick_gun,38
battle_subway,38
trilobite,38
archaeopteryx,38
throwing_confetti,38
playstation_move,38
saint,38
clitoris_sleeve,38
midas_money,38
food_on_tail,38
jackalope,38
polka_dot_underwear,38
gender_dysphoria,38
divine_spirit_(touhou),38
tiananmen_square,38
limousine_interior,38
ballot_box,38
cigarette_burn,38
polka_dot_babydoll,38
glue_gun,38
enchantment_(minecraft),38
pomegranate_flower,38
nintendo_3ds_ll,38
sprinkler,38
sitting_on_tail,38
rune,38
large_arm,38
accessory_connection,38
special_air_service,38
transporter_erector_launcher_(tel),38
oil_can,38
rainbow_road,38
fingering_gesture,38
esports_apparel,38
burned_paper,38
vertical_monitor,38
holding_virtual_pet,38
spoken_hand,38
absurdly_fat_mons,38
slinky,38
mp41,38
torn_shoes,38
hotel_yamato,38
linothorax,38
daruma_otoshi,38
borchardt_c-93,38
rpk-74,38
butterfly_eyepatch,38
wrapped_hair,38
maternity_mark,38
honeydew_(fruit),38
my_room,38
touching_another's_chastity_cage,38
mcmillan_tac-50,38
yellow_circle,38
fate/accel_zero_order,38
verdurous_anima,38
uss_des_moines_(ca-134),38
ferry_(ship),38
london_(fate/grand_order),38
scratched_paint,38
quiche,38
tohno_tengu_shinobi_group_uniform,38
hair_fan,38
skeletal_leg,38
bakusaiga_(sword),38
camel_tail,38
airhorn,38
poisoned,38
broken_furniture,38
uss_hawkbill_(ss-366),38
lotus_lantern,38
kettle_grill,38
off-white_(brand),38
smelling_shoe,38
heart_arms_trio,38
cheese_print,38
explosher_(splatoon),38
balenciaga,38
swiping,38
holding_stone_tablet,38
police_siren,38
joseon_dynasty,38
stardust_breaker,38
nani_mo_shiteagerarenai,38
anvil_position,38
rat_boy,38
sword_of_seiros,38
water_stream,38
kings_canyon,38
green_lightning,38
mirai_harmony,38
tomato_print,38
sticky_honey_roast_(genshin_impact),38
jueyun_chili_pepper_(genshin_impact),38
nissan_z_(rz34),38
chain_axe,38
umisea,38
male_swimwear_aside,38
holding_button,38
mermaid_ni_akogarete_(project_sekai),38
imminent_headpat,38
navel_poke,38
evilblade,38
starlight_prologue,38
nazar_(amulet),38
kuuhaku_no_canvas_ni_egaku_watashi_wa_(project_sekai),38
car-mouth_cake,38
poet_sleeves,38
tsunagu_painful_hope_(project_sekai),38
scarlet_aeonia_(elden_ring),38
kogasa_day,38
snowy_integrity_(umamusume),38
low-tied_hair_ring,38
al_rihla,38
find_a_way_out_(project_sekai),38
neo_akasha_terminal,38
reverse_strip_game,38
ribbon_border,38
leafling,38
color_chip_(splatoon),38
kitten_heels,38
fuyu_no_okurimono_(love_live!),38
cursed_shackle,38
terminid_(helldivers),38
meat_hair,38
shoe_buckle,38
heart_butt_plug,38
clam_shell_ornament,38
black_forest_cake,37
gibson_explorer,37
astronomy,37
su-30,37
x-gun,37
wallwalking,37
9/11,37
great_wall_of_china,37
food_malfunction,37
torn_unitard,37
man_machine,37
tarot_set,37
simulated_cunnilingus,37
forced_dressing,37
sparkling_water,37
implied_injury,37
breathplay,37
beam_scythe,37
penis_in_eye,37
holding_bookmark,37
double_face_punch,37
polaris_(star),37
drawing_gun,37
m72_law,37
arrow_tattoo,37
alpine_a310,37
milk_gun,37
zetta_(phantom_kingdom)_(book),37
exploded_head,37
cuttlefish,37
rca_connector,37
homophobia,37
blay_buckle,37
curved_monitor,37
urna,37
baritone_saxophone,37
hedge_trimmer,37
rero_rero,37
gravity_gun,37
left_out,37
sagitta_(constellation),37
pallet_rifle_(evangelion),37
edelweiss_(senjou_no_valkyria),37
dispenser_(tf2),37
hand_grabbing_both_breasts,37
lop_rabbit,37
cruiser_bicycle,37
alternate_headgear,37
suicide_pact,37
optical_camouflage,37
shining_shoot_(pose),37
koala_no_march,37
sock_in_mouth,37
komodo_dragon,37
foxglove,37
anatomical_model,37
measuring_cylinder,37
shou_(symbol),37
belgium,37
crystal_change_rod,37
bomb_rock,37
charity,37
malaysian_flag,37
blood_wings,37
nose_tube,37
gulf_war,37
snakeskin,37
red_tongue,37
type_99_light_machine_gun,37
ama_diver,37
inward_flipped_hair,37
money_slap,37
level_ball,37
open_hat,37
goliath_tracked_mine,37
beetle_girl,37
kinchaku_(food),37
breathing_smoke,37
fourze_driver,37
business,37
hole_puncher,37
corona_borealis_(constellation),37
e=mc2_(equation),37
burrowing,37
btr-80,37
war_in_afghanistan,37
cello_case,37
in_net,37
battering_ram,37
pink_dot_balloon_(idolmaster),37
stygian_zinogre_(armor),37
chinese_opera,37
russian_flag_print,37
prehensile_ears,37
quartz_(gemstone),37
novelty_codpiece,37
gold_egg_(p&d),37
shindou_takuto_(mixi_max_oda_nobunaga),37
hive,37
snorting,37
stun_baton,37
white_paint,37
spider_hair_ornament,37
7tp,37
d-ark,37
shared_chair,37
leopard_gecko,37
lr-300,37
feet_against_wall,37
pig_head,37
cracked_skull,37
black_tulip,37
wiring,37
invasion_of_normandy,37
coco_ichibanya,37
hand_on_knees,37
caprese_salad,37
super_masara_ahegao,37
type_97_te-ke,37
dshk,37
fire_pit,37
dual_squelcher_(splatoon),37
recaptcha_logo,37
fn_mk_20_ssr,37
yharnam,37
earphones_around_neck,37
henchmen,37
vanguard_(titanfall_2),37
plateau,37
shoutouren_(fate),37
flying_vehicle,37
pallas's_cat,37
second_sino-japanese_war,37
eating_bugs,37
pink_carpet,37
blackberry_hair_ornament,37
reimei_school_uniform,37
black_ankleband,37
too_many_clones,37
cleasky_(idolmaster),37
next_frontier_(idolmaster),37
snowflake_pin,37
rinmeikan_girls_school_uniform,37
nails_visible_through_gloves,37
torn_jumpsuit,37
guided_handjob,37
holding_bulb,37
vhs-d2,37
trident_ornament,37
bra_aside,37
abyssal_hunters_logo,37
ironworm,37
murozaki_melody_(project_sekai),37
hauling_ship_(eve_online),37
cream_on_hands,37
orundum_(arknights),37
charge_rifle,37
world's_edge,37
animal_puppet,37
blind_eye,37
butterfly_knife_(apex_legends),37
torpedo_(splatoon),37
neodecadriver,37
kasumin_box,37
mini_person_on_shoulder,37
white_snow's_merry_xmas_(ensemble_stars!),37
vampire_bite,37
stuffed_narwhal,37
stray_bad_dog_(project_sekai),37
controller_hair_ornament,37
energy_reader_(apex_legends),37
manspreading,37
aqua_simulacra_(genshin_impact),37
sticker_on_clothes,37
sticker_on_stomach,37
same_dreams_same_colors_(project_sekai),37
holding_tiara,37
hiiragi_utena's_school_uniform,37
zekkyou!?_ookami_no_mori_e_youkoso!_(project_sekai),37
enchantix,37
torn_photo,37
leaf_tattoo,37
catchu!_(love_live!),37
orange-shaped_ornament,37
see-through_underwear,37
nectar_(pikmin),37
gyakkou_no_lens_flare_(project_sekai),37
monster!_devil_(idolmaster),37
rainbow_rose_(genshin_impact),37
cross-laced_straps,37
tied_tank_top,37
name_tag_hair_ornament,37
yukimi_daifuku_(uzru0428),37
dazzling_game,37
white_kosode,37
due_to_local_laws,37
partially_open_shirt,37
kanji_tattoo,36
combo,36
nyan-nyan_dance,36
back_scrubber,36
guanjin,36
mahjong_tile_hair_ornament,36
psypher_(odin_sphere),36
way_to_the_dawn,36
sailor_mercury_pose,36
shakuhachi,36
cleansed_crystal_mirror,36
auto-9,36
zelretch_sword,36
convenient_neckwear,36
vocaloid_editor,36
breastfeeding_invitation,36
snare,36
cel,36
jav,36
d-day,36
fernandes_zo-3,36
half-shirt,36
kimchi,36
brown_straps,36
figure_four_leglock,36
cornucopia,36
neo_geo_pocket_color,36
waist_measuring,36
kite_balloon,36
neckerchief_in_mouth,36
corn_field,36
tatooine,36
lace-trimmed_hair_ornament,36
pantyhose_on_head,36
muneate_removed,36
hedge_clippers,36
olmec_head,36
esbeliben,36
khorne_(symbol),36
werehog,36
507th_joint_fighter_wing,36
primary-star_plum_(idolmaster),36
camisole_removed,36
lotus_wand,36
sanskrit,36
voyager_probe,36
dandruff,36
through_panties,36
tengu_cross,36
broken_instrument,36
susohiki,36
hundred_dollar_bill,36
krogan,36
tenga_egg,36
flying_buttress,36
isaf,36
bishamon_kikkou,36
tire_swing,36
sequential_exposures,36
stock_chart,36
partially_obscured,36
batting_cage,36
battle_of_midway,36
rainfell,36
ice_cream_tub,36
ear_picking,36
t-55,36
honda_beat,36
shared_wings,36
procrastination,36
energy_claws,36
europe_map,36
torn_sweater_vest,36
map_print,36
head_lift,36
lookout_platform,36
shiranai_love_oshiete_love,36
forehead_beam,36
manager,36
stirrer,36
blood_on_pussy,36
breaking_and_entering,36
apple_of_eden,36
viola_tricolor,36
korean_people's_army,36
ruger_mini-14,36
kamogawa_girls'_high_school_uniform,36
viet_cong,36
safari_ball,36
mouth-to-mouth_resuscitation,36
handcannon,36
ultimate_weapon_(armored_core),36
hat_on_horn,36
sperm_whale,36
cup_to_cheek,36
eaves,36
triggertop,36
fake_phone,36
anglerfish_dance,36
disembodied_breast,36
sexy_or_cute?,36
long_dildo,36
lombax,36
garrison_regiment_(emblem),36
pokemon-amie,36
torn_bandages,36
symbol-shaped_eyes,36
double_take,36
jerboa,36
surfacing,36
cocktail_pick,36
inverted_triangle_mouth,36
shiawase_graffiti,36
isis_(terrorist_group),36
cafe_parade_(idolmaster),36
otter_costume,36
sandaljob,36
locacaca,36
mushroom_costume,36
art_supplies,36
torso_only,36
zero_unit,36
kabane,36
lightning_hair,36
adjusting_eyepatch,36
very_long_mustache,36
egg_tart,36
shoe_blade,36
undead_(ensemble_stars!),36
team_instinct,36
conical_teeth,36
floral_embroidery,36
islam,36
string_around_arm,36
pen_to_chin,36
mineshaft,36
focus_(horizon),36
broadsword_(titanfall_2),36
takoyaki_hair_ornament,36
melon_print,36
color_filter,36
stuffed_jellyfish,36
chart_(object),36
bullet_man,36
shinpi_no_kuni_no_oniland!!,36
pretty_liar_(idolmaster),36
hat_on_face,36
kimberly_magic_academy_school_uniform,36
yewfelle_(fire_emblem),36
crest_of_flames,36
hugging_ass,36
ankle_rope,36
scratching_post,36
gold_petals,36
"kokoro_magic_""a_to_z""",36
orange_star_high_school,36
love_u_my_friends,36
anata_no_risou_no_heroine,36
quanxi's_group_(chainsaw_man),36
nurgle_(symbol),36
jumping_spider,36
emr_camouflage,36
drink_bag,36
raven's_bite,36
yaoi_paddle,36
flower_in_pocket,36
exposed_heart,36
nervous_tama-chan_pose,36
patterned_skin,36
moon_tattoo,36
torn_hiphighs,36
black_dougi,36
feeling_facial_hair,36
sperm_circle_tattoo,36
zettai_zetsumei!?_island_panic!_(project_sekai),36
hollowed_headwear,36
koala_ears,36
butterfly_cutout,36
ankh_tattoo,36
forest_for_the_flames_(e.g.o),36
cooking_with_love,36
inner_mongolia,36
ink_on_breast,36
take_it_over_(love_live!),36
shrimp_tail,36
>:p,36
pipis_(deltarune),36
ato_de_wakaru_koto,36
red_straps,36
breast-to-breast,36
sitting_on_weapon,36
tidal_elegy_(e.g.o),36
final_destination_(smash_bros),35
naked_sarashi,35
pink_apollo_(idolmaster),35
ji_(weapon),35
cherry_bomb,35
galapagos_penguin,35
positron_cannon,35
instrument_insertion,35
flicking_penis,35
hindi_text,35
tessen,35
massugu_go,35
imminent_penis_severing,35
eurobeat,35
promo_poster,35
anta_baka?,35
beretta_m1934,35
rowdyruff_boys,35
vaginal_calligraphy,35
confederate_flag,35
squirming,35
1992,35
sex_shop,35
musashi_(battleship),35
purple_dougi,35
sea_angel_wings,35
clock_face,35
ghana_(chocolate),35
rathian_(armor),35
hanging_wedgie,35
stapled_face,35
brotherhood_of_steel,35
shared_shower,35
c-130_hercules,35
on_all-terrain_vehicle,35
sitting_on_magic_circle,35
wave_rider,35
phantasm_rod,35
cipher_(pokemon),35
holding_plunger,35
standing_up,35
cantonese_text,35
leo_minor_(constellation),35
wrap-around_shades,35
spitting_cum,35
tameshiwari,35
pouring_onto_penis,35
spice_rack,35
vippaloid,35
egret_(animal),35
breast_burger,35
demonica,35
roland_ax-synth,35
ecruteak_city,35
engineering_nonsense,35
braille,35
implied_ass_grab,35
helvetian_military_uniform,35
holding_pasteur_pipette,35
hauberk,35
flayed_skin,35
black_spaghetti,35
kiraboshi_(star_driver),35
imminent_object_insertion,35
tartar_sauce,35
yorkshire_terrier,35
diving_mask_removed,35
flambe,35
spinner,35
garbage_truck,35
froggy_style,35
abhaya_mudra,35
clipping_another's_nails,35
finger_on_hat,35
foam_finger,35
audi_r8,35
love_marginal,35
yamaha_yzf-r1,35
ofuda_removed,35
glass_of_conchita,35
overturned_car,35
bathtub_tray,35
nobody_(kingdom_hearts),35
flower_over_eyes,35
bakyu-n!!,35
taiyou_iwaku_moe_yo_chaos,35
mangaka,35
potters_wheel_pose,35
orange_blood,35
pokemon_ribbon,35
dehydrated,35
bonito,35
fish_food,35
chocolate_coin,35
plaid_arm_warmers,35
iran,35
wailmer_pail,35
wedding_photo,35
hot_water_bottle,35
dragunov_svu,35
robot_penis,35
loose_neckerchief,35
tag_heuer,35
constellation_tattoo,35
dragoon_(kirby),35
yogetsu_high_school_uniform,35
dunk_tank,35
bird_on_power_lines,35
mechanical_bull,35
standing_on_bed,35
cat_on_keyboard,35
teepee,35
tongue_wrap,35
druid,35
heart_frame,35
nyan_nyan_nyan_(idolmaster),35
hippogriff,35
zucchini_(vegetable),35
aluminum_bat,35
doll_hair_ornament,35
holding_television,35
batgirl_costume_(2014),35
fortune_tambourine,35
behind_cover,35
father-in-law_and_son-in-law,35
levitating_orange_trick,35
ruby_(species)_(steven_universe),35
s'more,35
viziam_(eve_online),35
twirl,35
cat-shaped_pupils,35
tibetan_sand_fox,35
ogura_toast_(food),35
beacon,35
camper_trailer,35
hiroshima_prefecture,35
project_(league_of_legends),35
squid_pose,35
mac_an_luin_(fate),35
kabuki,35
phantasm_punishment_(fate),35
whirligig_saw,35
pha_nung,35
octopus_sashimi,35
sorbet,35
cheek_sucking,35
noppo_bread,35
t-doll_contract,35
octoglasses_(splatoon),35
cross_maebari,35
cottage_(building),35
vietnamese_high_school_uniform,35
spoken_battery,35
suzuki_hustler,35
pistachio,35
meccha_going!!,35
silver_creator_award,35
motor_vehicles_only_sign,35
shiiton_gakuen_school_uniform,35
lilidae,35
chikattochikachika_(kaguya-sama_wa_kokurasetai),35
grabbing_own_ankles,35
energy_horns,35
pill_background,35
flammable_symbol,35
lance_of_ruin,35
suntempo,35
mantis_blades_(cyberpunk),35
carpenter,35
adeptus'_temptation_(genshin_impact),35
cicada_cry_(sfx),35
food-themed_weapon,35
usb_tail,35
porcupine_boy,35
number-shaped_hands,35
partially_toeless_legwear,35
teio's_honey_song,35
bone-shaped_pupils,35
parrot_girl,35
spinal_cord,35
sword_hair_ornament,35
tunguska_sanctuary_(fate/grand_order),35
nazrin_day,35
implied_double_penetration,35
blood_on_bed,35
livegun,35
progress_pride_flag,35
touching_another's_horn,35
long_body,35
strip_club,35
hornet_(e.g.o),35
heart_cushion,35
sitting_on_pokemon,35
nereid_(romancing_saga_2),35
sing!_shine!_smile!,35
corvette_(eve_online),35
shorts_around_ankles,35
boost_mark_ix_buckle,35
cobalt_scar_(e.g.o),35
safety_pin_earring,35
ballroom_dancing,35
aegis_(nikke),35
broken_cable,35
flower_on_shoulder,35
scattered_paper,35
eagle_(helldivers),35
order_shot_(splatoon),35
sleeping_on_pokemon,35
cavernous_wailing_(e.g.o),35
boom_boom_pow_(idolmaster),35
chin_rub,35
shoulder_hair,35
grabbing_another's_pectorals,35
lasso_(e.g.o),35
black_roots,35
a_thousand_blazing_suns_(genshin_impact),35
mutsumi/mortis_headspace,35
covenant_halo_(girls'_frontline_2),35
miracle_na_now!_(idolmaster),35
phone_book,34
cancan_dance,34
heart-shaped_mirror,34
microphone_stand_between_breasts,34
wii_balance_board,34
remington_new_model,34
holding_mustache,34
koss,34
transparent_bathtub,34
japanese_national_police_agency_(emblem),34
starlight_breaker,34
f-117_nighthawk,34
collection,34
capacitor,34
hair_spray,34
sniper_team,34
head_smash,34
balance_beam,34
butterfly_on_knee,34
ass-to-breast,34
mercury_harp,34
body_parts,34
breast_torture,34
saimoe_2006,34
honda_today,34
red_ball,34
guntou,34
headphones_on_animal_ears,34
doodle_background,34
goomba's_shoe,34
group_masturbation,34
head_up_shirt,34
unconventional_jack-o'-lantern,34
penis_bell,34
drinking_from_bowl,34
canned_tea,34
headdress_removed,34
a_baoa_qu,34
scale_prank,34
mizuhiki,34
tenebrism,34
abalone,34
a6m2-n,34
semaphore_flags,34
bat_costume,34
bike_horn,34
bacteria,34
cooperative_hairjob,34
stack_bond,34
spider_tank,34
terrorism,34
loose_kneehigh,34
incinerator,34
pokemon_between_breasts,34
ticket_machine,34
nose_stud,34
dragon_sword,34
little_egret,34
car_wash_(place),34
food_awe,34
the_final_empress,34
cowry_shell,34
bactrian_camel,34
asura_(mythology),34
undone_chin_strap,34
capture_styler,34
estonian_flag,34
green_pillow,34
shoulder_tilt,34
comically_sharp_chin,34
jagdtiger,34
hyper_beam_(pokemon),34
dark_emperors,34
gretsch_white_falcon,34
tower_of_the_sun,34
momiji_manjuu,34
friulian_spear,34
pink_pansy,34
throwing_pie,34
cucumber_plant,34
djinn_(golden_sun),34
quick_time_event,34
american_revolution,34
fuchsia_(flower),34
parfait_glass,34
distillation_column,34
ibanez_rg,34
blood_donation,34
squee,34
holding_peeler,34
italian_kingdom_flag,34
jaggi_(armor),34
yahoo,34
fly_(pokemon),34
condom_pull,34
korean_war,34
weighted_clothes,34
halfpipe,34
metal_upa,34
swinging_golf_club,34
plague_marine,34
carafe,34
lynx_(constellation),34
poke_ball_mug,34
in_shoe,34
stillsuit,34
object_to_cheek,34
inconsistent_censoring,34
hawaii,34
makna_armour,34
object_(vehicle),34
red_handwear,34
geometric_solid,34
implied_selfcest,34
bluebell_(flower),34
fire_poker,34
glaucid,34
chuseok,34
horse_statue,34
aomori_prefecture,34
controller_between_breasts,34
sitting_on_breasts,34
padjal,34
popped_zipper,34
cupola,34
blowing_on_penis,34
marui_(company),34
paper_sword,34
clutching_blanket,34
inside_clam,34
transformation_pen,34
bentley,34
stubbing_toe,34
through_door,34
texas,34
nagoya_(city),34
kiritsusei_juuji_academy_school_uniform,34
pumpkin_background,34
cushion_grab,34
towel_rabbit,34
patreon_logo_censor,34
no_strings,34
leafy_seadragon,34
jawbone,34
bfg_9000,34
swinging_arms,34
defense_distributed_liberator,34
echolocator_(splatoon),34
inkstrike_(splatoon),34
metropolitan_police_service,34
tick_tock_bomb,34
recursive_speech_bubble,34
stone_bench,34
sheriff_(contemporary),34
brahmastra_(fate/apocrypha),34
chinese_guardian_lion,34
gammoth_(armor),34
broken_skull,34
snail_hair_ornament,34
golden_bear_(fate),34
mk48,34
preceder_(sao),34
philodendron,34
new_nintendo_3ds,34
stuffed_star,34
darksign_(dark_souls),34
offensive_skill_book_(azur_lane),34
chokha,34
membrane,34
humidifier,34
feather_nib_pen,34
helicopter_interior,34
shadow_border,34
fat_man_(bomb),34
merry_merry_white_(idolmaster),34
rabbit_fullbottle,34
squirrel_print,34
hand_over_another's_eye,34
possibility_of_puberty_(sword),34
shampoo_no_nioi_ga_shita,34
white_fence,34
condom_between_breast,34
tokyo_yushun,34
lumakini,34
polish_army,34
three-finger_salute,34
diamond_(love_live!),34
dodge_challenger_(3rd_generation),34
hiden_zero-two_driver,34
alpha_castor,34
white_wetsuit,34
meifu_(nijisanji),34
partition,34
gold_claws,34
see-through_sleeve_layer,34
milkman,34
wonderhoy,34
camouflage_male_underwear,34
jade_parcels_(genshin_impact),34
miyan's_cheongsam,34
primordial_jade_cutter_(genshin_impact),34
lighting_practice,34
arm_holster,34
rune_tattoo,34
tokonatsu_sunshine,34
black_circle,34
blue_circle,34
two-tone_shrug,34
nearly_naked_cloak,34
multiple_arm_straps,34
pink_sword,34
licking_another's_head,34
hana_association_south_uniform,34
fossil_hair_ornament,34
picts,34
removing_bikini_top,34
boosty_logo,34
fake_pointy_ears,34
we_will!!_(love_live!),34
multicolored_tank_top,34
grinder_mk4_(e.g.o),34
republic_of_korea_marine_corps,34
duck_on_head,34
facial_hair_through_mask,34
blue!_(love_live!),34
ass_clap,34
ornate_phone_case,34
red_facepaint,34
bandaid_on_back,34
melting_heart,34
tsunagu_hoshi_no_uta_(project_sekai),34
wonder_flower,34
life_for_a_daredevil_(e.g.o),34
painbrush_(splatoon),34
atashi-tachi_no_happy_end_(project_sekai),34
enten_(sword),34
dry_grass,34
red_plume,34
sugao_no_pixel,34
pal_sphere,34
hololive_super_expo_2024_outfit,34
tentacle_dildo,34
like_and_redraw_challenge,34
lead_to_shine_more_(project_sekai),34
maitake_dance,34
kono_hito_hari_ni_omoi_wo_komeru_(project_sekai),34
holding_geographical_area,34
blue_archive_2025_hack,34
lace-trimmed_chemise,33
fur_sleeve_cuffs,33
nekomimi_mode_(tsukuyomi),33
blue_rose_(gun),33
panzerfaust_3,33
porsche_964,33
marimba,33
kyahan,33
hover_scooter,33
cargo,33
kikkoman,33
swoon,33
gable_roof,33
costume_combination,33
broken_table,33
broken_pencil,33
living_onahole,33
reluctant,33
sulphur-crested_cockatoo,33
chimpanzee,33
mare's_leg,33
zipline,33
washing_animal,33
sweatsuit,33
jungle_style,33
tickling_neck,33
mold_(casting),33
root_beer,33
incan,33
on_shelf,33
on_bus,33
bon_bon,33
floating_tray,33
police_helicopter,33
teutonic_knight,33
head-up_display_(vehicle),33
ace_of_clubs_(idolmaster),33
armpit_hold,33
sabretooth_tiger,33
breast_clinging,33
licking_injury,33
dunkleosteus,33
on_umbrella,33
colored_contact_lens,33
implied_violence,33
croatian_flag,33
amulet_coin,33
stealth_paizuri,33
neo_armstrong_cyclone_jet_armstrong_cannon,33
arm_on_another's_leg,33
em_being_(mega_man),33
scale_(mononoke),33
ankle_ring,33
koiguchi,33
salvia_(flower),33
cyclone_(kamen_rider),33
chinese_restaurant,33
energy_field,33
in_poke_ball,33
lap_dance,33
branch_print,33
winchester_model_1873,33
br55,33
hokkai,33
triumph_(motorcycle),33
underbarrel_shotgun,33
frigate,33
colombian_flag,33
devoured_by_darkness,33
gigginox_(armor),33
ichimatsu_doll,33
hobby_knife,33
torpedo_bomber,33
wildfire,33
kubelwagen,33
hopscotch,33
tar,33
o_scanner,33
bird_scarer,33
drink_me_potion,33
illusion,33
host,33
through_ceiling,33
demon_ears,33
letter_opener,33
sailor_jupiter_pose,33
disembodied_finger,33
kaleidoscope,33
evo_moment_#37,33
breathing_lightning,33
type_a_kou-hyouteki,33
gs_ball,33
nether_portal,33
sengoku_jidai,33
danish_text,33
your_present_is_me,33
lacerta_(constellation),33
wakaba_girls_(k-on!),33
lost_driver,33
wishing,33
yamabiko,33
bumper_car,33
retort_stand,33
free_french_flag,33
deluxcalibur_(code_of_princess),33
missing_ear,33
rabbit_shadow_puppet,33
filipino_text,33
scrubber,33
conga_line,33
enki_(fate/prototype),33
songkran,33
leaf_stone,33
cake_(minecraft),33
sitting_on_another's_tail,33
cycle,33
vintage_car,33
hajime_x_cross,33
breast_pinch,33
backhand,33
water_drop_print,33
freudian_switch,33
duesenberg_starplayer,33
creodron_(eve_online),33
shinsei_inazuma_japan,33
stuffed_capybara,33
after_tribadism,33
serbian_flag,33
bird_shadow_puppet,33
kaga_(battleship),33
pop_tart,33
face_powder,33
air_quotes,33
super_capital_ship_(eve_online),33
head_blush,33
orion_cocoa_cigarettes,33
ye_olde_zipangese,33
owl_costume,33
tupperware,33
camera_eyes,33
sloth_girl,33
elemental_air_symbol,33
yuigesa,33
air_duct,33
holding_tiered_tray,33
crowd_surfing,33
reindeer_print,33
love_is_blue_(bayonetta),33
kakushin-teki_metamorphose!,33
hand_around_wrist,33
smartphone_pouch,33
ford_mustang_s550,33
serratus_anterior,33
fur_rug,33
kakizaki_squad's_uniform,33
on_nose,33
golden_snitch,33
logarius_wheel,33
dolphin_costume,33
yume_de_yozora_wo_terashitai,33
washi_tape_(object),33
dipping,33
vine_bondage,33
matsutake_mushroom,33
steam_from_ears,33
han_dynasty,33
fox_cub,33
shin_takarajima_(song),33
photo_date_watermark,33
hanging_chair,33
bottle_on_head,33
shrug_emoticon,33
mexican_flag_print,33
dark_knight,33
sea_slug_boy,33
excalibur_(fate/strange_fake),33
fantasy_tree_(fate),33
robinson_armaments_xcr,33
happy_happy_friends,33
wing-shaped_hair,33
star_ring,33
blues_(nijisanji),33
knockout,33
spores,33
phone_to_animal_ear,33
chastity_cage_visible_through_clothes,33
leverless_arcade_stick,33
gynecomastia,33
dotsuitare_hompo,33
incoming_object,33
dondurma_(ice_cream),33
monado_rex,33
character_cake,33
ab_roller,33
potato_salad,33
futuristic_weapon,33
outer_ring_excavations_(eve_online),33
noveske_space_invader,33
muzui,33
holding_with_tentacle,33
gun_in_pants,33
pointing_at_crotch,33
skyward_harp_(genshin_impact),33
nervous_system,33
yunohana_international_school_uniform,33
choker_removed,33
tail_sex,33
blood_on_window,33
open_swimsuit,33
future_parade_(love_live!),33
hand_under_pillow,33
curtain_call_ni_sekibetsu_wo_(project_sekai),33
incoming_forehead_flick,33
raise_sword,33
gauze_on_nose,33
lccb_(identity)_(project_moon),33
clawing,33
monado_fencer,33
funade_no_mae_no_one_day_trip_(project_sekai),33
transgender_flag_print,33
high_top_fade,33
round_nose,33
two-sided_umbrella,33
"""pour_la_justice""_(genshin_impact)",33
chiseled_face,33
holding_sleeve,33
distortion_(love_live!),33
milk_(love_live!),33
circle_print,33
tail_blade,33
dead_rabbits_(identity)_(project_moon),33
equilibrium_umbrella,33
omoi_wo_nosete!_dream_stage_(project_sekai),33
checkout_(shopping),33
ippon_katana_(ninjala),33
hachiban_ramen_uniform,33
leukocoria,33
cloud_over_head,32
panties_around_knees,32
meteor_sweepers_uniform,32
wonderswan,32
cake_batter,32
windows_media_player,32
sitting_on_book,32
penis_hot_dog,32
daisangen,32
pepsi_ice_cucumber,32
ffr-31mr/d_super_sylph,32
gaiwan,32
88_flak,32
kirin_(juuni_kokuki),32
mai_waifu,32
riding_tiger,32
noir_(armor),32
werehorse,32
bound_calves,32
bandaid_on_anus,32
sandersonia_(flower),32
winner's_platform,32
applying_butt_plug,32
astro_city,32
tsuyu_sauce,32
mayan_(macross),32
patapi_(creature),32
propeller_footwear,32
snowmobile,32
unworn_camisole,32
inappropriate_animal,32
dog_biscuit,32
cameraman,32
carrot_butt_plug,32
daemon_(warhammer),32
butterfly_dissolve,32
m18_hellcat,32
hokuto_ujou_hagan_ken,32
phazon,32
psyker,32
tumbling,32
portuguese_flag,32
marine_(starcraft),32
stunned_silence,32
hiyayakko_(food),32
jaguar_e-type,32
officio_assassinorum,32
pokenav,32
heptagram,32
asthma,32
lancia_stratos,32
disembodied_wing,32
darksider_(star_wars),32
trick,32
teleporter,32
nerine_(flower),32
ren'ai_circulation,32
t91_assault_rifle,32
karasawa_(weapon),32
tornado_(airplane)_(sonic),32
can_on_head,32
towing,32
corvus_(constellation),32
norway,32
galactic_empire_(gin'eiden),32
mechanical_horse,32
180_head_turn,32
nissin_yakisoba_ufo,32
double_paizuri,32
emperor's_sword,32
leap_of_faith,32
fail_whale,32
little_gigant,32
long_spout_teapot,32
clothes_on_wall,32
sailor_mars_pose,32
shared_towel,32
akatsuki_(spacecraft),32
wroggi_(armor),32
dishwashing_soap,32
standing_on_another's_hand,32
own_cum_on_tongue,32
anaconda,32
impact_wrench,32
nva_uniform,32
rosso_fantasma,32
iranian_flag,32
gargadia_empire,32
chevrolet_corvette_c1,32
tongue_stuck_frozen,32
whale_costume,32
surfboard_leash,32
goat_costume,32
merlion,32
mazda_rx-7_fb,32
christ_the_redeemer,32
meat_pie,32
balljob,32
beam_weapon,32
sistrum,32
nigerundayo!,32
holding_bug,32
nearly_naked_sweater,32
porsche_991,32
petal_on_face,32
soleil_(aikatsu!),32
chausses,32
inazuma_legend_japan,32
bitter,32
red_velvet_cake,32
condom_in_pocket,32
person_between_thighs,32
maserati,32
cassowary,32
kisaragi_station,32
traffic_jam,32
gore_magala_(armor),32
browning_auto_5,32
los_angeles_police_department,32
lion_hair_ornament,32
pretend_microphone,32
tiara_removed,32
peasant,32
half-leotard,32
rmb-93,32
glowing_leaves,32
starpiece_dreamer_(idolmaster),32
paraglider,32
torn_tunic,32
tanuki_statue,32
checkered_bag,32
bottle_hair_ornament,32
checkered_carpet,32
hair_move,32
h&k_hk21,32
undone_skirt,32
gorilla_boy,32
pizza_toast,32
vollstandig,32
eyecon,32
too_many_ribbons,32
bmw_m4,32
glove_spread,32
arafune_squad's_uniform,32
wrapped_lollipop,32
pancake_print,32
pregnancy_progression,32
cherry_blossom_background,32
rogue,32
butterfly_doors,32
rainbow_cake,32
team_valor,32
enhancement_capsule_(girls'_frontline),32
type_64_smg,32
stratosphere,32
apple_(inmu),32
fumika_bug_(idolmaster),32
ramesseum_tentyris,32
cocktail_flower,32
rainbow_hair_shine,32
inferno_phoenix,32
broken_wires,32
papel_picado,32
gang_sign,32
shishin_(kemono_friends),32
gluhwein,32
mulled_wine,32
shuetsu_school_uniform,32
eden_(ensemble_stars!),32
orders_hospitaller,32
censored_clitoris,32
mop_bucket,32
botanical_garden,32
chiyoda_(tokyo),32
auger,32
kraber,32
masturbation_from_behind,32
long_single_sidelock,32
no_bodystocking,32
circuit_de_la_sarthe,32
scottish_english_text,32
lipstick_mark_on_hand,32
indigo_plateau,32
moonblast_(pokemon),32
snowflake_in_eye,32
lifeboat,32
blue_pillow,32
unworn_haori,32
rabbit_maebari,32
triadic_colors,32
pink_claws,32
babel_logo_(arknights),32
weightlifting_spotter,32
stream_deck,32
horn_scrunchie,32
skyward_blade_(genshin_impact),32
squid_hair_ornament,32
kirby_burger,32
hosen_(clothing),32
small_lamp_grass,32
naku_weed,32
penis-shaped_jewelry,32
nakayama_racecourse,32
aqua_shrug,32
cinnabar_spindle_(genshin_impact),32
cast_spell_on_you_(project_sekai),32
octagonal_eyewear,32
cable_tie_around_wrist,32
eternal_light_(love_live!),32
upside-down_world,32
gem_pasties,32
fiery_headphones,32
revival_my_dream_(project_sekai),32
trapezius,32
comatose,32
area_zero,32
badger_boy,32
iden_teitei_meltdown,32
a.c.p.u._(nikke),32
joy_emoji,32
panda_bag,32
geats_buster_qb9,32
dytica_(nijisanji),32
navel_hair_peek,32
heart-shaped_speech_bubble,32
dreampool_(honkai:_star_rail),32
character_ornament,32
aoku_haruka,32
new_star_guild_(stella_sora),32
campus_mode!!_(idolmaster),32
heishou_pack-si_branch_(identity)_(project_moon),32
kougyaku_reiki,32
kawaii_kaiwai,32
inflatable_wings,32
ohhoai,32
sig_sauer_p239,31
falling_basin,31
bill_(object),31
monzetsu,31
aerial,31
nosejob,31
goatse,31
senbonzakura_kageyoshi_(bankai),31
daisy_chain_(sex),31
motorized_kick_scooter,31
mongolian_spot,31
stuffed_strawberry,31
drawing_equipment,31
are_you_talking_about_kuririn,31
electric_chair,31
tauren_(warcraft),31
rip_and_tear_(phrase),31
pontoon,31
print_paper_fan,31
ch-53,31
vhs_cover,31
slingshot_swimsuit_pull,31
antique_cannon,31
collie_(dog),31
tokyo_city_hall,31
bren_ten,31
apple_logo,31
catalog,31
reverse_mermaid,31
on_horn,31
ki-61_hien,31
animals_kissing,31
dempsey_roll,31
muscle_spark,31
mig-31,31
excalibur_face,31
holding_pouch,31
wedding_cake_cutting,31
flying_pig,31
variety_animal_(idolmaster),31
summer_days_school_(idolmaster),31
vulpecula_(constellation),31
air_hockey_mallet,31
epic_hair,31
tec-9,31
bat_pasties,31
molten,31
bandage_on_finger,31
fish_mint_(plant),31
gang,31
two-page_spread,31
butterfly_on_arm,31
hair_between_ass,31
plate_spinning,31
panzerbuchse_39,31
prussian_flag,31
hair_chair,31
naked_jewelry,31
lithuanian_flag,31
double_rainbow,31
summoned_swords,31
toy_ship,31
thug_life,31
afghanistan,31
satan_saber,31
arachnophobia,31
anus_piercing,31
near_miss,31
mangosteen,31
grey_card,31
haru_desu_yo,31
observatory_dome,31
revive_(pokemon),31
footwear_on_head,31
js_hyuuga,31
wiping_breasts,31
canis_minor_(constellation),31
vimana_(fate),31
multiple_screens,31
drawbridge,31
bead_tail_ornament,31
schoolish_girl_(idolmaster),31
yoke_(clothing),31
kienzan,31
neon_tetra,31
girls_dead_monster,31
olive_oil,31
furry_scale,31
niqab,31
sailor_venus_pose,31
stuffed_spider,31
los_angeles,31
no_crown,31
ki-84_hayate,31
locked_outside,31
baluster,31
ice_cave,31
var_(senjou_no_valkyria),31
taja_spinner,31
checkered_buckle,31
fire_body,31
mp18,31
ringworld,31
anal_vore,31
aek-971,31
guinness_(beer),31
blue-footed_booby,31
tower_bridge_(london),31
gyroscope,31
royal_canadian_mounted_police,31
anywhere_door,31
hail,31
lionfish,31
dodecahedron,31
marugoshi_shinji-kun,31
foot_archery,31
receiver,31
kidney,31
miwa_torii,31
flatcar,31
closed_sign,31
spotting_scope,31
cats_love_being_spanked,31
shenyang_j-15,31
cormorant,31
arx-160,31
glass_jar,31
light_brand,31
takao_(cruiser),31
operation_ten-gou,31
svt-40,31
deep_frying,31
green_ball,31
closing,31
butterfly_on_hat,31
portfolio,31
heart-shaped_cloud,31
milking_table,31
message_(fromsoftware),31
prussia,31
egg_mobile,31
sexy_panthers_(idolmaster),31
european_robin,31
digivice_ic,31
duvolle_laboratories_(eve_online),31
wistful,31
eyebrow_twitching,31
finger_kiss,31
on_building,31
re-45_auto,31
pink_string,31
flower_wand,31
desk_microphone,31
rubber_day,31
chakuma_academy_school_uniform,31
kuruma_squad's_uniform,31
spoken_scene,31
taoism,31
flaming_foot,31
aikurushii_(idolmaster),31
shiro-noir,31
burger_costume,31
on_ass,31
portuguese_man_o'_war,31
rabbit_day,31
air_gun,31
agartha_(fate/grand_order),31
nothing_but_you_(idolmaster),31
token_(girls'_frontline),31
tokijin_(sword),31
spider_bite_(piercing),31
type_80_machine_gun,31
brella_(splatoon),31
motul_(company),31
catwoman_costume_(2018),31
bungee_cord,31
extra_eyebrows,31
calligram,31
coat_tug,31
porsche_992,31
ishgard_(ff14),31
tear_stain,31
code:escape_(idolmaster),31
lady_reines_case_files,31
floating_building,31
exploding_watermelon_challenge,31
nissan_300zx_(z32),31
dazzling_white_town,31
;i,31
star_eyepatch,31
tang_dynasty,31
chevrolet_camaro_(6th_generation),31
imperial_korean_army,31
mora_meat_(genshin_impact),31
lost_in_paradise,31
philanemo_mushroom_(genshin_impact),31
baozi_hair_ornament,31
cross-laced_underwear,31
grilled_tiger_fish_(genshin_impact),31
period_of_nocturne_(project_sekai),31
peahen,31
jade_chamber_(genshin_impact),31
unworn_vision_(genshin_impact),31
imminent_injury,31
chinese_coin,31
hand_on_helmet,31
gym_equipment,31
fluffy_sweet_(idolmaster),31
los_pollos_hermanos,31
mouth_trail,31
veiny_legs,31
spider_ornament,31
hands_on_another's_wrists,31
m84_stun-grenade,31
reef-lux_450_(splatoon),31
cradle_coffin,31
nibelheim,31
kick_it_up_a_notch_(project_sekai),31
fake_scar,31
kokumucho_(nijisanji),31
lavalier_microphone,31
snow_duck,31
vertical_eye_lines,31
gorosei,31
gauze_on_chest,31
plate_on_head,31
artificial_intelligence,31
stille_(sousou_no_frieren),31
soulglad,31
bow_background,31
hair_jewelry,31
help_(american_sign_language),31
sphere_body,31
green_star,31
superstar!!_(love_live!),31
grabbing_own_leg,31
concept_take_care_(idolmaster),31
ono_no_komachi_koken-shou,31
rally_bike_(mario_kart_world),31
hachibousei_dance_(bang_dream!),31
periwinkle_(flower),30
no_u-turn_sign,30
bad_aim,30
happy_state,30
h&k_vp70,30
teez_(d.gray-man),30
zohar,30
toy_truck,30
cum_on_desk,30
stax,30
iwo_jima,30
highball_glass,30
stuffed_flower,30
terrace_(architecture),30
ascending,30
messy_eater,30
hikouseki,30
roulette_roulette,30
mageres,30
contest_button,30
anti-u.n.,30
cellphone_vibrator,30
ultimate_moe,30
octahedron,30
blood_string,30
washizu_mahjong,30
protodeviln,30
ahegaokin,30
purple_santa_costume,30
anman,30
kirameki_high_school_uniform_(summer),30
pet_door,30
nigella,30
pow_block,30
wookiee,30
dromedary_camel,30
yukikaze_(destroyer),30
rare_cheesecake,30
tentacle_gagged,30
clover_clamp,30
caricature,30
staccato,30
hinge,30
tsab_rescue_military_uniform,30
nose_hair,30
templar,30
tonbokiri,30
dendrobium,30
dubai,30
oil_rig,30
nipple_shield,30
eating_during_class,30
gloriosa_(flower),30
air_hockey_puck,30
senbonzakura_(shikai),30
anti-gravity,30
moka_pot,30
rattlesnake,30
shiba_squish,30
bread_crust,30
warthog,30
accent_mark,30
in_palms,30
bell_tower_(pokemon),30
black_templars,30
opabinia,30
jagged_rocks,30
westminster_palace,30
poneglyph,30
tuberose,30
sucking_another's_tail,30
allen_wrench,30
coffee_jello,30
monster_truck,30
mig-25,30
impel_down,30
necklace_censor,30
yggdrasil,30
mikoshi,30
taitou_(tokyo),30
newton's_cradle,30
benelli_m3,30
arapaima,30
breast_missiles,30
cleaning_robot,30
feather_censor,30
gingerbread,30
planetary_destruction,30
heart_hands_duo_chain,30
free_planets_alliance,30
shocker_(gesture),30
picking_flowers,30
no_neck,30
rockhopper_penguin,30
yugoslavian_flag,30
blender_(software),30
milk_bath,30
self-cannibalism,30
shoulder_pads_(fashion),30
cross_fusion,30
minaret,30
m2_bradley,30
merkava_(tank),30
gradivus,30
trainer_card,30
amphibious_ground_vehicle,30
illusion_(pokemon),30
pearl_harbor,30
warabimochi,30
beam_axe,30
quetzalcoatlus,30
holding_weapon_with_feet,30
ztz-99,30
human_weapon,30
yasaka_pagoda,30
seizon_senryaku,30
starish,30
grassy,30
poke_mart,30
neck_ribbon_removed,30
ten_year_artist_progress_record,30
doll_head,30
shiraha_private_academy_school_uniform,30
four_mirrors_of_lucifenia,30
multiple_launch_rocket_system,30
nuclear_reactor,30
martini-henry,30
caliby_cat,30
ice_hockey,30
smile_pact,30
united_nations_flag,30
astro_switch,30
moralltach_(fate),30
hina_arare,30
temizuya,30
xm2010,30
drag_queen,30
delusional,30
mintone_arrow,30
cocoa_bean,30
black_thunder_(chocolate),30
venezuela,30
knob,30
waverider_crash,30
double_high_five,30
fukuoka_prefecture,30
crevice,30
binetsu_kara_mystery,30
hole_in_floor,30
leaf_cutout,30
uni_(food),30
xo_chaingun,30
projectile,30
girls'_power_(idolmaster),30
mach_driver_honoh,30
kiwi_hair_ornament,30
toyota_land_cruiser,30
chocolate_on_tongue,30
container_ship,30
throwing_rock,30
knife_block,30
esports_cosmetic,30
tooth_hair_ornament,30
sauna_bucket,30
gelato,30
floating_candle,30
dekopon_(fruit),30
naegling_(fate),30
elevated_railway,30
six_shame_faces,30
lock_hair_ornament,30
interlocked_legs,30
pov_hair,30
circle_game,30
hiiragi_iwashi,30
star_tears,30
daisuki_dattara_daijoubu!,30
alf_layla_wa-layla_(fate),30
multiple_reflections,30
finger_to_another's_face,30
gazyr,30
royal_penguin,30
picking_wedgie,30
gewehr_88,30
tattoo_machine_(laser),30
alternate_nail_color,30
let's_draw_pretty_boys_challenge,30
pikachu_print,30
slinger_(monster_hunter),30
arl-44,30
chinese_school_uniform,30
tunic_lift,30
fleur-de-lis_print,30
atmospheric_layer,30
lime_print,30
evol_trigger,30
golden_dawn_(emblem),30
jack_mackerel,30
glowing_claws,30
seishin_school_uniform,30
poltergust_g-00,30
evergreen_(love_live!),30
egg_sandwich,30
tank_fullbottle,30
b&t_apc,30
exploded_diagram,30
testicle_lift,30
toy_house,30
cherryton_school_uniform,30
feet_above_head,30
bolkki,30
broken_ceiling,30
flamingo_print,30
mk2_grenade,30
big_bang_kamehameha,30
forked_hair,30
hashire!_taiikumatsuri!_~jikkou_iin_wa_ooisogashi~_(project_sekai),30
dragon's_bane_(genshin_impact),30
purple_chemise,30
inverted_spear_of_heaven_(jujutsu_kaisen),30
pose_parody,30
kitto_saikou_no_summer!_(project_sekai),30
anal_hair_peek,30
inazuma_city,30
void_elf,30
comic_panel_inset,30
agnus_female_off-seer_uniform,30
denka_kumaneko_(project_sekai),30
hakunetsu!_kamikou_ouendan!_(project_sekai),30
desire_grand_prix_uniform,30
brown_car,30
pearl_(rain_world),30
acorn_print,30
torn_tube_top,30
good_girl_(phrase),30
rukkhashava_mushroom_(genshin_impact),30
rhino_boy,30
life_heart_(traffic_life),30
light_of_foliar_incision_(genshin_impact),30
bridal_sleeves,30
falling_books,30
waving_legs,30
impending_day_(e.g.o),30
magic_academy_of_sekai_(project_sekai),30
the_forgotten_(e.g.o),30
square_head,30
mercedes-amg_f1_w14,30
pellet_(pikmin),30
charging_person,30
koakuma_love,30
cat_face_sticker,30
pill_in_mouth,30
tsuki_makase,30
skland_watermark,30
clawed_wings,30
japanese_house,30
zundamon_outfit,30
uraku_misugiri_(genshin_impact),30
blood_on_ears,30
squatting_bunny_girl_pose_(han-0v0),30
aqua_bird,30
choir_set_(bloodborne),30
underwear_reveal_pose_(han-0v0),30
occhahoi,30
bone_ornament,30
rubbing_head,30
dolce_(love_live!),30
bandaged_weapon,30
floating_flowers,30
snake_wrapped_around_leg,30
arm_spikes,30
tega_sword,30
flag_patch,30
joy-con_2,30
dissolution_(toshi_densetsu_kaitai_center),30
inonino,30
brilliant_pearl_(idolmaster),29
sig_sauer_p230,29
yueqin,29
stock_pot,29
triangle-shaped_pubic_hair,29
strip_hair,29
landing_strip_pubic_hair,29
fig_leaf,29
funbuns,29
clitoris_tied,29
looking_through_fence,29
ventriloquist_dummy,29
bowtie_in_mouth,29
enka,29
hell_and_heaven,29
revolver_speedloader,29
thermometer_in_armpit,29
flowchart,29
1989,29
falcon_punch,29
cum_on_wings,29
fletches,29
microsoft_excel,29
autofootjob,29
poison_mushroom_(mario),29
silicone,29
object_in_thighhighs,29
twirling_panties,29
spiky,29
captivity,29
1983,29
tetromino,29
anilingus_through_clothes,29
imminent_footjob,29
f-86_sabre,29
gerbera_straight,29
another_casual_(idolmaster),29
bicycle_pump,29
f-5_freedom_fighter,29
betsujin,29
trinkets,29
doutonbori,29
s&w_500,29
coffee_press,29
true_apocrypha,29
hookshot,29
mafumofu_(armor),29
purple_pillow,29
frog_egg,29
fubuki_(destroyer),29
music_man_stingray,29
caltrops,29
adfx-02_morgan,29
pack_animal,29
cat_skull,29
namahage,29
stoner_sunshine,29
super_computer_(sailor_moon),29
crotch_mousepad,29
boxcar,29
sky_bison,29
mebius_brace,29
pov_inside_mouth,29
lederhosen,29
headless_instrument,29
minato_(tokyo),29
tendril_arm,29
fake_tears,29
planetary_consumption,29
sterling_smg,29
ears_perk,29
adoption,29
dress_form,29
mirage_precure,29
flak,29
kimodameshi,29
voice_recorder,29
accuracy_judgement,29
jabulani,29
rooster_costume,29
paintball,29
obsidian_rock,29
vihta,29
portcullis,29
line_infantry,29
cropped_tail,29
hypocrite,29
strichtarn,29
h&k_g36k,29
akkari~n,29
tanegashima_(gun),29
catachan_jungle_fighter,29
bird_on_knee,29
lebel_model_1886,29
grass_lily,29
beretta_m12,29
programming,29
old_chateau_(pokemon),29
cure_happy_pose,29
tenmas,29
scavenger_hunt,29
tackled,29
itsumo_no_you_ni_love_&_peace!!,29
telogreika,29
finnish_clothes,29
pillar_(landform),29
national_revolutionary_army,29
otome_shiki_ren'ai_juku,29
blaze_rod,29
horse_stance,29
double_suicide,29
penis_neck,29
m67,29
ferrari_f40,29
ryuusou,29
florence_(city),29
no_bowtie,29
executioner,29
13844,29
silver_lips,29
file_(tool),29
australian_flag_print,29
real_world_(jintai),29
holding_missile,29
honda_city,29
grunge_(genre),29
bowling_glove,29
gsh-18,29
feet_on_desk,29
in_flower,29
glazed_donut,29
hat_hug,29
t-80,29
hair_tubes_removed,29
leash_on_penis,29
dorm,29
imminent_cannibalism,29
rotor,29
fake_goatee,29
ribbon-trimmed_wrist_cuffs,29
carrier_(eve_online),29
uss_hornet_(cv-8),29
crystal_apple,29
doutonbori_robo,29
best_eleven,29
torion_hei,29
winged_headphones,29
powerpunk_girls,29
c-5m_super_galaxy,29
visa,29
giraffe_costume,29
hunting_rifle,29
calf_(animal),29
skell_(xenoblade_x),29
fondue_au_fromage,29
uzbek_clothes,29
o_kakugo_wa_yoroshikute?,29
strategic_cruiser_(eve_online),29
carving_fork,29
crucible,29
blue_teeth,29
beaker_holster,29
addiction,29
crab_costume,29
apple_watch,29
wolfsangel,29
suwa_squad's_uniform,29
kara_no_kyoukai/the_garden_of_order,29
race_limitation_(lingerie),29
hylian_crest,29
bat_cutout,29
farmer's_tan,29
producer,29
kinbaku,29
kingsglaive_garb,29
team_mystic,29
wheel_print,29
saint_quartz_fragment,29
eggs_benedict,29
folding_sign,29
love_destiny_(idolmaster),29
self_control!!,29
holding_lanyard,29
blocking_way,29
ichigo_field_high_school_uniform,29
owl_print,29
book_of_naga,29
jelly_drink,29
pet_nail_clippers,29
ugoku_ugoku,29
koala_girl,29
baklava,29
gunboat,29
star_anise_(spice),29
broken_toy,29
devil_breaker,29
asymmetrical_antlers,29
bunnybod_(xenoblade_x),29
penis_expansion,29
mikazuki_villa_(magia_record),29
water_gun_(pokemon),29
arrow_in_arm,29
overlighting,29
ascian_glyph,29
a.i.m.s._shotriser,29
team_go_rocket,29
saber_wars_ii,29
black_couch,29
social_distancing,29
sentinel_esr,29
job_icon_(final_fantasy),29
braveheart_coaster,29
a_song_for_you!_you?_you!!,29
purple_straps,29
kissing_pectoral,29
bite_mark_on_penis,29
produce_101_uniform,29
holding_bong,29
blue-ringed_octopus,29
chicken_feet,29
iridescent_hair,29
power_symbol_hair_ornament,29
cat_charm,29
after_female_ejaculation,29
mini_christmas_tree,29
acoustic_foam,29
holding_badminton_racket,29
spoken_impregnation,29
ryuugasaki_academy_school_uniform,29
coiled_sword,29
lip_pull,29
dunhuang_dance,29
pomefiore_dorm,29
torn_bowtie,29
holding_barrel,29
holding_tape_measure,29
aqua_car,29
infinity!_our_wings!!,29
shrims,29
iluna_(nijisanji),29
ebony_stem_(e.g.o),29
vitamin_summer!,29
konkon_comfort_(idolmaster),29
looking_through_donut,29
green_clouds,29
black_innertube,29
sos_(idolmaster),29
egyptian_toe,29
xsoleil,29
ifrit_jambe,29
ultrahand_(the_legend_of_zelda),29
lying_on_clothes,29
kalpalata_lotus,29
spiked_chain,29
omg_(newjeans),29
ado_box,29
one_armed_carry,29
light_up_the_fire_(project_sekai),29
charged_set_(zelda),29
world_detective_organization_uniform,29
bujinsword_buckle,29
farmwatch_(e.g.o),29
holding_block,29
effervescent_corrosion_(e.g.o),29
sparks_(scott_pilgrim),29
red_paint,29
black_beard,29
pixelated_background,29
kuja_pirates_jolly_roger,29
dialogues_of_the_desert_sages_(genshin_impact),29
special_thanks_(love_live!),29
c-01_permit_(helldivers),29
cracked_background,29
wooden_arm,29
baby_hippopotamus,29
yellow_big_bang!_(idolmaster),29
garage_door,29
schorl_(path_to_nowhere),29
fictional_whale,29
yes_to_no_no_aida_ni,29
paggi_outfit,29
3skm_(nijisanji),29
archetype_inception_(fate/grand_order),29
sideways_sitting_pose_(han-0v0),29
fade_to_white,29
rock_wa_shinanai,29
aqours_finale_lovelive!_~eikyuu_stage~,29
grand_servant_(fate/grand_order),29
heishou_pack-wu_branch_(identity)_(project_moon),29
tango_(soccer_ball),28
rhyme,28
toboggan,28
vanship,28
nose_plug,28
teamgeist,28
bun_ends,28
daihatsu_copen,28
pussy_eating_monster,28
imminent_pounce,28
cross_patonce,28
citroen_2cv,28
purple_snake,28
anata_wo_hannin_desu,28
databook,28
sitting_on_thigh,28
translation_note,28
gretsch_6120,28
building_sex,28
folded_umbrella,28
keep-away,28
bra_around_one_arm,28
paddling,28
scharnhorst,28
serbo-croatian_text,28
yugakure_symbol,28
czech_hedgehog,28
jet_stream_attack,28
jackson_guitars,28
bullet_time,28
sitting_on_bar,28
skybridge,28
skywriting,28
alpine_a110,28
nes_zapper,28
emu,28
holding_record_jacket,28
a&w,28
battle_of_mogadishu,28
betelgeuse_(star),28
eridanus_(constellation),28
messy_bangs,28
ak-103,28
colt_canada_c7,28
erased,28
bullfighting,28
cmyk,28
parabolic_antenna,28
crescent_mouth,28
skirt_rise,28
headless_doll,28
object_on_ass,28
takigakure_symbol,28
orchard,28
decagram,28
fukinagashi,28
unzipping_with_mouth,28
hallucigenia,28
codec_call,28
spectral,28
stepping_on_breasts,28
stonehenge,28
yellow_sign,28
water_buffalo,28
hydro_pump_(pokemon),28
hawker_hurricane,28
gel_banana,28
bionic,28
shichibukai,28
piccolo_(instrument),28
clubs_hands,28
on_barrel,28
pon_de_strawberry,28
sing_(pokemon),28
gothic_(module),28
taiyouken,28
attitude_(pose),28
smegma_in_mouth,28
temple_of_time,28
steel_glove,28
bad_teeth,28
saguaro,28
anti-tank_grenade,28
blood_ravens,28
snow_leopard_pelt,28
airbus_a380,28
uruguay,28
cockscomb_(flower),28
black_legion,28
seawall,28
mask_up,28
gurongi,28
chrysalis_(butterfly),28
international_space_station,28
reed_(instrument),28
turkish_text,28
glue_trap,28
rushnyk,28
kissed_by_animal,28
human_ashtray,28
on_creature,28
brassard,28
nasturtium,28
open_overalls,28
in_nose,28
spoken_gift,28
biology,28
dive_(pokemon),28
untied_obi,28
penrose_stairs,28
holding_corn,28
group_hairstyle_switch,28
stuffed_bee,28
rolled_up,28
coil,28
iron_throne,28
pussy_sucking,28
bead_band,28
poltergust_5000,28
legs_back,28
clothes_on_object,28
calamari,28
orange_pepper,28
gyan_mudra,28
fundoshi_removed,28
chocolate_mold,28
pressure_gauge,28
airmail_envelope,28
kissing_bulge,28
upturned_nose,28
mosque,28
tongue_up,28
foot_on_another's_back,28
luna_moth,28
forced_cunnilingus,28
constructicon,28
heavy_cruiser,28
koala_costume,28
b7a_ryuusei,28
type_4_rifle,28
empty_room,28
kac-pdw,28
cichilid_(fish),28
pieris_(butterfly),28
british_shorthair,28
hms_orion,28
htms_sri_ayudhya,28
carl_gustaf_recoilless_rifle,28
gandr,28
ecuador,28
green_lantern_corps,28
group_kiss,28
bluetooth_symbol,28
blade_of_grass,28
jinmenken,28
voxwave,28
holding_yarn,28
golden_flower_(undertale),28
don't_worry_i'm_wearing,28
boosted_gear,28
lobster_costume,28
infiniti_(company),28
hobble_skirt_(bdsm),28
playing_dead,28
stuffed_walrus,28
allosaurus,28
driftwood,28
rocky_helmet_(pokemon),28
severed_wings,28
headpiece_removed,28
licorice_(food),28
arrow_background,28
a-545,28
executor_(sao),28
primaris_space_marine,28
install!,28
etude_wa_ikkyoku_dake_(idolmaster),28
forced_bowing,28
qingming_festival,28
wakame_(seaweed),28
xo,28
adjusting_breasts,28
siegmund_(lance),28
bicycle_rack,28
martini_(brand),28
dea_aurora_(idolmaster),28
clash_blaster_(splatoon),28
orsis_t-5000,28
multimeter,28
seanwich_(splatoon),28
pirouette,28
creme_brulee,28
stuffed_tanuki,28
spade-shaped_pupils,28
gear_fourth:_snakeman,28
gauze_on_forehead,28
penis_doodle,28
kilt_hide,28
braveheart_(kingdom_hearts),28
devilsknife_(deltarune),28
crystal_print,28
pushing_wheelchair,28
cucumber_on_face,28
pizza_hair_ornament,28
indomie_(brand),28
bell_print,28
twinkle_wish_(princess_connect!),28
spikemuth,28
multicolored_fire,28
thyrsus_(fire_emblem),28
mouse_on_hand,28
niconico_headquarters_(harajuku),28
methamphetamine,28
the_skeld,28
poking_pecs,28
etoile_brilliant_(idolmaster),28
go_to_paradise_(idolmaster),28
footjob_invitation,28
gun_fellatio_(shingeki_no_kyojin),28
drawing_arrow,28
kusanagi_no_tsurugi_(fate),28
shiny_horns,28
ragprof,28
hibiku_twilight_parade_(project_sekai),28
ganbaru_anata_ni_break_time!_(project_sekai),28
kakyuusei_school_uniform,28
grabbing_another's_ankle,28
color_picker,28
thermite_grenade,28
luxurious_sea-lord,28
jacket_on_head,28
removing_hood,28
hikarizuka_school_uniform,28
polar_star_(genshin_impact),28
biting_another,28
vsf_logo,28
knock_the_future!!_(project_sekai),28
lace_wrist_cuffs,28
opening_bottle,28
chadcast_(hololive),28
the_homing_instinct_(e.g.o),28
starshroom_(genshin_impact),28
wada_arco_exhibition,28
pilk,28
kimono_around_waist,28
aqua_leg_warmers,28
crab_tank_(splatoon),28
zaytun_peach_(genshin_impact),28
snipewriter_(splatoon),28
braiding_another's_hair,28
scadutree_(elden_ring),28
tail_cover,28
mystic_set_(zelda),28
paradigm_reversi!_(ensemble_stars!),28
tiktok_live,28
kamen_no_watashi_ni_sayonara_wo_(project_sekai),28
blood_on_glass,28
rabbit_in_eyes,28
romaritime_flower,28
hello_good_day!_(project_sekai),28
rainbow_sticker,28
splash!!!!_(love_live!),28
scratching_chest,28
pink_star,28
yellow_blanket,28
winged_tail,28
juggling_(soccer),28
chest_spike,28
spiked_clothes,28
greek_painting_style,28
fluorite_(idolmaster),28
gummy_candy,28
bubble_hair_ornament,28
sticker_sheet_(medium),28
sega_lucky_lottery_mascot_doll,28
floating_blood,28
minna_de_haishin_wedding_live!_(project_sekai),28
hope_(palico_armor),28
poppingummy,28
scar_on_hands,28
glass_heels,28
cara_tesoro,28
international_legion_of_ukraine,28
icing_on_face,28
sentai_ring,28
highlander_railway_academy_logo,28
command:meltdown_(e.g.o),28
scorpion_harness,27
super_plugsuit_(evangelion),27
nipple_tweak_with_toes,27
card_creature,27
compensator,27
bocchan_dango,27
argentinosaurus,27
!_block,27
plymouth_(brand),27
pee_leak,27
leaf_girl,27
spiny_egg,27
blood_on_ass,27
shinigami_eyes_(death_note),27
looking_at_panties,27
akiko_jam,27
aikidou,27
flamer,27
shunga,27
dsr-1,27
ranger,27
newgrounds_logo,27
cobra_command,27
microsoft_word,27
mismatched_arms,27
gold_aura,27
shared_headphones,27
slovak_cuvac,27
burial_at_sea,27
stalk_eyes,27
guilt,27
plaid_towel,27
m24_chaffee,27
lucky_strike,27
why_so_serious,27
ayastyle,27
censored_urethra,27
tomato_cage,27
tigrex_(armor),27
alternate_earwear,27
pillow_support,27
antenna_grab,27
jamila_pose,27
m_c_escher,27
unworn_sports_bra,27
earth_(element),27
shogun,27
argetlahm,27
penis_on_glass,27
human_bipod,27
testicle_pull,27
weight_machine,27
radio_handset,27
egyptian_flag,27
blood_on_tool,27
comedic_object_insertion,27
poison_mushroom,27
siren_(mythology),27
bmw_isetta,27
arm_cast,27
alatreon_(armor),27
move_chart,27
most_muscular_pose,27
soup_curry,27
penis_collar,27
green_juice,27
passion_harp,27
quince_flower,27
berry_sword,27
koma-geta,27
belarus,27
memories,27
red_pansy,27
pm1910,27
print_ornament,27
splint,27
faux_egyptian,27
refinery,27
ladder_lottery,27
acchi_muite_hoi,27
mangrove,27
carrot_sticks,27
bt-7,27
cell_medal,27
nest_on_head,27
sun_stone_(pokemon),27
butcher_shop_(place),27
zettai_yurusanae,27
yokohama_landmark_tower,27
jedi_knight,27
air_jordan_6,27
brooch_removed,27
child_safety_seat,27
kaminarimon,27
grawlix,27
cheek_covers,27
ottoman_empire,27
missed_shot,27
peregrine_falcon,27
batmobile,27
moonwalk,27
standard_kart_(mario),27
hands_on_own_thigh,27
chow_chow,27
hand_soap,27
kayak,27
nissin_cup_noodle_seafood,27
lottery_ticket,27
frozen_flower,27
uygur_clothes,27
leaf_wreath,27
minna_shinu_shika_nai_ja_nai!,27
blue_couch,27
sand_dollar,27
hijiki_(seaweed),27
shark_sleeping_bag,27
cum_on_underside,27
grey_knight,27
blue_cross_tie,27
partially_unwrapped_candy,27
kakyuusei_2_school_uniform,27
white_rollita,27
echeveria_(plant),27
toy_xylophone,27
ampeg,27
indoor_fish,27
cutie_mark_crusaders,27
ice_elemental,27
super_ghost_kamikaze_attack,27
florence_cathedral,27
boundless_creation_(eve_online),27
roden_shipyards_(eve_online),27
molecule,27
venus_syndrome_(idolmaster),27
elements_of_harmony,27
joushikimaku,27
cloth_pull,27
wine_cellar,27
knickers,27
ryuujou_(aircraft_carrier),27
standing_in_rain,27
abarth,27
shoal,27
pumpkin_soup,27
titan_(warhammer_40k),27
armoire,27
blueberry_tart,27
glowing_crotch,27
orange_arms,27
cupping_ears,27
eternal_gauge_(precure),27
georgian_flag,27
saitama_prefecture,27
redaction,27
wendigo,27
feeling_body_hair,27
tree_boy,27
flyers_(death_parade),27
spell_tag,27
galette_(food),27
fire_alarm,27
sauna_ladle,27
hatena_heartbeat,27
figy_berry,27
wonder_orb,27
hakodate_(city),27
grancypher_(granblue_fantasy),27
alexandrite_(gemstone),27
sunken_scroll_(splatoon),27
rose's_sword_(steven_universe),27
hat_theft,27
tokyo_station,27
prosthetic_arm_removed,27
long_hand,27
licking_own_armpit,27
genki_zenkai_day!_day!_day!,27
zenryoku_batankyuu,27
rogue_division_agent,27
animal_ear_underwear,27
mana_prism,27
blueprint_background,27
bundled_charge,27
suga_shrine_otokozaka,27
crepe_cake,27
brahmastra_(fate/grand_order),27
after_buttjob,27
mole_on_penis,27
idolish7_(idolish7),27
fish_market,27
little_riddle,27
sharkini,27
in-n-out_burger,27
yellow_pussy,27
skateboard_behind_back,27
leaf_pasties,27
no_piercings,27
goou_shourai_-_tenmoukaikai,27
newspaper_stack,27
fake_scythe,27
order_of_the_white_dragon_uniform,27
yellow_text,27
assisted_sex,27
finger_to_another's_chest,27
nightmare_(sinoalice),27
world_tre@sure_(idolmaster),27
nergigante_(armor),27
mukbang,27
happy_trigger_(nijisanji),27
foreign_disciples_(fate/grand_order),27
jumping_on_bed,27
stuffed_polar_bear,27
inmyeonjo,27
looking_at_monster,27
official_alternate_eyewear,27
drawn_bow,27
sputnik_and_pogrom,27
red_coin,27
leftovers_(pokemon),27
aqua_blood,27
holding_nail_file,27
static_eyes,27
pubic_feathers,27
kissing_arm,27
aqua_male_underwear,27
glove_garter,27
servant's_essentials_(fire_emblem:_therr_houses),27
six_pointed_star,27
ancient_indian_clothes,27
fluttering_heart_illusion,27
mountain_print,27
grey_wetsuit,27
volt_smg,27
insomnia,27
rose_cage_(project_sekai),27
blacksteel_worldwide_logo,27
fabarm_sdass,27
checkered_tablecloth,27
silver_claws,27
chevrolet_corvette_c8,27
mistletoe_hair_ornament,27
itsuka_senaka_awase_no_lyric_wo_(project_sekai),27
white_strawberry,27
hololive_fantasy_1st_anniversary_outfit,27
mitternachts_waltz_(genshin_impact),27
sakura_mochi_(genshin_impact),27
kirimine_middle_school_uniform,27
rikaisha,27
sticker_on_hand,27
snow_on_face,27
the_power_of_unity_(project_sekai),27
ukrainian_air_force,27
cloud_clothes,27
centipede_boy,27
neuron_fly_(rain_world),27
blood_on_tail,27
viparyas_flower,27
v_over_breast,27
caesar's_legion,27
transparent_animal,27
yume_no_touchu_kagayaku_hoshitachi_e_(project_sekai),27
pioneer_(nikke),27
penis_rest,27
violet_book_(pokemon),27
object_on_tongue,27
newgrounds_username,27
assault_ship_(eve_online),27
fake_beak,27
moe2023,27
multiple_armlets,27
climbing_rope,27
pari_(genshin_impact),27
ember_set_(zelda),27
re-tie_friendship_(project_sekai),27
square_face,27
flag_hair_ornament,27
containment_unit,27
pikpik_carrot,27
absolute_solver_(murder_drones),27
onitsuyo_mind_(idolmaster),27
miniapron,27
unworn_capelet,27
skeletal_clothes,27
kawaranu_atatakasa_no_tonari_de_(project_sekai),27
ishikawa_prefectural_library,27
sumomo-gaoka_high_school_uniform,27
ar-23_liberator,27
clumsy_trick_(idolmaster),27
axe_in_head,27
mismatched_eyes,27
midsummer_alice_(stellar_blade),27
west_kureoji_grona_military_uniform,27
concept_shaker_(idolmaster),27
zettaiteki_lover,27
prts_logo_(arknights),27
stunt,26
seiryou_academy_school_uniform,26
gun_in_pussy,26
icicle_fall,26
soundboard,26
cut_finger,26
tickling_flat_chest,26
cat_on_ass,26
chain_mine,26
easter_island,26
ipod_mini,26
gun_between_thighs,26
firing_into_the_air,26
discomfort,26
tentacle_limbs,26
kyaraben,26
person-shaped_hole,26
mollusc_shell,26
chrysler_building,26
conquistador,26
sagrada_familia,26
skinning,26
campaign_girl,26
arming_doublet_(southern_cross),26
penis_to_pectoral,26
no_bike_shorts,26
mazda_mx-5_nc,26
combination_wrench,26
slang,26
spaniel_(dog),26
turtle_costume,26
princess_heart_(silent_hill),26
tanning,26
note_on_back,26
kaixa_driver,26
shift_jis_art,26
sirius_(star),26
su-35,26
tu-95,26
aim-54_phoenix,26
melon_ball,26
accuracy_international,26
inflation_blanc_(idolmaster),26
police_of_russia,26
winged_hussar,26
mob,26
no_facial_mark,26
drinking_horn,26
walking_on_air,26
putting_on_another's_footwear,26
meat_kanji_on_forehead,26
black_pearl,26
telegraph_lines,26
psyche-lock,26
super_scope,26
adjusting_fundoshi,26
catwoman_costume_(2002),26
message_board,26
push-to-talk_device,26
shrine_tank_(touhou),26
nearly_naked_overalls,26
water_heater,26
un_heavy_fighter_jet_(evangelion),26
endoscope,26
photo_strip,26
tea_plant,26
exterminator_(blame!),26
foot_jewelry,26
cum_writing,26
wing_cap,26
fertilizer,26
sitting_in_shadow,26
improvised_instrument,26
pokewalker,26
food_poisoning,26
power_plant,26
burr,26
chain_(pandora_hearts),26
inflatable_buttplug,26
elder_sign,26
photo_editing,26
arts_and_crafts,26
romanian_flag,26
notre_dame_de_paris,26
coconut_crab,26
attitude_derriere,26
dal_segno_(symbol),26
plumbago_(flower),26
zoom_lens,26
glans,26
gae_bolg_(fire_emblem),26
single_couter,26
tail_support,26
sapporo_ichiban,26
planted_surfboard,26
kerria_japonica,26
choukyuu_haou_den'eidan,26
noclip,26
patio_chair,26
moon_stone,26
leica_(camera),26
venezuelan_flag,26
mv_(spacecraft),26
floating_ball,26
aperture_laboratories,26
lava_cake,26
halftone_dot_(medium),26
kanda_shrine,26
standing_on_raft,26
sakanade_(shikai),26
pincet,26
gunma_prefecture,26
villagers,26
pomeg_berry,26
python,26
removing_gag,26
kuznetsov-class_aircraft_carrier,26
boeing_787,26
sprayduck,26
imouto_day,26
throwing_weapon,26
shirokuma_(food),26
force_edge_(dmc),26
goddess_sword,26
yatsuhashi_(food),26
ethernet_cable,26
waterspout,26
i_lohas,26
eyes_of_ibad,26
taipei_101,26
flag_pistol,26
gun_rack,26
mu_ren_zhuang,26
kabukicho_(shinjuku),26
grind_blade_(armored_core),26
surplice,26
sieve,26
condom_earrings,26
print_eyewear,26
grand_galloping_gala,26
love_love_stick,26
private_ten'ou_middle_school_uniform,26
ladybug_hair_ornament,26
garu_(inazuma_eleven),26
merging_bodies,26
private_kaisei_elementary_school_uniform,26
elefant,26
helswath,26
snatch,26
type_3_shell,26
can_opener,26
gradient_filter,26
mas-38,26
dirty_arm,26
jellied_eel,26
star_compass,26
c-clamp,26
doomscrolling,26
super_bell,26
hand_in_another's_skirt,26
cone_(geometry),26
hibiki_(whisky),26
macaron_print,26
tongue_piercing_gag,26
kissing_through_mask,26
gals_rock_ambivalence_(idolmaster),26
oolacile,26
air_jordan_4,26
first_order,26
team_chaotix_(sonic),26
incom_(gundam),26
cracked_road,26
phantom_maiden_(fate),26
toe_dipping,26
tide,26
tabletop_game,26
shion_girls_academy_school_uniform,26
gingham_footwear,26
strawberry_trapper,26
highso_private_girls'_academy_school_uniform,26
prow,26
digicore,26
republic_of_china_army,26
multiple_bed_invitation,26
brush_rest,26
wakuwaku_(spy_x_family),26
carnaval_do_brasil,26
licking_own_pussy_juice,26
different_viewfinder,26
deadlift,26
paper_towel_holder,26
fishmonger,26
ingredients,26
eye_pov,26
lace-trimmed_garter_straps,26
ash-12.7,26
giant_fist,26
years,26
bowser_tattoo,26
smoke_bomb,26
ghost_(module),26
bread_hair_ornament,26
strength_tester_machine,26
capotain,26
gear_background,26
lifeguard_tower,26
haunted_astolfo_bean_plush,26
pinching_another's_nose,26
tugboat,26
bug_badge,26
pasties_under_clothes,26
cat_button,26
sakuraba_institute_school_uniform,26
tail_rubbing,26
dark_fountain_(deltarune),26
cup_hair_ornament,26
matenro_(hypnosis_mic),26
mars_symbol_hair_ornament,26
open_skull,26
bamboo_hair_ornament,26
high_detail,26
sasebo,26
glass_butt_plug,26
beyond_generation_(idolmaster),26
lipstick_mark_on_back,26
dhole,26
attache_calibur,26
rising_hopper_progrisekey,26
llama_girl,26
one-finger_caress,26
okfams_(group),26
kenzan!_las_vegas_gozenjiai,26
alfa_romeo_giulia,26
summer_splash_(love_live!),26
foot_on_ass,26
grip_trainer,26
fuujin_(world_trigger),26
cartridge_(made_in_abyss),26
heartslabyul_dorm,26
severed_tongue,26
star_ahoge,26
raptoriales,26
acura_(brand),26
rust_(genshin_impact),26
double_luo_ji,26
casual_attire_(ff14),26
cleaning_sword,26
mouth_with_tentacles,26
glowing_trim,26
pinterest_logo,26
maze_town_(love_live!),26
nearly_naked_shirt,26
heart_hands_over_stomach,26
narwhal_girl,26
dead_man's_curve,26
sea_ganoderma,26
communicator,26
redhorn_stonethresher_(genshin_impact),26
dalgona,26
ultima_thule_(ff14),26
prada_(brand),26
iwakiriyama_high_school_uniform,26
heart_arms_failure,26
starscourge_greatsword,26
penguin_boy,26
nintendo_switch_logo,26
blade_encarmine,26
thukker_mix_(eve_online),26
takarazaki_junshin_school_uniform,26
snowgrave_(spell),26
multicolored_male_underwear,26
memphis_design,26
snowflake_in_hair,26
multicolored_ears,26
hairline,26
smiling_face_with_heart-shaped_eyes_emoji,26
moving_background,26
see-through_butterfly,26
nighthead_(ensemble_stars!),26
eye_color_switch,26
shadow_censor,26
three_emoji_challenge,26
gauze_on_shoulder,26
honkai:_star_rail_eidolon_parody,26
florks,26
ofuda_on_arm,26
avocado_slice,26
mystic_eyes_symphony,26
koppad,26
elephant_fruit,26
long_tusks,26
covered_shoulder_blades,26
jump_into_the_new_world,26
biting_another's_arm,26
imminent_undressing,26
magicaldraw,26
holding_bracelet,26
thigh_cutting,26
charlemagne_no_montjoie_kishidou!,26
laser_disc_eyes,26
boonboom_changer,26
pencil_in_hair,26
chinese_hairstyle,26
puffy_sleeve_cuffs,26
holding_macaron,26
multicolored_wetsuit,26
pygmy_hippopotamus,26
heart-shaped_nose,26
four_beasts_(nikke),26
gauze_on_thigh,26
mocking,26
spiked_waistband,26
wawo!_(love_live!),26
holonatsu_paradise,26
confessional_interior,26
cafe_cutemare_uniform,26
lace_curtains,25
parasaurolophus,25
iraq,25
tress,25
houmonka,25
cross_potent,25
phalanx,25
bright_slap,25
creature_on_chest,25
racing_stripes,25
panda_on_head,25
spoken_copyright,25
punisher_(trigun),25
food_sex,25
farseer,25
dune_buggy,25
piercing_(action),25
hybrid_animation,25
in_umbrella,25
sturm_faust,25
thumb_war,25
neo-venezia,25
faun,25
clavia_digital_musical_instruments,25
massacre,25
highwind,25
drydock,25
greeting_card,25
subaru_360,25
quail,25
holding_tank_shell,25
adelie_penguin,25
mana_tree,25
ak-104,25
on_bubble,25
billhook,25
giant_book,25
bow_scabbard,25
5th_grade_loli,25
chip_star,25
crescent_sword,25
xf5u,25
persian_cat,25
in_teapot,25
kannushi,25
mismatched_wrist_cuffs,25
hauteclere,25
whorled_flames,25
horse_girl_(stereotype),25
strv_103,25
looking_at_foot,25
latvian_flag,25
gingerbread_man_hair_ornament,25
wii_racing_wheel,25
christ_signboard,25
makeover,25
periodic_table,25
ginza_(tokyo),25
sakuma_drops,25
supreme_thunder,25
monkey_arm,25
slightly_naughty_expressions_practice,25
barn_swallow,25
enclave_(fallout),25
fusou_(battleship),25
school_shooting,25
pager,25
nerikiri,25
ffr-41mr,25
nissan_micra,25
axe_guitar,25
aqua_babydoll,25
glowing_feet,25
tomahawk_missile,25
jackal_(hellsing),25
coriander,25
jumper_cable,25
black_nose,25
comicstudio,25
shoukaku_(aircraft_carrier),25
raimon_track_uniform,25
loom,25
minerva_(spacecraft),25
haruna_(battleship),25
wearable_sleeping_bag,25
watmel_berry,25
bunsen_burner,25
mantle_clock,25
fan_dancing,25
singaporean_flag,25
m2_flamethrower,25
crest_of_yggdrasil,25
transparent_limb,25
flea_(animal),25
shelby_cobra,25
toyota_altezza,25
snow_animal,25
flower_costume,25
lighting_cigar,25
blasphemy,25
sami_clothes,25
chemical_symbol,25
kokuu_no_megami_athena_(armed),25
repel,25
pika_pika_pikarin_jankenpon,25
lucerne_hammer,25
cure_peace_pose,25
wing_star,25
smudge_tool,25
tengwar_text,25
doc_martens,25
seedling,25
waterpaint,25
hoth,25
sonna_koto_ura_no_mata_urabanashi_desho?,25
adjusting_monocle,25
speedrunning_(topic),25
tea_strainer,25
holding_razor_blade,25
wet_crotch,25
riding_bear,25
energy_lance,25
snapper_(fish),25
glowing_cross,25
crystal_sword_(adventure_time),25
car_jack,25
ice_cream_parlor,25
smithing,25
smelling_tissue,25
genestealer,25
red_fan,25
cocoro_magical,25
velociraptor,25
aqua_pussy,25
japan_cup,25
brown_babydoll,25
kudagitsune,25
private_wars,25
tokyo_metropolis,25
ramadan,25
candlestick_phone,25
sippy_cup,25
maz-537,25
green_teeth,25
plankton,25
whoopee_cushion,25
htms_thonburi,25
plaid_curtains,25
at-st,25
norse,25
hollywood_sign,25
pee_in_pussy,25
israel_defense_forces,25
absurdly_wide_shot,25
flying_guillotine,25
mg08,25
c-rank_uniform_(world_trigger),25
bherna_(armor),25
imminent_cheating_(relationship),25
spoken_mushroom,25
round_bed,25
glowing_shield,25
exalted_weapon_(warframe),25
grey_babydoll,25
mercenary,25
scratching_arm,25
finger_on_another's_head,25
captain_america's_shield,25
being_lost,25
yoi_otome_(idolmaster),25
gentoo_penguin,25
snake_puppet,25
french_navy,25
trigger_(idolish7),25
c++_(programming_language),25
python_(programming_language),25
war_crime,25
kinmirai_happy_end,25
spread_lips,25
fox_ear_headphones,25
japari_chips,25
imperial_navy_(eve_online),25
echo_flower,25
torn_towel,25
mp-446_viking,25
fundoshi_lift,25
holding_honeypot,25
bound_testicles,25
suona,25
sverigedrakten,25
nouvelle_tricolor_(idolmaster),25
downspout,25
imminent_handjob,25
hokkaidoben,25
hi-hat,25
escape_(idolmaster),25
st._johanna's_private_girls_institute_school_uniform,25
wiping_table,25
high-waist_bottom,25
tying_bra,25
u.s.a._(da_pump),25
jigger,25
holding_unworn_thighhighs,25
skirt_partially_removed,25
french_braided_ponytail,25
russian_civil_war,25
bicorn_(creature),25
getsuyoubi_no_cream_soda_(idolmaster),25
ear_piercing_gun,25
faerie_neopet,25
bank_vault,25
team_break,25
yield_sign,25
iphone_11,25
matsumiya_municipal_first_middle_school_uniform,25
espresso_machine,25
kai_ken,25
count_military_uniform,25
glowing_anus,25
orange_nipples,25
alkaloid_(ensemble_stars!),25
sitting_on_tentacle,25
latex_underwear,25
arc_star,25
leg_press_machine,25
height_connection,25
holding_scrunchie,25
fiery_beard,25
rib_tattoo,25
iphone_12_pro,25
the_unforged_(genshin_impact),25
alchemical_quincunx,25
hylian_(a_link_between_worlds),25
food_on_ass,25
towel_on_penis,25
glowing_dildo,25
amazigh_clothes,25
clitoral_suction_vibrator,25
dongpo_pork,25
tribal_print,25
soaking_legs,25
mitosis,25
testicles_press,25
barid_rex,25
hextech_gemstone,25
rolling_vistamp,25
turkish_lamp,25
lunge,25
sweet_dolls_(idolmaster),25
pikipiki_piiman_(inugami_korone),25
cuntboy_with_female,25
mopping,25
glowing_symbol,25
moremoremakingxmas_(project_sekai),25
autorefractor_test,25
apocalypse_(eve_online),25
dimple_facial_mark,25
smoke_censor,25
empty_wallet,25
dried_jujube,25
spider_costume,25
cursor_hair_ornament,25
snowball_scooper,25
partially_underground_shot,25
book_hair_ornament,25
patterned_eyes,25
bbs_(wheel),25
little_bravers!_(project_sekai),25
fruitcake,25
our_galaxy_(e.g.o),25
team_31e_(heaven_burns_red),25
ai-generated_touhou,25
gradient_scales,25
demon_emoji,25
rope_around_wrist,25
animasa_model_(mikumikudance),25
praying_emoji,25
9:2_(e.g.o),25
kissa_hasu_no_sora_(love_live!),25
pointing_at_breasts,25
cardboard_costume,25
alchemisdriver,25
the_first_concerto_(project_sekai),25
eagle_500kg_bomb_stratagem_(helldivers),25
dawn_office_(identity)_(project_moon),25
moon_behind_head,25
decavitator_(splatoon),25
imminent_eating,25
star_charm,25
fang_of_the_mountain_king_(genshin_impact),25
stitched_groin,25
duck_tail,25
firefist_office_(identity)_(project_moon),25
pink_shiso_leaf,25
glowing_object,25
oide_yo!_ishikawa_daikanko,25
monochrome_spot_(idolmaster),24
ipod_nano_1g,24
lindem_baum_uniform,24
hypnocatrice_(armor),24
xiphos_(sword),24
shelby_gt500,24
armored_twintails,24
apparition,24
kappa_costume,24
noel_angelic_(idolmaster),24
wild_pokemon_appeared,24
aida_(.hack//),24
lahti_l-39,24
mojito,24
needler,24
jewel_seed,24
hekisoujo_(juuni_kokuki),24
russo-japanese_war,24
grouper_(fish),24
crossword_puzzle,24
tudor,24
protoss,24
drill_instructor,24
broadcaster_connection,24
mars_arrow,24
boeing_777,24
burn,24
footwear_bell,24
shared_ribbon,24
caterham,24
line_marker,24
ship_of_the_line,24
mclaren_f1,24
tsuuiisou,24
new_zealand,24
australian_shepherd,24
clothes_disappearing,24
graf_zeppelin_(aircraft_carrier),24
hewlett-packard,24
captain_uniform,24
ginseng,24
texas_flag,24
separated,24
pear_of_anguish,24
denny's,24
insect_on_nose,24
capo_(guitar),24
konami_code,24
lance_(senjou_no_valkyria),24
holding_bloomers,24
matching_su-san,24
nazca_lines,24
toyota_supra_mk_iii,24
rondo-revolution,24
pokemon_used_move,24
sword_of_resonance,24
stabo_harness,24
water_sleeves,24
thinkpad,24
moat,24
patchworks,24
swipe,24
yes_i_am!,24
chernobyl_npp,24
cuban_flag,24
hardboilder,24
being_called_an_idiot_by_your_wife,24
y-wing,24
currant,24
save_point,24
snag_machine,24
mode_gakuen_cocoon_tower,24
shikishi_(object),24
warthog_(halo),24
torso_between_breasts,24
folding_fan_design,24
cagayake!_girls_pose,24
asymmetrical_limbs,24
ford_mustang_s197,24
aircraft_tug,24
hong_kong_regional_flag,24
pokemon_tower,24
himeji_castle,24
f8f_bearcat,24
hourai_elixir,24
forced_drinking,24
chitose_ame,24
burj_khalifa,24
white_nipples,24
msx,24
final_flash,24
heel_blade,24
octopus_costume,24
doner_sandwich,24
honda_cr-x,24
death's_head_hawkmoth,24
dildo_under_swimsuit,24
applying_rouge,24
banana_leaf,24
weapon_energy,24
radio_transceiver,24
hands_in_shoes,24
aerial_tram,24
equuleus_(constellation),24
odaiba,24
crescent_beam,24
east_german_flag,24
eye_on_belly,24
white_ankle_cuffs,24
stance_of_heaven_and_earth,24
canna_lily,24
bluetooth_headset,24
mas-36,24
black_handwear,24
tower_of_babel,24
liberator_(sao),24
star_border,24
fuji_speedway,24
procyon_(star),24
ice_background,24
phyrexian,24
ender_pearl,24
serving_(sports),24
gassan_kunimitsu,24
hungarian_text,24
honda_monkey,24
element_of_magic,24
cooking_show,24
police_station,24
sapporo_(city),24
tail_whip,24
rug_beater,24
zanka_no_tachi_(bankai),24
butchering,24
animal_tower,24
crescent_cutout,24
durag,24
foal,24
bruise_on_hand,24
blah_blah_blah,24
mate,24
snail_on_head,24
mjolnir_(mythology),24
bending_barbell,24
rio_de_janeiro,24
round_table_council_uniform,24
sb2c_helldiver,24
spruce,24
hairball,24
m60_main_battle_tank,24
diamond-shaped_hair,24
arashigaoka_academy_school_uniform,24
carbonara_(food),24
momopearberry_(idolmaster),24
grim_the_end,24
wet_diaper,24
red_dougi,24
m41_walker_bulldog,24
marmite,24
cum_in_cloaca,24
skeleton_flower_(plant),24
ambiguous_pink_liquid,24
ear_insertion,24
nasal_cannula,24
bumblebee_(rwby),24
mensis_cage,24
holding_tambourine,24
dried_fish,24
combaticon,24
fruit_juice,24
butterfly_on_foot,24
the_oddballs_(ensemble_stars!),24
holding_saucepan,24
humanity_(dark_souls),24
petal_on_body,24
gummy_worm,24
triple_star,24
kesaran_pasaran_(beelzebub-jou),24
team_dark_(sonic),24
lobster_tail,24
stroking_cheek,24
friendly_fire,24
golf_cart,24
gign,24
torn_loincloth,24
plaid_hair_ornament,24
nintendo_labo,24
muscle_conscious,24
defensive_skill_book_(azur_lane),24
multicolored_lips,24
donbei_dance,24
pr-01_plasma_railgun,24
school_trip,24
wood_elemental,24
chew_toy,24
oinker_(warioware),24
implied_tribadism,24
kulve_taroth_(armor),24
wet_wipes,24
bloody_apron,24
snowflake_pupils,24
lightforged_draenei,24
pawjob,24
secret_lip_(idolmaster),24
polyhedron,24
dragon_background,24
brothel,24
rk62,24
wearshoes,24
navy_faction_(eve_online),24
crystal_tower_(ff14),24
blood_vial,24
dawn_stone,24
outrage_mk_ii,24
paw_pasties,24
putting_on_mask,24
life_orb,24
brave_dragon,24
blinding_light,24
skyward_pride_(genshin_impact),24
wild_wiggler,24
bondage_under_clothes,24
double_face_(ensemble_stars!),24
happy_beans_day,24
vkontakte_logo,24
blue_chemise,24
purple_claws,24
brown_gemstone,24
the_catch_(genshin_impact),24
fragrance_(ensemble_stars!),24
inteyvat_flower_(genshin_impact),24
floating_gem,24
pyoitto_hallelujah!,24
biwon_blade,24
crow's_eye_view_(e.g.o),24
holographic_wings,24
puerto_rican_flag,24
trinityaile_(idoly_pride),24
reed_diffuser,24
bank,24
poop_parfait,24
don't_lose_faith!_(project_sekai),24
fake_website,24
ano_hi_no_yume_no_kanata_mukou_e_(project_sekai),24
shimi_chazuke_(genshin_impact),24
nxde_(i-dle),24
id_core,24
surgical_cap,24
wooden_ladder,24
extrinsic_(nikke),24
frog_charm,24
puerto_rico,24
diamond_on_cheek,24
takahara_academy_school_uniform,24
knife_in_chest,24
futon_drying_machine,24
blood_on_food,24
black_swan_(e.g.o),24
balancing_on_tail,24
soul_fighter_(league_of_legends),24
sauce_packet,24
implied_after_fingering,24
door_lock,24
star_wreath,24
indonesian_middle_school_uniform,24
stacked_mattresses,24
holding_tooth,24
bathroom_sign,24
tongue_between_fingers,24
fuzi,24
track_ballast,24
hoshi_wo_mezashite_yoosoroo!_(project_sekai),24
automaton_(helldivers),24
pleasure_feather_(love_live!),24
scotch_whisky,24
super_destroyer_(helldivers),24
super_stamina_drink_(gakuen_idolmaster),24
holding_perfume,24
distress_hand_signal,24
see-through_balloon,24
therapy,24
breast_grab_under_bra,24
fur_thigh_strap,24
standing_doggy_style,24
food_in_hair,24
arm_patch,24
blue_snake,24
fishnet_arm_warmers,24
stitched_forehead,24
lamborghini_gallardo,23
old_english_sheepdog,23
uncommon_pussy,23
lao-shan_lung_(armor),23
dory_(spear),23
drunken_fist,23
mont_st-michel,23
noah's_ark,23
katateoke,23
blindfold_around_neck,23
pulling_tail,23
pakistani_flag,23
falcata,23
shiou_university,23
skyfish_(cryptid),23
milk_stain,23
hentai_mask,23
launch_tower,23
heat_sink,23
nagasaki,23
contra-rotating_propellers,23
babylon,23
photomosaic,23
squeegee,23
gau-8,23
licking_floor,23
quadruple_penetration,23
lunastra_(armor),23
180_head_tilt,23
blue_beak,23
riding_bomb,23
enoz,23
sig_pro,23
whetstone,23
red_x,23
kumogakure_symbol,23
pop_gun,23
fur_blanket,23
czech_republic,23
space_heater,23
extended_barrel,23
yoshinoya_(restaurant),23
victory_day,23
machairodus,23
cooperative_bellyjob,23
tethered_dart,23
columba_(constellation),23
bunting_(baseball),23
heel_stretch_(pose),23
seasick,23
lake_suwa,23
argyle_pillow,23
lecture_hall,23
good_sleep_pajama_(idolmaster),23
danjo_(tarou),23
resistor,23
butte,23
caterpillar_(company),23
zuikaku_(aircraft_carrier),23
self-destruct_button,23
class_ef63,23
elbows_on_thighs,23
fuzzy_footwear,23
small_animal_water_bottle,23
time_machine_(doraemon),23
airget-lamh_b/v2,23
salt_flats,23
ntt_docomo_yoyogi_building,23
drinking_own_cum,23
multicolored_towel,23
nyokai,23
elixir,23
rhododendron,23
cyclamen,23
coming_out,23
unggoy,23
gakusei_undou,23
matching_hourai,23
antlion,23
orange_pansy,23
franklin_badge,23
parthenon,23
limsa_lominsa,23
zb-26,23
kicking_off_shoe,23
licking_shoe,23
yamaha_attitude,23
shugojuu,23
mh-6_little_bird,23
african_wild_dog,23
coca-cola_zero,23
godiva_chocolatier,23
wolf_ornament,23
bolt_badge,23
stitched_sleeves,23
max_revive,23
stuffed_banana,23
post_office,23
j2m_raiden,23
nuka_cola_quantum,23
aichi_e13a,23
zucchetto,23
chain_tattoo,23
girly_pose,23
type_61_(tank),23
spiked_ball,23
props,23
dinosaur_skull,23
hunter_(armor),23
pichuun,23
mi-8,23
iceland,23
planted_club,23
ectoplasm,23
neck_wings,23
space-time_key_(sailor_moon),23
motto,23
casemate,23
sextant,23
dirt_floor,23
flower_neckwear,23
implied_nosebleed,23
morpho_hydrangea_(idolmaster),23
thread_snips,23
slice,23
double-h_(mawaru_penguindrum),23
shimakaze_(destroyer),23
shaved_eyebrow,23
soothe_bell,23
furikake_(food),23
hydra_(constellation),23
brochette,23
mount_fuji_costume,23
alternate_vehicle,23
teikoku_soccer_uniform,23
aerial_bomb,23
heliotrope_(flower),23
cricket_bat,23
wrist_flexed,23
platinum_disco_(song),23
rottweiler,23
kinder_surprise,23
uygur,23
expressions_of_your_wife_being_loved_practice,23
dried_fruit,23
isobeyaki,23
break,23
craspedia_(flower),23
science_special_search_party_uniform,23
tickling_chest,23
brutor_tribe_(eve_online),23
secret_garden_(fate/extra_ccc),23
vamp_time,23
holding_blueprints,23
polka_dot_outline,23
weeding,23
skier,23
stuffed_beetle,23
tollbooth,23
ribbed_cuffs,23
shady_eyes,23
bamboo_bottle,23
grating_(action),23
inflatable_gag,23
cum_in_urethra,23
imminent_anilingus,23
pussy_hold,23
musou_saber,23
disclaimer,23
nightmare_(madoka_magica),23
boxification,23
cryamore_condenser,23
uss_south_dakota_(bb-57),23
knocked_over,23
golden_eagle,23
umbrella_print,23
torpedo_tempura,23
aek-999,23
window_box,23
sonic_arrow,23
fedorov_avtomat,23
kokusai_ki-76,23
lunar_surface,23
accidental_undressing,23
uss_yorktown_(cv-5),23
mame_daifuku_(food),23
alpha_symbol,23
82nd_airborne,23
leupold_optics,23
zastava_m70,23
tog_ii,23
gianduja,23
electrical_tape,23
folded_napkin,23
weight_loss,23
fondant_au_chocolat,23
self_gift,23
empanada,23
heavy_dropsuit_(dust_514),23
lai_dai_corporation_(eve_online),23
bare_bush,23
purple_bird,23
elbow_on_own_hip,23
squid_beakon_(splatoon),23
whey_protein_powder,23
torn_book,23
rainmaker_(splatoon),23
vaginal_jewelry,23
bandaid_on_object,23
bandaged_stomach,23
cup_stack,23
dark_rider_(sonic),23
breaking_wave,23
vineshroom,23
enfield_no.2_mk1,23
power_bank,23
quokka,23
chest_pounding,23
naked_shawl,23
tenta_missiles_(splatoon),23
diagonal-striped_headwear,23
saite_jewel_(idolmaster),23
glowing_bow_(weapon),23
nintendo_switch_dock,23
tenma_otogizoushi_onigashima,23
bone_horns,23
foot_on_another's_thigh,23
philtrum,23
improvised_bondage,23
broken_bow,23
antique_car,23
audi_quattro,23
face_in_neck,23
lifted_from_behind,23
brand_new_seasons_(idolmaster),23
bobunemimimmi,23
csejte_pyramid_himeji_castle,23
bar_spoon,23
balancing_on_nose,23
kinoko_harem_(idolmaster),23
let's_draw_handsome_boys_challenge,23
australian_army,23
finger_to_neck,23
silver_wings,23
mad_trigger_crew,23
overalls_rolled_up,23
suzuki_carry,23
black_metal,23
1st_generation_(nijisanji),23
brown_pillow,23
ophan,23
silkpunk,23
subscribe_button,23
vibrator_on_soles,23
inflatable_sword,23
stuffed_airplane,23
strawberry-shaped_pillow,23
time_gear,23
fizzy_bomb_(splatoon),23
area_51,23
gudaguda_final_honnouji_2019,23
galactic_republic,23
apple_pencil,23
ameonna,23
covering_with_clothes,23
gashat,23
saloon_doors,23
dilute_tortoiseshell,23
sharpened_nail_(hollow_knight),23
anal_wink,23
caduceus_staff_(fire_emblem),23
butt_plug_in_mouth,23
school_crossing_sign,23
hanging_on_another,23
nautilus_(fate),23
battle_in_new_york_2019,23
glowing_chain,23
gradient_eyelashes,23
crest_of_the_beast,23
vaccine_scar,23
eotech_exps3,23
uaz-452,23
flower_in_gun,23
gold_lotus,23
hemlok,23
chymlaxi,23
royal_sword_academy_school_uniform,23
scary_monsters!_(twisted_wonderland),23
general_liu_rifle,23
two-tone_eyeshadow,23
applying_ointment,23
ghostly_march_(genshin_impact),23
opah_(moonfish),23
"""sweet_dream""_(genshin_impact)",23
graham_cracker,23
airport_security,23
tenno_sho,23
holding_own_horn,23
shiratorizawa_volleyball_uniform,23
alien_costume,23
c.cats_uniform_(idolmaster),23
after_thigh_sex,23
little_strawbearry_(project_sekai),23
snake_ring,23
tail_blush,23
kokokara_re:start!_(project_sekai),23
in_cube,23
yureru_mama_demo_kimi_wa_mae_e_(project_sekai),23
ameagari_no_ichibanhoshi_(project_sekai),23
color_of_myself!_(project_sekai),23
lucky_seven_(xenoblade),23
ruger_lcr,23
hand_on_car,23
pectoral_bondage,23
skull_facepaint,23
capybara_boy,23
oikakeru_yume_no_saki_de,23
waxen_pinion_(e.g.o),23
lowrider,23
glowing_card,23
koppepan,23
flower_in_clothes,23
team_star_uniform,23
splattershot_nova_(splatoon),23
beat_buckle,23
beat_axe,23
pyonpyon_rabbit_(idolmaster),23
utatsuyama_park,23
holding_earbud,23
cum_on_ears,23
long_grass,23
unworn_robe,23
watermelon_knee_pose_(han-0v0),23
long_exposure,23
wrench_hair_ornament,23
skull_charm,23
prehensile_facial_hair,23
vegetto_special,23
raison_d'etre_(ensemble_stars!),23
fake_hair,23
jellyfish_(love_live!),23
walking_dream,23
kangaroo_tail,23
penguin_bag,23
purple_swim_trunks,23
hair_on_tail,23
night_orchid,23
googly_eye_pasties,23
butterfly_pin,23
b.e.a.s.t._glove,23
hand_on_another's_lap,23
nightwicked_(genjitsu_no_yohane),23
biting_another's_hair,23
imminent_threesome,23
spirit_evolution,23
opening_live_event_~bloom_the_dream~,23
luna_say_maybe_(idolmaster),23
narase_beauitful_sound!_(project_sekai),23
leaf_ornament,23
jacket_tucked_in,23
mikutober,23
white_dougi,23
tool_(hollow_knight),23
yellow_leaf,23
padded_shoulders,23
lifting_mini_person,23
mind_controlled_exs-tia,23
grazing_(danmaku),22
square-leg,22
seijyun_jogakuen_uniform,22
novelty,22
feature_phone,22
dark_chocolate,22
minidisc_player,22
disguise_(tf2),22
against_mecha,22
beatboxing,22
a_cruel_angel's_thesis,22
towel_theft,22
zacross_whip,22
game_boy_micro,22
faux_cyrillic,22
wilting,22
milk_enema,22
hydralisk,22
plumbob_(the_sims),22
floating_instrument,22
ported_barrel,22
theremin,22
campbell's,22
shared_pillow,22
opel_(company),22
lullaby,22
fantasy_text,22
abortion,22
mars_flame_sniper,22
atlantis,22
monkey_and_banana_problem,22
hand_sanitizer,22
aerial_root,22
ginkgo_leaf_print,22
bootie,22
algorithm_march,22
pollination,22
tickling_penis,22
cable_divider,22
grease_(food),22
tu-160,22
argyle_border,22
thigh_biting,22
rainbow_path,22
nearly_naked_towel,22
suzani,22
kashira_(pommel),22
human_guitar,22
butterfly_(armor),22
caravan,22
mt._moon,22
corsair,22
essel_super_cup,22
super_love_lotion,22
pink_dog,22
leg_worship,22
batgirl_costume_(1999),22
thriller_bark,22
om_nom_nom,22
muri_dana,22
meat_tenderizer,22
gundam_team,22
kappamaki,22
sandvich,22
shadaloo,22
penis_hold,22
ibanez,22
dodge_charger_(2nd_generation),22
pantsu_marumie,22
flycatcher_(animal),22
hakama_hold,22
brooklyn_bridge,22
electrofisher,22
czech_text,22
unmasking,22
complete_form,22
tohokuben,22
ringo_mogire_beam,22
your_favorite_character_as_male_and_female,22
fukuwarai,22
derailed_train,22
sekihan_(tradition),22
japanese_regalia,22
shadow_charger,22
epiphone_casino,22
electricity_meter,22
lava_cookie,22
trial,22
fermata,22
new_zealand_flag,22
o..o,22
lowboy_trailer,22
curemo,22
punk_(module),22
flip,22
hemerocallis,22
thunderbolt_(pokemon),22
eurasian_magpie,22
lipstick_mark_on_photo,22
saw_blade,22
musaceae,22
bite_the_dust_(jojo),22
skyrocket,22
flood_(halo),22
hagia_sophia,22
rainbow_sword_(kirby),22
yamaha_v-max,22
kiyomizu-dera,22
living_saint,22
jet_badge,22
submarine_pitch,22
swimwear_b_(module),22
antonov_an-225,22
unversed,22
gem_in_body,22
mezzanine,22
boeing_737,22
susanoo_(naruto),22
blades_of_chaos,22
anti-skill_(toaru),22
condor,22
land_rover_range_rover,22
face_against_wall,22
sugar_tongs,22
licking_own_arm,22
nigeria,22
power_ring_(green_lantern),22
draco_meteor_(pokemon),22
varia,22
tansu_(cabinet),22
power_outage,22
persian_speedwell,22
drill_tank,22
hyakuretsukyaku,22
ilex_forest,22
rainbow_outline,22
liberion,22
holy_sword_excalibur,22
blush_visible_through_blindfold,22
trigard_empire,22
ass_conscious,22
shanghai_world_financial_center,22
bad_shadow,22
tobidashi-bouya,22
pby_catalina,22
eyewear_in_pocket,22
too_many_guns,22
awl,22
leviathan_(mythology),22
bamboo_spear,22
kaiten_(weapon),22
pawing,22
happy_shower,22
prima_concerto_(idolmaster),22
blinders,22
meteor_driver,22
nightmare_orb,22
romania,22
cure_march_pose,22
crystal_skull,22
gurney,22
pallet_town,22
freddie_mercury's_rage_pose,22
arare_(food),22
alarmed,22
italian_carabinieri,22
red_square,22
waistpack,22
scarlet_(adventure_time),22
lupus_(constellation),22
saltire,22
dishwasher,22
joseph_joestar's_pose_(jojo),22
absurdly_long_fingernails,22
mercury_aqua_rhapsody,22
male_race_queen,22
no_bodysuit,22
squid_costume,22
cultural_revolution,22
dissection,22
culture_shock,22
drop_pod,22
zephyranthes_(flower),22
kobe_port_tower,22
pov_facial,22
h&k_hk45,22
pure_girls_project,22
card_throwing,22
t-26,22
uss_albacore_(ss-218),22
bullet_tattoo,22
sydney,22
surrounded_by_breasts,22
latch,22
chair_sex,22
corn_flakes,22
alsatian_clothes,22
genesis_driver,22
takahashi_keisuke's_mazda_rx-7_fd,22
dragon_boat,22
swag,22
harpoon_missile,22
nipple_spikes,22
vz._58,22
line_of_action,22
sniper_cradle,22
angel_exercise,22
incoming_business_card,22
paw_wand,22
clam_digging,22
treasure_dome,22
monaka_(food),22
d-scanner,22
removing_eyepatch,22
brocade,22
hanamaru_pippi_wa_yoiko_dake,22
shirozume_girls_high_school_uniform,22
biellmann_spin,22
guillotine_breaker,22
cg_set,22
duman,22
worm_girl,22
blowing_raspberry,22
qcw-05,22
iris_shot,22
outfit_4_(kumamiko),22
pillow_writing,22
kako_squad's_uniform,22
bird_footprints,22
gold_needle,22
untied_straps,22
cat_band,22
official_alternate_body_size,22
choco_monaka_jumbo,22
pontiac_firebird_trans_am,22
melodic_cudgel,22
horn-rim_eyewear,22
loose_wires,22
tear_troughs,22
t-14_armata,22
noatun_(fire_emblem),22
power_moon,22
phessian,22
touou_academy_school_uniform,22
toyota_celica_t230,22
snowplow,22
snowman_on_head,22
stay_stay,22
cinnabar,22
hospital_band,22
railroad_crossing_ahead_sign,22
rabbits_foot,22
silmaril_(gem),22
mismatched_eyeshadow,22
taking_order,22
counter-attack,22
persona_super_live,22
makeup_fabulous!_(idolmaster),22
earlobe_stretcher,22
winged_clothes,22
vacuum_bag,22
cross-laced_bag,22
parking_permissive_sign,22
holy_samba_night,22
innertube_hair_ornament,22
strandberg_guitars,22
microphone_symbol,22
indonesian_civil_servant_uniform,22
gun_malfunction,22
ultra_stamp_(splatoon),22
potoo,22
laundry_cart,22
see-through_cuffs,22
triple_take,22
pickled_cherry_blossom,22
glowing_rope,22
fortune_cookie_(food),22
kimono_hold,22
chick_hair_ornament,22
namielle_(armor),22
nemureru_mori_ni_ikitai_na_(love_live!),22
night_kingdom_(nijisanji),22
fairy_gala_(twisted_wonderland),22
yuni-chan,22
gomen_yui,22
morfonica,22
janomiya_school_uniform,22
microchip,22
guinea_pig_girl,22
satokoi_day,22
slapstick_museum,22
garlic_bread,22
red_oven_mitts,22
iberia_logo,22
orange_teeth,22
erection_under_shirt,22
6th_popularity_poll_(boku_no_hero_academia),22
everlasting_moonglow_(genshin_impact),22
yami_q_ray,22
palette_print,22
christmas_card,22
bleached_(phrase),22
kakusei,22
hamster_print,22
fishnet_footwear,22
batgirl_costume_(2021_stephanie),22
glowing_food,22
goliath_(d&d),22
double-headed_eagle,22
removing_armor,22
zuttomo_(nijisanji),22
tempest_(eve_online),22
slaanesh_(cult),22
bout_for_beside_you_(project_sekai),22
osanpo_usa-chan_coord_(project_sekai),22
twitter_poll,22
purely_silk_(idolmaster),22
flower_on_nose,22
unconventional_artificial_vagina,22
a_thousand_floating_dreams_(genshin_impact),22
wrestling_trunks,22
exotic_(nikke),22
theater_bell_(dankira!!!),22
no_prosthetic_leg,22
ya_sunyata_tad_rupam_(e.g.o),22
holding_another's_feet,22
los_mariachis_(identity)_(project_moon),22
re_prologue_x_(idolmaster),22
button_knot,22
belt_pull,22
sticker_on_ass,22
lemon_cake,22
fire_censor,22
alternate_colored_grass,22
large_bag,22
cream_cheese,22
hand_in_another's_glove,22
offering_umbrella,22
zimmerman_(armored_core_vi),22
starting_bloom_(idolmaster),22
valvarusher,22
mirage_voyage_(love_live!),22
black_feet,22
stick_to_your_faith_(project_sekai),22
super_chump_(splatoon),22
finger_grab,22
through_person,22
megururi_acrylic_stand,22
gold_snake,22
multicolored_clouds,22
binds_(e.g.o),22
gold_hair_tie,22
plant_tail,22
biting_another's_leg,22
putting_on_coat,22
towel_on_face,22
ribbon-trimmed_tube_top,22
white_church_set_(bloodborne),22
front-tie_bikini_top_pull_pose_(han-0v0),22
biting_another's_head,22
tentacle_mouth,22
sauber_c44,22
pile_of_coins,22
lace_arm_warmers,22
shoulder_jewel,22
on_television,22
haji_wa_jinsei_no_kakisute,22
tether,22
single_earphone,22
kao_(bang_dream!),22
ding_(vessel),22
contraband,22
to_remain_oneself_(e.g.o),22
mondegreen,21
remobra_(armor),21
automag,21
orbis_sensualium_pictus,21
sega_cd,21
dragostea_din_tei,21
true_rune,21
mag-7,21
diarium_ejus,21
cropped_hair,21
pastel_marine_(idolmaster),21
painter_(stereotype),21
poverty_outfit,21
cross_fitchy,21
broken_footwear,21
bandaid_pull,21
host_club,21
red_ring_of_death,21
towel_writing,21
douman_seiman,21
obstacle_race,21
cherry_gingham_(idolmaster),21
male_thong,21
obey,21
reverse_deepthroat,21
smith_&_wesson_model_19,21
crochet_hook,21
leg_pull,21
implied_vomiting,21
caterham_7,21
toyota_corolla,21
robot_costume,21
slimejob,21
dragon_sleeper,21
magazine_stack,21
spanish_inquisition,21
lettustanets,21
kawasaki_t-4,21
p-47_thunderbolt,21
flash_step,21
say_my_name,21
tied_towel,21
delta_driver,21
protocol_droid,21
butterfly_boy,21
garden_gnome,21
kaishakunin,21
removing_disguise,21
table-turning,21
gun_barrel_sequence,21
coloring_practice,21
bagworm,21
tsr-2,21
ranch,21
third_impact,21
striped_snake,21
snapdragon,21
nescafe,21
multiple_3koma,21
disapproving_stare,21
hand_on_wound,21
nigerian_flag,21
police_van,21
bose,21
ox-driven_carriage,21
powerbomb,21
tennis_racket_case,21
sdkfz_251,21
yoyogi,21
gothicmade_(mecha),21
food_pick,21
360_panorama,21
subaru_legacy,21
themed_playing_card,21
lotus_seeds,21
pocket_protector,21
power_supply,21
rapid-fire,21
temperature_play,21
cell_(biology),21
aqua_petals,21
pasties_tan,21
pumpkin_pasties,21
kissing_chest,21
fbi_badge,21
hershey's_kisses,21
akebia_fruit,21
purple_card,21
luxembourgish_flag,21
orphnoch_(555),21
chevrolet_corvette_c3,21
too_many_candles,21
boeing_767,21
opera,21
lion_pelt,21
elbow_blade,21
no_ofuda,21
death_ball_(technique),21
satin_lingerie,21
satin_thong,21
mirage_2000,21
landing_mat,21
synapsid,21
m3_stuart,21
plover_(animal),21
sapporo_tv_tower,21
storm_bolter,21
tbd_devastator,21
8_of_my_10_favorite_characters,21
nissan_skyline_c10,21
hiyashi_chuuka,21
monpe,21
mink_(animal),21
reverse_trike,21
rebel,21
kakashi_spirit_news,21
4chan_(/jp/),21
plate_(pokemon),21
socket_(tool),21
kasamawashi,21
labia_slip,21
aim-7_sparrow,21
a-4_skyhawk,21
pokeathlon,21
hungarian_clothes,21
african_grey_parrot,21
tsubo_shouzoku,21
lloromannic,21
solitaire,21
snail_print,21
kirisame_magic_shop,21
skirt_on_head,21
battle_of_aces,21
hippocamp,21
fellows_(carnival_phantasm),21
houkago_rojiura_doumei!,21
holding_abacus,21
solar_flare,21
spear_pillar,21
direction_board,21
bmw_r75,21
omi-watari,21
arrow_in_armor,21
hand_on_own_nose,21
toblerone,21
scutum,21
disarming,21
macaron_tower,21
gender_transition_timeline,21
imminent_molestation,21
beagalltach_(fate),21
the_end_(minecraft),21
jingisukan_(food),21
holy_night_gifter_(idolmaster),21
heart-shaped_donut,21
skyblock,21
family_kamehameha,21
adjusting_ascot,21
shabon_spray,21
game_boy_cartridge,21
clothes_on_chair,21
bow_and_arrow_hold,21
useless_machine,21
ejection_seat,21
aztec_glyphs,21
kinako_(food),21
dropper,21
nagano_prefecture,21
tetraphobia,21
housei_my_friend,21
battleship_(game),21
uss_missouri_(bb-63),21
finger_counting_trio,21
ferrero_rocher,21
3d_printer,21
sheathed_cut,21
artificial_legs,21
flatbed_truck,21
xt,21
severed_foot,21
apothecary,21
crouton,21
carl_gustaf_m/45,21
js_izumo_(ddh-183),21
four-leaf_clover_ornament,21
royal_thai_navy,21
alternate_underwear,21
bosnia_and_herzegovina,21
s&w_m10,21
yamaha_thr,21
fan_meeting,21
imminent_sleep_molestation,21
cream_on_leg,21
a7v_(tank),21
bean_stalk,21
limb_enhancers_(steven_universe),21
imminent_face_licking,21
pagani,21
tackler_(eve_online),21
abdomen_swell,21
wrasse,21
toyota_mr2_sw20,21
m26_grenade,21
bun_with_hair_base,21
on_excavator,21
crystal_prep_academy_school_uniform,21
tottori_prefecture,21
stuffed_rhinoceros_beetle,21
raised_chin,21
aqua_arm_warmers,21
parade_rest,21
cashew,21
munchkin_cat,21
wheel_hair_ornament,21
kikoku_suimu_makyou_rashoumon,21
kangokutou_ni_fukushuu_oni_wa_naku,21
playing_with_food,21
weapon_in_front_of_face,21
carrying_against_hip,21
hobo_shuukan_santa_alter-san,21
shooting_star_(little_witch_academia),21
ouji_squad's_uniform,21
quadruple_v,21
low_quad_tails,21
penis_over_breasts,21
egg_costume,21
ice_stone,21
tesla_coil,21
margay,21
mecha_interior,21
hibiscus_petals,21
balloon_hair_ornament,21
floating_embers,21
metal_plate,21
super_peel_out,21
padlock_symbol,21
basilisk_time,21
hinano_high_school_uniform,21
energon_cube,21
unicorn_hair_ornament,21
multicolored_sclera,21
futa_with_cuntboy,21
glowing_smoke,21
blowing_steam,21
glowing_floor,21
pink_rug,21
cannabis_print,21
franxx_(darling_in_the_franxx),21
waiting_for_headpat,21
fruit_punch_(drink),21
georgia_(country),21
tongue_mark,21
card_kingdom_(deltarune),21
litter,21
snake_way,21
dodge_charger_(7th_generation),21
double_cherry,21
thunderbrand,21
coiled_nail_(hollow_knight),21
bear_background,21
fx-05_xiuhcoatl,21
sweet_potato_cake,21
spoken_penis,21
vestments,21
confetti_balloon,21
boar_girl,21
seiros_shield,21
dreadnought_(eve_online),21
bread_bowl,21
thurible,21
ponytail_day,21
brother-in-law,21
sunset_skypassage_(idolmaster),21
rising_hopper,21
frilled_shark,21
mfo_threesome,21
leaf_on_breast,21
outrider's_champion_steak!_(genshin_impact),21
esp_stream-miku-custom,21
like_it!_love_it!,21
hand_on_tentacle,21
havoc_energy_rifle,21
sitting_on_penis,21
naked_kigurumi,21
byzantine_clothes,21
honda_accord,21
abyssal_moonlight_(idolmaster),21
sliced_egg,21
"""pile_'em_up""_(genshin_impact)",21
hawk_moth,21
black_bunny_(ensemble_stars!),21
woodcutter,21
implied_breast_sucking,21
tianshu_meat_(genshin_impact),21
stribog_sp9,21
shrimp_print,21
virtue_(darkest_dungeon),21
s.t.y.x._employee_uniform,21
akari_no_mirage_(project_sekai),21
libera_driver,21
kylix,21
mitsubishi_pajero,21
grilled_cheese,21
yada!_(love_live!),21
porsche_993,21
chocolate_on_head,21
dizzy_trap_(project_sekai),21
poco_grande_glass,21
squid_boy,21
sekai_no_sakura_tsunagaru_omoi_(project_sekai),21
batgirl_costume_(2021_cassandra),21
butterfly_wing_(love_live!),21
lawyer,21
imminent_amputation,21
marmot,21
pressure_washer,21
nintendo_ultra_hand,21
holomyth_anniversary_outfit,21
nilotpala_lotus_(genshin_impact),21
xiphos'_moonlight_(genshin_impact),21
back_issues_(font),21
rune_of_death,21
bent_over_backwards,21
scarlet_book_(pokemon),21
baekje_middle_school_uniform,21
red_bean,21
colt_walker,21
harvesting_ship_(eve_online),21
ferrari_499p,21
half_up_hair_twist,21
fake_teeth,21
loose_dress,21
thigh_press,21
insect_on_face,21
coll,21
girls_(aespa),21
moth_on_head,21
floral_print_headwear,21
virtual_talent_academy_school_uniform,21
crown-shaped_pupils,21
lobotomy_corporation_remnant_(identity)_(project_moon),21
kimi_to_tsumugu_precious_memories_(project_sekai),21
tail_pouch,21
thunderstorm,21
songbirds_(armored_core),21
white_eyeliner,21
fishnet_shrug,21
gudaguda_chou_goryoukaku,21
frog_on_shoulder,21
slugpup,21
buccal_flap,21
ender_ender_(idolmaster),21
keycard,21
licking_screen,21
ano_hi_kanadeta_neiro_wo_(project_sekai),21
vine_harness,21
glowing_footwear,21
itsumade_(youkai),21
bride_(brand),21
arabian_oryx,21
boomstick_(nikke),21
leaf_in_hair,21
liquid_tail,21
eyebrow_stubble,21
garugaru_(precure),21
neck_injury,21
youtiao,21
gem_eyes,21
mystic_light_quest,21
tying_ribbon,21
eye_taped_shut,21
leg_over_thigh,21
green_lines,21
military_patch,21
back_spikes,21
collarbone_tattoo,21
eyelashes_through_hair,21
funky_dorrie,21
heishou_pack-you_branch_(identity)_(project_moon),21
sonic_boom_(street_fighter),20
schrodinger's_cat,20
ehou,20
aperture_science_advanced_knee_replacement,20
mini_morning_(idolmaster),20
taj_mahal,20
nestle,20
sega_master_system,20
fur-trimmed_hair_tubes,20
belderiver,20
beyerdynamic,20
paper_shredder,20
kami's_lookout,20
afk,20
no_laces,20
green_garter,20
mukaihara_junior_high_school_uniform,20
drooping_cat,20
gungan,20
m7,20
cymbidium,20
soul_calibur_(weapon),20
wasp_nest,20
manhattan,20
sitting_on_chest,20
venus_love_and_beauty_shock,20
rouse_card,20
double_fisting,20
bulldog_clip,20
asshat,20
jazz,20
sarong_pulled_up,20
phoenix_feather,20
holding_armband,20
excalibur_(mythology),20
messerschmitt,20
muscat,20
pepper_spray,20
chattering_teeth_(toy),20
inside_tree,20
do-dai_(idolmaster),20
stryker_(afv),20
diao_chan_guan,20
robin_(animal),20
hentai_da!,20
rajang_(armor),20
marine_(halo),20
srs99,20
green_armpit_hair,20
audio_jack_tail,20
jawbreakers,20
cooperative_facejob,20
north_kaiou's_planet,20
onigari-no-ryuuou,20
16_color,20
jackson_rhoads,20
lazy_susan,20
fitting,20
diablos_(armor),20
contact_lens_case,20
wall_run,20
shrink_wrap,20
akantor_(armor),20
krispy_kreme,20
toyota_2000gt,20
demon_cat,20
fenghuang,20
sympathy,20
washington_d.c.,20
no_fire,20
cane_gun,20
ankylosaurus,20
god's_right_seat,20
school_(toaru),20
s&w_m29,20
grabbing_own_wings,20
fender_telecaster_bass,20
tokyo_dome,20
spartan,20
makisu,20
cardinal_(animal),20
m41a_pulse_rifle,20
osprey,20
alastor_(sword),20
papercutting,20
scheming,20
chicken_coop,20
dragvisor,20
ending_song,20
aetheryte,20
surveillance,20
2fort,20
galm_team,20
head_through_ceiling,20
evangelion_stage_2_specification,20
overdose,20
shoe_pull,20
no_beard,20
yellowtail_fusilier,20
mouthful,20
psychic_(pokemon_move),20
sonic_screwdriver,20
nipple_stimulator,20
kinkaku-ji,20
mismatched_facial_hair,20
shinjuku_station,20
curly_bangs,20
single_sock_removed,20
locust,20
flatlining,20
tree_trunk_bridge,20
1945,20
washing_feet,20
absinthe,20
print_pasties,20
euro_sign,20
alternate_view,20
pc-98_(computer),20
confederate_states_of_america,20
outhouse,20
on_helicopter,20
xillia_symbol,20
prism_school_school_uniform,20
disc_(tron),20
theatrical_performance,20
abaddon_(eve_online),20
pino_(food),20
butterfly_on_ear,20
medusan_carapace,20
bocca_della_verita,20
louvre_pyramid,20
beretta_cx4,20
hondew_berry,20
honda_fit,20
disguise_pen_(sailor_moon),20
lip_rod_(sailor_moon),20
tranquilizer_dart,20
fn_herstal,20
shuutoku_basketball_uniform,20
penny-farthing,20
fudge,20
kissing_pussy,20
berlin,20
senjougahara_hitagi_arm_up_pose,20
party_favor,20
air_traffic_control,20
major_mitchell's_cockatoo,20
kikka_(airplane),20
salarian,20
k2_black_panther,20
gift_tag,20
lamb_chops,20
hanagasa,20
su-25,20
natural_wedgie,20
santorini_(greece),20
selkie_(mythology),20
shorts_on_head,20
animal-themed_ring,20
puring_ring,20
pure_valentine_(idolmaster),20
austria-hungary,20
camouflage_(behavior),20
panama,20
reel-to-reel_tape_recorder,20
pina_colada,20
karintou,20
eating_crayons,20
equipment,20
mine_cart,20
morgue,20
front-end_loader,20
atago_(cruiser),20
signage,20
osean_flag,20
hiryuu_(aircraft_carrier),20
snake_wine,20
preening,20
rotten,20
boiler,20
kabizashi,20
single_serve_sake,20
stuffed_platypus,20
hooked_on_heel,20
chawanmushi,20
daidai_maru,20
galil_ace,20
grineer,20
assisted_coverage,20
chirashi_(food),20
flares_(countermeasure),20
kamov_ka-52,20
glass_float,20
bouldering,20
japan_coast_guard,20
picot_pollon,20
raisin_(fruit),20
keg_(container),20
truss_bridge,20
chairlift,20
shared_book,20
imperial_russian_flag,20
doria_(food),20
black_widow_(spider),20
towed_artillery,20
trident_print,20
sea_sparkle,20
tide_(detergent),20
c.a.r._smg,20
tuk-tuk,20
six_same_faces,20
s(mile)ing!_(idolmaster),20
aichi_prefecture,20
chiba_prefecture,20
liquid_flower,20
blade_horns,20
waffle_print,20
jakku_(star_wars),20
outfit_2_(kumamiko),20
tategoto_military_uniform,20
ez_do_dance,20
licking_another's_nose,20
saber_wars,20
chasm,20
viper_(xcom_2),20
schnauzer,20
lobotomy,20
blue_pill,20
person_in_mouth,20
implied_after_cunnilingus,20
hanging_gardens_of_babylon_(fate),20
rocking,20
spp-1,20
kuchikamizake,20
cruel_oath,20
focus_sash,20
over_myself_(idolmaster),20
beached,20
alligator_costume,20
tentacle_piercing,20
champion_(company),20
dun_stallion_ii_(fate),20
akademie_der_meeresbrise,20
maginot_(emblem),20
hero_of_the_wild_set_(zelda),20
blackwatch_(overwatch),20
showing_forehead,20
titan_(eve_online),20
stirring_rod,20
weider_in_jelly,20
curse,20
breastless_bodysuit,20
kawasaki_ninja_h2r,20
pancake_hair_ornament,20
air_jordan_5,20
sunken_eyes,20
turbocharger,20
contraceptive,20
akimeite_ding_dong_dang!_(idolmaster),20
no_extra_ears,20
y-string,20
under_skin,20
delfino_plaza,20
cetme_ameli,20
opening_book,20
orbcalibur,20
guided_headpat,20
swap,20
sherry_n_cherry_(idolmaster),20
kadachi_(palico_armor),20
bunnytop_(xenoblade_x),20
agate,20
japanese_amberjack,20
outline_with_lineart,20
brightest_melody,20
bear_cub,20
ohma_zi-o_driver,20
megalodon,20
highlighter_(makeup),20
air_max_90,20
graffiti_print,20
furuki_kumo_wa_kaiko_to_tomo_ni_ito_wo_tsumugu,20
black_credit_card,20
armor_writing,20
froggy_chair,20
super_nova_(love_live!),20
heart_bed,20
mortal_savant_(fire_emblem:_three_houses),20
kitoralsus,20
rocket_hair_ornament,20
trojan_horse_(fate),20
burger_print,20
censored_symbol,20
favonius_warbow_(genshin_impact),20
new_era,20
infrared_thermometer,20
loot_tick,20
costume_change,20
ruyi,20
nectar_(hades),20
onigiri_ornament,20
cork_popping,20
touching_tail,20
hololive_1st_generation_anniversary_outfit,20
cavern,20
elegy_of_the_end_(genshin_impact),20
partially_worn_chastity_cage,20
tortilla,20
laterano_logo,20
banana_tree,20
amaro_(ff14),20
essex_face,20
model_clipping,20
alternate_fur_color,20
unworn_male_swimwear,20
b&t_apc556,20
line_boil,20
oberkommando_west_(company_of_heroes_2),20
notched_speech_bubble,20
tteokbokki,20
unnamed_harmony_(project_sekai),20
happy_spa,20
implied_frottage,20
deadmen_(kamen_rider_revice),20
gm_construct_(garry's_mod),20
storm_border,20
flower_with_face,20
licking_bulge,20
rabbit_house_logo,20
proud_of_stage_(idolmaster),20
bedlah,20
calla_lily_(genshin_impact),20
giffard_rex,20
retro_framers_(splatoon),20
forced_title_drop,20
shoe_insert,20
makeshift_headset,20
wave_breaker_(splatoon),20
mochikororin,20
holding_eggshell,20
tumblr_sexyman_tournament,20
self_hypnosis,20
digifriend,20
felinid,20
mighty_tools_(nikke),20
eggplant_slice,20
giraffe_boy,20
boost_mark_ii_buckle,20
hodokareta_ito_no_sono_saki_ni_(project_sekai),20
crop_top_pull,20
heaven_(e.g.o),20
on_hover_bike,20
white_pollux_(nikke),20
cross_x_mark_(ensemble_stars!),20
stellamaris,20
krisis,20
chrysaor_(fate),20
face_between_pectorals,20
foot_on_glass,20
sea_stars,20
burn_my_soul_(project_sekai),20
sekai_ni_hibike!_your_song_(project_sekai),20
ivy_cudgel_(pokemon),20
no_cheeks,20
hands_framing_own_cheeks,20
bow_sticker,20
fade_to_black,20
leg_markings,20
mars_(ado),20
plantification,20
double-barreled_rifle,20
alter_maiden,20
muli,20
undone_collar,20
cloud_gouger_(sword),20
rot_fly,20
valentine_card,20
bakotsu_(youkai),20
doll_(nikke),20
holding_grape,20
d-3_(digimon),20
kumano_onsen_satsujin_jiken,20
gun_to_mouth,20
glass_mug,20
bikini_knee_pose_(han-0v0),20
school_invader_(hundred_line),20
ambiguous_blue_liquid,20
v_over_crotch,20
ano_hi_mita_yozora_wa_itsuka_no_mirai_e_(project_sekai),20
lightning_bolt_tattoo,20
seal_girl,20
slumped,20
this_moment_with_you!_(project_sekai),20
beaded_hair_ornament,20
brambles,20
fake_pincers,20
indicant's_trial_(e.g.o),20
libre_conillo_(idolmaster),20
pink_thong,20
soshite_hari_wa_ugokidasu_(project_sekai),20
37.5c_no_fantasy,20
offering_food,20
atarayo_hanabi,20
