tag,count
original,1410225
touhou,1058512
kantai_collection,582533
fate_(series),402185
blue_archive,335690
pokemon,331583
fate/grand_order,300978
idolmaster,272445
hololive,266882
genshin_impact,256160
vocaloid,189458
arknights,169134
azur_lane,153934
umamusume,153293
idolmaster_cinderella_girls,139655
honkai_(series),137309
love_live!,118283
fire_emblem,112520
final_fantasy,98175
honkai:_star_rail,94905
hololive_english,89215
mahou_shoujo_madoka_magica,83228
girls'_frontline,76620
girls_und_panzer,75671
nijisanji,75082
gundam,66002
precure,62212
kemono_friends,61662
danganronpa_(series),61174
mahou_shoujo_madoka_magica_(anime),60563
indie_virtual_youtuber,57674
zenless_zone_zero,56613
granblue_fantasy,54209
jojo_no_kimyou_na_bouken,53319
idolmaster_(classic),44840
fate/stay_night,44573
one_piece,44272
persona,43272
love_live!_school_idol_project,43007
idolmaster_shiny_colors,42318
bang_dream!,42159
honkai_impact_3rd,41628
yu-gi-oh!,38044
boku_no_hero_academia,36867
the_legend_of_zelda,34769
final_fantasy_vii,34093
neon_genesis_evangelion,33675
league_of_legends,33257
fire_emblem_heroes,32897
project_moon,31851
final_fantasy_xiv,31490
street_fighter,31321
splatoon_(series),31253
pokemon_swsh,31030
chainsaw_man,30979
idolmaster_million_live!,29572
ragnarok_online,29066
lyrical_nanoha,28914
bang_dream!_it's_mygo!!!!!,28312
goddess_of_victory:_nikke,28111
dragon_ball,28046
mario_(series),27655
wuthering_waves,27643
suzumiya_haruhi_no_yuuutsu,27571
fire_emblem:_three_houses,27508
world_witches_series,27397
pokemon_sv,27356
fate/extra,27268
k-on!,27018
toaru_majutsu_no_index,26648
xenoblade_chronicles_(series),26568
link!_like!_love_live!,26551
bocchi_the_rock!,26381
princess_connect!,26159
love_live!_sunshine!!,24982
pokemon_(anime),24721
fate/apocrypha,24213
danganronpa_2:_goodbye_despair,23358
pokemon_sm,23267
danganronpa_v3:_killing_harmony,23101
limbus_company,22181
voiceroid,21924
guilty_gear,21485
naruto_(series),20840
utau,20840
marvel,20826
project_sekai,20530
kono_subarashii_sekai_ni_shukufuku_wo!,20145
dragon_quest,20086
xenoblade_chronicles_2,19888
re:zero_kara_hajimeru_isekai_seikatsu,19729
fire_emblem_fates,19628
mega_man_(series),19579
overwatch,19367
strike_witches,19279
bishoujo_senshi_sailor_moon,19145
sword_art_online,19009
sousou_no_frieren,18948
tales_of_(series),18867
monogatari_(series),18854
love_live!_nijigasaki_high_school_idol_club,18551
touken_ranbu,18108
kill_la_kill,17665
code_geass,17664
gochuumon_wa_usagi_desu_ka?,17621
jujutsu_kaisen,17590
pokemon_bw,17201
idolmaster_cinderella_girls_starlight_stage,17077
reverse:1999,16531
bleach,16467
fire_emblem_awakening,16455
gakuen_idolmaster,16402
the_king_of_fighters,16398
toaru_kagaku_no_railgun,16396
fate/zero,16341
lucky_star,16319
digimon,16263
overwatch_1,16174
nier_(series),15900
touhou_(pc-98),15879
real_life,15691
pokemon_dppt,15384
nijisanji_en,15222
neptune_(series),15099
kimetsu_no_yaiba,15099
persona_5,14908
persona_4,14903
sonic_(series),14505
higurashi_no_naku_koro_ni,14303
spy_x_family,14301
omori,14226
nier:automata,14117
mahou_shoujo_lyrical_nanoha_strikers,13995
saibou_shinkyoku,13983
final_fantasy_vii_remake,13836
shingeki_no_kyojin,13812
mahou_shoujo_lyrical_nanoha,13756
persona_3,13667
rwby,13569
danganronpa:_trigger_happy_havoc,13175
stardust_crusaders,13170
dragon_ball_z,13102
dungeon_meshi,13032
tokyo_afterschool_summoners,12909
tsukihime,12900
macross,12692
blazblue,12529
go-toubun_no_hanayome,12482
tengen_toppa_gurren_lagann,12440
senran_kagura,12317
darkstalkers,12273
fate/extra_ccc,12255
magia_record:_mahou_shoujo_madoka_magica_gaiden,12218
kirby_(series),12075
monster_hunter_(series),12016
inazuma_eleven_(series),12007
umineko_no_naku_koro_ni,11995
rozen_maiden,11993
fate/kaleid_liner_prisma_illya,11941
utdr_(toby_fox),11895
cookie_(touhou),11801
senki_zesshou_symphogear,11665
rebuild_of_evangelion,11636
pokemon_bw2,11531
super_smash_bros.,11241
fire_emblem_engage,11091
kamen_rider,11065
idolmaster_million_live!_theater_days,10945
pokemon_xy,10901
assault_lily,10747
cardcaptor_sakura,10726
elden_ring,10608
gundam_suisei_no_majo,10509
naruto_(classic),10422
atelier_(series),10394
science_adventure,10390
dc_comics,10283
the_legend_of_zelda:_breath_of_the_wild,10158
vento_aureo,10127
battle_tendency,10077
onii-chan_wa_oshimai!,9800
smile_precure!,9678
vspo!,9591
eiyuu_densetsu,9351
axis_powers_hetalia,9243
pretty_series,9186
hololive_indonesia,9130
guilty_gear_strive,9100
girls_band_cry,9012
ensemble_stars!,9004
lycoris_recoil,8907
pokemon_hgss,8902
last_origin,8731
aikatsu!_(series),8675
to_heart_(series),8649
pokemon_masters_ex,8544
pokemon_legends:_arceus,8529
yuruyuri,8492
darling_in_the_franxx,8483
splatoon_3,8456
oshi_no_ko,8365
kobayashi-san_chi_no_maidragon,8328
bakemonogatari,8247
saki_(manga),8232
high_school_dxd,8200
resident_evil,8093
helltaker,8090
diamond_wa_kudakenai,8007
pokemon_oras,8005
macross_frontier,7983
ace_attorney,7926
elsword,7925
ore_no_imouto_ga_konna_ni_kawaii_wake_ga_nai,7924
one-punch_man,7911
gridman_universe,7797
metroid,7796
naruto_shippuuden,7776
to_love-ru,7744
the_legend_of_zelda:_tears_of_the_kingdom,7733
panty_&_stocking_with_garterbelt,7686
pixiv_fantasia,7635
gundam_00,7590
warship_girls_r,7579
mahou_shoujo_lyrical_nanoha_a's,7398
alien_stage,7398
clannad,7380
inazuma_eleven_go,7353
tiger_&_bunny,7351
fatal_fury,7330
hunter_x_hunter,7304
a.i._voice,7294
little_busters!,7278
undertale,7244
ranma_1/2,7198
hibike!_euphonium,7192
dead_or_alive,7190
mahou_shoujo_madoka_magica:_hangyaku_no_monogatari,7188
apex_legends,7182
watashi_ga_motenai_no_wa_dou_kangaetemo_omaera_ga_warui!,7175
punishing:_gray_raven,7159
disgaea,7133
gundam_gquuuuuux,7090
to_heart_2,7049
nanashi_inc.,7048
love_live!_superstar!!,7026
black_rock_shooter,7011
gundam_seed,6967
fire_emblem:_the_blazing_blade,6820
megami_magazine,6813
kagerou_project,6676
splatoon_1,6648
splatoon_2,6645
kemono_friends_3,6634
mushoku_tensei,6626
houseki_no_kuni,6587
tekken,6578
street_fighter_6,6578
sanrio,6555
sono_bisque_doll_wa_koi_wo_suru,6552
kaguya-sama_wa_kokurasetai_~tensai-tachi_no_renai_zunousen~,6513
nikki_(series),6466
phantasy_star,6459
spider-man_(series),6384
queen's_blade,6362
aikatsu!,6292
pokemon_frlg,6287
idolmaster_1,6286
twisted_wonderland,6277
puzzle_&_dragons,6269
flower_knight_girl,6213
steins;gate,6209
amagami,6195
kingdom_hearts,6182
dungeon_ni_deai_wo_motomeru_no_wa_machigatteiru_darou_ka,6164
dokidoki!_precure,6146
fullmetal_alchemist,6121
dragon_ball_super,6091
animal_crossing,6090
angel_beats!,6084
ssss.gridman,6083
date_a_live,6016
hololive_dev_is,6011
fire_emblem:_genealogy_of_the_holy_war,5985
koha-ace,5938
love_live!_school_idol_festival,5926
transformers,5925
pripara,5917
new_super_mario_bros._u_deluxe,5902
stone_ocean,5878
synthesizer_v,5817
monster_girl_encyclopedia,5771
girls'_frontline_2:_exilium,5749
x-men,5716
gintama,5714
heartcatch_precure!,5702
fire_emblem:_radiant_dawn,5644
super_robot_wars,5620
monster_musume_no_iru_nichijou,5559
holostars,5529
len'en,5480
yahari_ore_no_seishun_lovecome_wa_machigatteiru.,5471
little_witch_academia,5439
skullgirls,5419
guilty_gear_xrd,5402
kamitsubaki_studio,5400
yurucamp,5382
dark_souls_(series),5372
phantasy_star_online_2,5370
osomatsu_(series),5345
nitroplus,5331
puyopuyo,5327
library_of_ruina,5319
fire_emblem:_mystery_of_the_emblem,5285
made_in_abyss,5279
touqi_guaitan,5265
lobotomy_corporation,5251
needy_girl_overdose,5207
pokemon_rse,5127
golden_kamuy,5085
toradora!,5047
osomatsu-san,5045
xenoblade_chronicles_3,5042
gegege_no_kitarou,5035
meitantei_conan,5019
the_legend_of_zelda:_twilight_princess,5009
dungeons_&_dragons,4995
steel_ball_run,4956
fire_emblem:_path_of_radiance,4943
deltarune,4920
dandadan,4899
dungeon_and_fighter,4856
idolmaster_side-m,4854
phantom_blood,4837
doki_doki_literature_club,4825
alice's_adventures_in_wonderland,4820
mega_man_(classic),4797
kemono_friends_v_project,4794
the_hundred_line_-last_defense_academy-,4794
cookie_run,4772
pokemon_(classic_anime),4726
taimanin_(series),4711
mobile_suit_gundam,4702
inazuma_eleven,4695
os-tan,4672
shingeki_no_bahamut,4668
star_wars,4663
machikado_mazoku,4660
atelier_ryza,4655
devil_may_cry_(series),4640
eromanga_sensei,4597
shoujo_kageki_revue_starlight,4571
final_fantasy_xi,4561
fire_emblem:_the_binding_blade,4513
pokemon_adventures,4508
zero_no_tsukaima,4470
suite_precure,4451
mega_man_x_(series),4446
cevio,4427
vshojo,4419
spice_and_wolf,4410
marvel_rivals,4406
gundam_build_fighters,4398
kid_icarus,4389
cyberpunk_(series),4363
mahou_sensei_negima!,4354
metal_gear_(series),4335
bemani,4331
hirogaru_sky!_precure,4327
haikyuu!!,4294
sekaiju_no_meikyuu,4290
oshiro_project:re,4213
sennen_sensou_aigis,4212
kouyoku_senki_exs-tia,4195
star_ocean,4188
yu-gi-oh!_duel_monsters,4188
minecraft,4152
pokemon_sm_(anime),4149
the_legend_of_zelda:_ocarina_of_time,4146
street_fighter_v,4120
fairy_tail,4103
heaven_burns_red,4097
yu-gi-oh!_gx,4082
mcdonald's,4070
dragon_quest_iii,4051
warhammer_40k,4047
sen_no_kiseki_(series),4038
batman_(series),4008
fate/prototype,3989
path_to_nowhere,3984
infinite_stratos,3975
chuunibyou_demo_koi_ga_shitai!,3944
mahjong_soul,3925
hellaverse,3875
samurai_spirits,3869
fate/hollow_ataraxia,3866
evangelion:_3.0_you_can_(not)_redo,3860
happinesscharge_precure!,3837
touhou_lostword,3812
final_fantasy_vi,3811
zombie_land_saga,3811
hyouka,3781
tales_of_vesperia,3760
shadowverse,3754
boku_wa_tomodachi_ga_sukunai,3752
gundam_seed_destiny,3749
pokemon_horizons,3748
yuri!!!_on_ice,3747
fresh_precure!,3645
zeta_gundam,3643
urusei_yatsura,3642
fire_emblem:_the_sacred_stones,3638
project_diva_(series),3634
cyberpunk:_edgerunners,3624
final_fantasy_ix,3613
maria-sama_ga_miteru,3611
pokemon_tcg,3604
vrchat,3594
melty_blood,3577
pokemon_rgby,3554
soul_eater,3539
sayonara_zetsubou_sensei,3531
youkai_watch,3520
alice_gear_aegis,3518
my_little_pony,3501
shakugan_no_shana,3494
baldur's_gate,3492
modao_zushi,3489
kara_no_kyoukai,3482
bloodborne,3473
fire_emblem_echoes:_shadows_of_valentia,3468
final_fantasy_vii_rebirth,3456
baldur's_gate_3,3454
azumanga_daioh,3450
pikmin_(series),3443
soulcalibur,3441
kanon,3423
final_fantasy_iv,3379
my_little_pony:_friendship_is_magic,3373
overlord_(maruyama),3350
snk,3344
futari_wa_precure,3328
yes!_precure_5,3317
tokyo_ghoul,3305
mega_man_zero_(series),3260
shin_megami_tensei,3245
nichijou,3245
summer_pockets,3238
kid_icarus_uprising,3233
hidamari_sketch,3218
yu-gi-oh!_5d's,3186
evangelion:_2.0_you_can_(not)_advance,3186
street_fighter_zero_(series),3173
pokemon_journeys,3172
mother_(series),3168
ado_(utaite),3160
muv-luv,3149
new_game!,3148
phase_connect,3148
hayate_no_gotoku!,3147
22/7,3100
go!_princess_precure,3099
final_fantasy_viii,3098
pokemon_gsc,3073
hazbin_hotel,3073
m.u.g.e.n,3064
closers,3051
final_fantasy_vii_ever_crisis,3050
tsukihime_(remake),3035
stellive,3028
voicevox,3000
project_voltage,2991
aria_(manga),2981
arcane:_league_of_legends,2971
warcraft,2960
final_fantasy_tactics,2938
working!!,2925
senpai_ga_uzai_kouhai_no_hanashi,2924
saenai_heroine_no_sodatekata,2916
twitter,2912
promare,2907
brave_witches,2904
danganronpa_3_(anime),2892
avatar_legends,2882
komi-san_wa_komyushou_desu,2861
ultra_series,2857
cookie_run:_kingdom,2855
kannagi,2853
bleach:_sennen_kessen-hen,2842
dragon_ball_(classic),2833
shining_nikki,2826
dark_souls_i,2822
ambience_synesthesia,2815
mega_man_zx,2813
tales_of_the_abyss,2794
dragon_quest_iv,2793
breath_of_fire,2790
poptepipic,2779
senran_kagura_shoujo-tachi_no_shin'ei,2774
tate_no_yuusha_no_nariagari,2770
yume_nikki,2766
sana_channel,2764
seiken_densetsu,2757
shinrabanshou,2749
persona_3_portable,2739
cinderella_girls_gekijou,2739
senran_kagura_new_link,2735
fire_emblem_cipher,2734
kuro_no_kiseki_(series),2718
spider-verse,2713
black_survival,2712
wizarding_world,2695
death_note,2689
final_fantasy_vii_advent_children,2689
ikkitousen,2673
mon-musu_quest!,2646
dragon_quest_xi,2643
final_fantasy_x,2641
inuyasha,2641
osomatsu-kun,2640
mabinogi,2639
luo_xiaohei_zhanji,2637
girls'_frontline_neural_cloud,2632
onmyoji,2623
little_red_riding_hood_(fairy_tale),2617
berserk,2617
kirakira_precure_a_la_mode,2615
street_fighter_iv_(series),2614
fate/samurai_remnant,2609
rabbit_hole_(vocaloid),2606
mob_psycho_100,2592
atelier_ryza_1,2588
final_fantasy_v,2584
guilty_crown,2583
emil_chronicle_online,2581
di_gi_charat,2574
macross_delta,2556
boruto:_naruto_next_generations,2547
pokemon_xy_(anime),2546
mega_man_legends_(series),2533
gundam_zz,2532
hugtto!_precure,2526
saga,2522
mihoyo,2521
sakura_taisen,2519
shinryaku!_ikamusume,2519
magical_mirai_(vocaloid),2518
world_of_warcraft,2517
.live,2517
benghuai_xueyuan,2513
to_love-ru_darkness,2504
lawson,2492
infinity_nikki,2487
ryuuou_no_oshigoto!,2476
sword_girls,2474
melonbooks,2473
holostars_english,2469
black_lagoon,2465
uzaki-chan_wa_asobitai!,2458
godzilla_(series),2454
dragon_quest_v,2448
durarara!!,2443
sengoku_basara,2424
show_by_rock!!,2423
watashi_ni_tenshi_ga_maiorita!,2422
tales_of_xillia,2403
kill_me_baby,2402
nisemonogatari,2402
tales_of_symphonia,2391
god_eater,2391
galaxy_angel,2380
under_night_in-birth,2371
sword_art_online:_alicization,2366
muv-luv_alternative,2365
gundam_build_fighters_try,2365
wonderful_precure!,2362
pangya,2348
bishoujo_senshi_sailor_moon_s,2342
air_(visual_novel),2341
shantae_(series),2338
wild_arms,2335
live_a_hero,2320
utawarerumono,2319
harry_potter_(series),2315
aoki_hagane_no_arpeggio,2315
kin-iro_mosaic,2313
star_twinkle_precure,2294
dragon's_crown,2278
onegai_my_melody,2277
free!,2274
gensou_suikoden,2265
yuusha_de_aru,2259
digimon_adventure,2251
coca-cola,2249
touhou_tag_dream,2249
ijiranaide_nagatoro-san,2243
ghost_in_the_shell,2240
yu-gi-oh!_arc-v,2236
yuuki_bakuhatsu_bang_bravern,2235
princess_principal,2233
frozen_(disney),2228
darker_than_black,2221
gundam_unicorn,2220
microsoft_windows,2219
call_of_duty,2218
make_heroine_ga_oo_sugiru!,2205
idolmaster_2,2202
ano_hi_mita_hana_no_namae_wo_bokutachi_wa_mada_shiranai.,2194
sinoalice,2192
alchemy_stars,2185
teen_titans,2182
phantom_of_the_kill,2181
idolmaster_dearly_stars,2176
kizuna_ai_inc.,2175
heaven's_feel,2171
tsugu_(vtuber),2162
resident_evil_4,2153
koihime_musou,2152
doraemon,2148
karakai_jouzu_no_takagi-san,2142
toji_no_miko,2133
mahou_girls_precure!,2129
eternal_return:_black_survival,2129
tropical-rouge!_precure,2128
castlevania_(series),2124
identity_v,2115
super_sentai,2110
super_mario_galaxy,2109
fire_emblem_warriors:_three_hopes,2107
shokugeki_no_souma,2104
mega_man_battle_network_(series),2100
aldnoah.zero,2097
futaba_channel,2094
seiken_densetsu_3,2080
fate/extella,2080
the_moon_studio,2079
dairoku_ryouhei,2078
mahou_shoujo_ni_akogarete,2077
xenosaga,2072
my-hime,2070
yotsubato!,2060
love_and_deepspace,2060
dragon_ball_fighterz,2058
keroro_gunsou,2056
delicious_party_precure,2055
final_fantasy_xv,2054
magi_the_labyrinth_of_magic,2049
goblin_slayer!,2046
trigun,2044
lord_of_the_mysteries,2038
dragon_ball_gt,2037
slam_dunk_(series),2036
saint_seiya,2032
gundam_tekketsu_no_orphans,2030
love_plus,2026
sugar_lyric,2020
amagi_brilliant_park,2010
omniscient_reader's_viewpoint,2008
counter:side,1998
pokemon_dppt_(anime),1997
pokemon_platinum,1995
brown_dust_(series),1995
blend_s,1994
dorohedoro,1989
mahou_tsukai_no_yoru,1988
tenka_hyakken,1988
tokidoki_bosotto_roshia-go_de_dereru_tonari_no_alya-san,1977
superman_(series),1976
hollow_knight,1975
va-11_hall-a,1973
xenoblade_chronicles_1,1969
fate/prototype:_fragments_of_blue_and_silver,1967
luigi's_mansion,1964
deadpool_(series),1961
toaru_majutsu_no_index:_old_testament,1957
the_legend_of_zelda:_skyward_sword,1955
kaiji,1943
scott_pilgrim_(series),1938
shin_jigen_game_neptune_vii,1938
bayonetta_(series),1935
hataraku_saibou,1935
saki_achiga-hen,1930
katekyo_hitman_reborn!,1928
boku_no_kokoro_no_yabai_yatsu,1925
dolphin_wave,1925
rance_(series),1924
gabriel_dropout,1919
cinderella_series,1915
ib_(kouri),1912
brown_dust_2,1910
randal's_friends,1909
senran_kagura_shinovi_versus,1898
d.gray-man,1895
hachigatsu_no_cinderella_nine,1894
quiz_magic_academy,1889
persona_5_the_royal,1889
kimi_no_koto_ga_dai_dai_dai_dai_daisuki_na_100-nin_no_kanojo,1885
homicipher,1881
jojolion,1880
hellsing,1877
pokemon_go,1871
adventure_time,1869
dagashi_kashi,1866
tensei_shitara_slime_datta_ken,1861
tales_of_graces,1859
world_trigger,1857
eureka_seven_(series),1856
mickey_mouse_&_friends,1855
kuroko_no_basuke,1854
minecraft_youtube,1854
shironeko_project,1848
gyee,1846
embodiment_of_scarlet_devil,1842
no_game_no_life,1840
senjou_no_valkyria_(series),1838
sword_art_online:_code_register,1838
funamusea,1834
evangelion:_3.0+1.0_thrice_upon_a_time,1820
final_fantasy_xvi,1820
blue_lock,1820
nyantype,1817
tokyo_7th_sisters,1810
mother_2,1803
fuwa_fuwa_cinnamoroll,1797
among_us,1797
grisaia_(series),1796
transformers:_generation_1,1791
avengers_(series),1788
tamako_market,1787
dark_souls_iii,1786
suzumiya_haruhi_no_shoushitsu,1784
street_fighter_iii_(series),1782
re:stage!,1781
seishun_buta_yarou,1775
summon_night,1774
warioware,1772
toranoana,1771
call_of_duty:_modern_warfare_2,1770
kyoukaisenjou_no_horizon,1764
team_fortress_2,1763
silent_hill_(series),1763
beatmania_iidx,1758
tera_online,1756
newtype,1750
cardfight!!_vanguard,1748
digimon_card_game,1743
dengeki_moeoh,1742
gekkan_shoujo_nozaki-kun,1740
eureka_seven,1739
nagi_no_asukara,1737
tokimeki_memorial,1734
tales_of_zestiria,1732
the_legend_of_zelda:_the_wind_waker,1730
pani_poni_dash!,1724
char's_counterattack,1717
yuyushiki,1711
guilty_gear_xx,1708
crisis_core_final_fantasy_vii,1707
sakura_no_sekai,1702
dragalia_lost,1700
metal_gear_solid,1699
senren_banka,1697
nekopara,1690
pokemon_legends:_z-a,1690
slayers,1681
doukyuusei_(series),1679
to_heart,1676
pokemon_lgpe,1670
jashin-chan_dropkick,1669
goodsmile_company,1665
black_clover,1664
sen_no_kiseki_i,1663
aa_megami-sama,1660
makai_senki_disgaea,1660
nintendo,1659
monster_hunter_rise,1659
world_flipper,1657
grimms_notes,1656
gundam_build_divers,1652
chrono_trigger,1648
lord_el-melloi_ii_case_files,1639
choujigen_game_neptune,1638
uchi_no_hime-sama_ga_ichiban_kawaii,1637
high_school_fleet,1635
arcana_heart,1632
ar_tonelico,1630
aotu_world,1628
little_nuns_(diva),1625
shoujo_shuumatsu_ryokou,1624
nier,1621
kimi_no_na_wa.,1618
shoujo_kakumei_utena,1613
yama_no_susume,1612
healin'_good_precure,1612
maplestory,1611
tears_of_themis,1609
armored_core,1607
yuuki_yuuna_wa_yuusha_de_aru,1603
the_amazing_digital_circus,1602
love_live!_school_idol_festival_all_stars,1601
kingdom_hearts_ii,1600
dissidia_final_fantasy,1600
danganronpa_another_episode:_ultra_despair_girls,1598
shining_(series),1590
mario_kart,1587
senran_kagura_new_wave,1586
nanatsu_no_taizai,1586
final_fantasy_xii,1583
shiguang_dailiren,1582
inazuma_eleven_go_chrono_stone,1581
bombergirl,1581
g_gundam,1579
shinkai_no_valkyrie,1572
sd_gundam,1568
goodsmile_racing,1567
girlfriend_(kari),1566
7th_dragon_(series),1564
super_robot_wars_original_generation,1563
dragon_quest_x,1563
mahou_shoujo_lyrical_nanoha_vivid,1561
katawa_shoujo,1560
hello_kitty,1559
metaphor:_refantazio,1559
rune_factory,1558
lupin_iii,1551
cowboy_bebop,1548
the_ring,1546
liz_to_aoi_tori,1539
kanojo_okarishimasu,1539
umamusume:_cinderella_gray,1539
.hack//,1538
mother_3,1530
majo_no_tabitabi,1530
ryuuko_no_ken,1527
dog_days,1527
ryuu_ga_gotoku_(series),1525
avatar:_the_last_airbender,1523
youtube,1517
fear_&_hunger_(series),1516
toaru_majutsu_no_index:_new_testament,1506
dead_or_alive_5,1506
final_fantasy_xiii,1496
violet_evergarden_(series),1492
epic_seven,1492
my-otome,1490
lovebrush_chronicles,1488
fate/unlimited_codes,1484
the_legend_of_zelda:_a_link_between_worlds,1483
kami_nomi_zo_shiru_sekai,1482
force_of_will,1474
aikatsu_stars!,1468
evillious_nendaiki,1467
indie_utaite,1465
metal_slug,1461
south_park,1456
strike_witches:_suomus_misfits_squadron,1450
vividred_operation,1447
pokemon_rse_(anime),1445
monster_hunter:_world,1445
taimanin_asagi,1442
da_capo,1437
doukyuusei_another_world,1437
ichigo_mashimaro,1434
rewrite,1434
kuroshitsuji,1433
fushigi_no_umi_no_nadia,1431
tianguan_cifu,1431
tokyo_revengers,1431
non_non_biyori,1428
paper_mario,1421
shirobako,1420
gundam_wing,1419
sora_no_kiseki,1419
bishoujo_senshi_sailor_moon_stars,1416
getsuyoubi_no_tawawa,1416
xenogears,1415
the_great_ace_attorney,1414
ark_order,1414
haiyore!_nyaruko-san,1412
manatsu_no_yo_no_inmu,1410
star_ocean:_the_second_story,1409
nisekoi,1407
shugo_chara!,1403
ta_ga_tame_no_alchemist,1401
the_legend_of_korra,1393
mesmerizer_(vocaloid),1391
overwatch_2,1387
bungou_stray_dogs,1386
devil_may_cry_5,1386
douluo_dalu,1384
sanoba_witch,1383
minami-ke,1379
youkoso_jitsuryoku_shijou_shugi_no_kyoushitsu_e,1378
nu_carnival,1378
riddle_joker,1377
fallout,1372
tales_of_berseria,1369
hypnosis_mic,1368
kimi_kiss,1365
kino_no_tabi,1365
nige_jouzu_no_wakagimi,1364
choukou_(alicesoft),1362
fate/strange_fake,1361
girls_und_panzer_senshadou_daisakusen!,1361
serial_experiments_lain,1359
dragon_quest_ii,1359
pixiv,1356
soulworker,1353
gundam_seed_freedom,1351
world_cup,1348
dragon_quest_viii,1346
busou_shinki,1344
assassin's_creed_(series),1341
elden_ring:_shadow_of_the_erdtree,1341
yu_yu_hakusho,1324
scott_pilgrim_takes_off,1321
sekai_seifuku:_bouryaku_no_zvezda,1318
starbucks,1311
mahou_shoujo_ikusei_keikaku,1310
the_king_of_fighters_xv,1309
spider-man:_across_the_spider-verse,1309
donkey_kong_(series),1308
shuffle!,1307
hokuto_no_ken,1306
spider-man:_into_the_spider-verse,1305
the_legend_of_zelda:_majora's_mask,1304
fate/grand_order_arcade,1303
ssss.dynazenon,1303
majo_no_takkyuubin,1300
studio_ghibli,1299
powerpuff_girls,1297
street_fighter_ii_(series),1293
blade_&_soul,1291
odin_sphere,1290
splatoon_2:_octo_expansion,1286
hades_(series),1286
comiket_105,1286
deadpool_&_wolverine,1284
kusuriya_no_hitorigoto,1283
line_(naver),1279
tenshi_souzou_re-boot!,1279
kidou_senkan_nadesico,1278
lupinus_virtual_games,1278
waktaverse,1276
nijiura_maids,1274
valorant,1270
elden_ring_nightreign,1268
mawaru_penguindrum,1263
dao_gui_yi_xian,1262
uchuu_senkan_yamato,1257
gakkou_gurashi!,1257
chrono_cross,1253
one_piece_card_game,1253
toshi_densetsu_kaitai_center,1252
pokemon_usum,1249
ragnarok:_guild_masters,1247
drag-on_dragoon,1245
kuro_no_kiseki_i,1237
vsinger_(vocaloid),1231
chaos;child,1226
dream_c_club_(series),1225
rosario+vampire,1224
miside,1221
comiket_104,1220
futsuu_no_keion-bu,1215
cosmic_break,1214
fire_emblem:_thracia_776,1213
arcaea,1213
denonbu,1212
2channel,1211
star_ocean:_till_the_end_of_time,1211
tokyo_ghoul:re,1207
dragon_ball_super_broly,1206
nijisanji_kr,1205
pokemon_emerald,1204
steven_universe,1204
azure_striker_gunvolt,1203
fantastic_four,1201
pretty_rhythm,1199
chaos;head,1198
ojamajo_doremi,1197
apple_inc.,1197
resident_evil_4_(remake),1197
madou_monogatari,1196
dota_(series),1191
persona_3_reload,1187
pop'n_music,1186
pixiv_fantasia_last_saga,1185
marvel_vs._capcom,1183
youjo_senki,1183
sen_no_kiseki_iii,1183
capcom,1180
million_arthur_(series),1180
yu-gi-oh!_zexal,1178
shin_sangoku_musou,1173
mirai_nikki,1171
super_real_mahjong,1170
kami_jigen_game_neptune_v,1168
azur_lane:_slow_ahead,1168
cookie_run:_ovenbreak,1163
arms_(game),1162
dota_2,1161
comiket_106,1161
dream_c_club,1160
ys,1158
9-nine-,1157
yes!_precure_5_gogo!,1154
the_elder_scrolls,1151
final_fight,1150
fear_&_hunger_2:_termina,1147
school_rumble,1146
cafe_stella_to_shinigami_no_chou,1146
highschool_of_the_dead,1145
idolmaster_live_for_you!,1144
the_king_of_fighters_xiv,1143
comiket_102,1142
mega_man_zx_advent,1141
kimi_to_idol_precure,1141
tensei_oujo_to_tensai_reijou_no_mahou_kakumei,1138
master_detective_archives:_rain_code,1138
dennou_coil,1137
sengoku_musou,1137
comiket_103,1137
flcl,1134
one_piece_film:_red,1134
akame_ga_kill!,1132
zoids,1129
tenchi_muyou!,1127
idoly_pride,1126
sound_horizon,1124
star_fox,1124
kizumonogatari,1124
bishoujo_senshi_sailor_moon_r,1118
imperishable_night,1116
choujikuu_yousai_macross,1112
moomin,1110
black_souls,1107
fortnite,1102
formation_girls,1100
strike_the_blood,1097
gnosia,1097
kiratto_pri_chan,1096
octopath_traveler,1095
subterranean_animism,1094
sono_hanabira_ni_kuchizuke_wo,1091
top_wo_nerae!_(series),1090
aquarion_(series),1088
sister_princess,1087
aika_(series),1083
devil_may_cry_3,1083
the_coffin_of_andy_and_leyley,1083
monster_musume_no_iru_nichijou_online,1076
ookami_(game),1074
arc_the_lad,1074
mononoke_hime,1073
zero_no_kiseki,1073
destiny_child,1073
himouto!_umaru-chan,1069
kpop_demon_hunters,1069
dragon_quest_builders_2,1067
touhou_cannonball,1067
bishoujo_senshi_sailor_moon_(first_season),1066
tekken_8,1064
fukumoto_mahjong,1062
hacka_doll,1059
owari_no_seraph,1055
miracle_nikki,1055
maoyuu_maou_yuusha,1054
key_(company),1053
resident_evil_village,1051
sen_to_chihiro_no_kamikakushi,1050
journey_to_the_west,1049
world_is_mine_(vocaloid),1049
stellar_blade,1049
mahou_shoujo_madoka_magica_movie_1_&_2,1045
perfect_cherry_blossom,1041
arknights:_endfield,1041
doom_(series),1040
spongebob_squarepants_(series),1039
robotics;notes,1039
uta_no_prince-sama,1037
mermaid_melody_pichi_pichi_pitch,1033
taimanin_yukikaze,1032
mazinger_(series),1031
sega,1031
blue_archive_the_animation,1031
gravity_falls,1030
occultic;nine,1030
iris_black_games,1029
sekaiju_no_meikyuu_1,1028
kfc,1026
duel_masters,1026
mahou_shoujo_no_majo_saiban,1026
cthulhu_mythos,1022
disney,1021
grandia,1020
koutetsujou_no_kabaneri,1020
brand_new_animal,1020
akuma_no_riddle,1019
monster_strike,1019
en'en_no_shouboutai,1019
wixoss,1017
tantei_opera_milky_holmes,1016
guardian_tales,1014
witches_of_africa,1013
little_witch_nobeta,1010
mega_man_star_force_(series),1009
saya_no_uta,1009
disneyland,1008
pokemon_bw_(anime),1007
divine_gate,1007
turn_a_gundam,1006
square_enix,1005
ongeki,1003
kirby_64,1002
genshiken,998
eve_online,997
pixiv_fantasia_fallen_kings,997
yosuga_no_sora,996
rurouni_kenshin,995
the_witcher_(series),995
super_mario_bros._1,994
curiosities_of_lotus_asia,992
capcom_fighting_jam,992
breath_of_fire_ii,991
getter_robo,990
magic_knight_rayearth,988
nekomonogatari,988
futari_wa_precure_splash_star,987
jigoku_shoujo,987
mitsudomoe_(manga),987
type-moon,986
iron_saga,986
unfinished_dream_of_all_living_ghost,986
ao_no_exorcist,983
yagate_kimi_ni_naru,981
gridman_universe_(movie),979
dragon_ball_heroes,978
scp_foundation,977
tonari_no_totoro,976
resident_evil_6,975
d4dj,974
musaigen_no_phantom_world,972
fantasy_earth_zero,969
makai_senki_disgaea_2,969
pixiv_fantasia_5,969
seitenkango._shinyuu_to,969
unicorn_overlord,969
full_metal_panic!,968
oshiete!_galko-chan,968
magic:_the_gathering,965
ben_10,964
resident_evil_3:_nemesis,963
charlotte_(anime),963
trigun_stampede,963
xenosaga_episode_iii,961
idolish7,961
virtuareal,959
hataraku_maou-sama!,958
halo_(series),957
crash_fever,955
crave_saga,955
star_ocean:_anamnesis,953
senjou_no_valkyria_1,952
rakuen_tsuihou,950
hinata_channel,950
queen's_blade_rebellion,949
egyptian_mythology,948
aquarion_evol,947
mikakunin_de_shinkoukei,946
vedal_ai,946
kakegurui,945
signalis,945
dark_souls_ii,943
sekaiju_no_meikyuu_5,942
high_school_dxd_born,941
agent_aika,940
suigetsu,939
kamen_rider_w,938
re:creators,937
gravity_daze,936
tokyo_mew_mew,934
battle_spirits,934
pokemon_mystery_dungeon,933
gundam_hathaway's_flash,933
armored_core_vi:_fires_of_rubicon,932
fatal_frame,926
sekaiju_no_meikyuu_3,925
kaze_no_tani_no_nausicaa,924
tekken_7,919
akagi:_yami_ni_oritatta_tensai,918
sound_voltex,917
pokemon_unite,917
shin_megami_tensei_v,917
atelier_ryza_2,916
tolkien's_legendarium,914
inazuma_eleven_go_galaxy,914
taimanin_rpgx,914
five_nights_at_freddy's,914
magic_kaito,911
sekiro:_shadows_die_twice,911
persona_4:_the_ultimate_in_mayonaka_arena,909
justice_gakuen,906
denpa_onna_to_seishun_otoko,906
sewayaki_kitsune_no_senko-san,906
puyopuyo_fever,905
tsurezure_children,905
noble_witches,904
soukou_akki_muramasa,902
sengoku_bushouki_muramasa,902
frame_arms_girl,900
4chan,898
the_owl_house,898
strike_witches:_kurenai_no_majo-tachi,897
bishoujo_senshi_sailor_moon_supers,896
hyrule_warriors,896
sora_no_otoshimono,895
7th_dragon,893
honey_strap,893
another_eidos-r,892
kodomo_no_jikan,890
toaru_kagaku_no_railgun_t,890
hades_1,890
tales_of_destiny,889
digimon_adventure_02,889
dragon_ball_super_super_hero,888
mega_man_x_dive,887
medalist_(manga),886
love_hina,885
japanese_urban_legends,884
eizouken_ni_wa_te_wo_dasu_na!,884
akira_(manga),883
juusan_kihei_bouei_ken,883
plants_vs._zombies,880
ganbare_douki-chan,880
dramatical_murder,878
accel_world,877
uchuu_senkan_yamato_2199,877
kingdom_hearts_iii,877
yuusha_series,871
log_horizon,871
gate_-_jieitai_ka_no_chi_nite_kaku_tatakaeri,871
yofukashi_no_uta,871
megido72,870
drag-on_dragoon_3,866
mahou_shoujo_lyrical_nanoha_the_movie_1st,865
mahouka_koukou_no_rettousei,864
school_days,863
the_elder_scrolls_v:_skyrim,863
valkyrie_profile_(series),857
king's_raid,856
cardcaptor_sakura_clear_card_arc,855
ano_natsu_de_matteru,855
monitoring_(vocaloid),855
sonic_the_hedgehog_(classic),854
howl_no_ugoku_shiro,853
bravely_default_(series),853
inu_x_boku_ss,850
gundam_0083,849
super_mario_odyssey,848
helluva_boss,847
kingdom_hearts_birth_by_sleep,843
yu-gi-oh!_vrains,843
shy_(series),843
xenoblade_chronicles_3:_future_redeemed,843
rainbow_six_siege,842
atelier_sophie,840
digimon_tamers,838
yume_2kki,838
voms,837
degrees_of_lewdity,837
god_eater_burst,836
idol_time_pripara,836
shikanoko_nokonoko_koshitantan,836
miku_symphony_(vocaloid),835
resident_evil_2,834
persona_2,834
baka_to_test_to_shoukanjuu,832
persona_dancing,831
yoru_no_kurage_wa_oyogenai,831
animare,830
powerpuff_girls_z,829
gundam_build_divers_re:rise,829
fushigiboshi_no_futago_hime,824
silent_hill_2,823
my_little_pony:_equestria_girls,823
apollo_justice:_ace_attorney,822
pop-up_story,822
motto!_haramase!_(series),822
shoujo_kageki_revue_starlight_-re_live-,821
macross_7,820
kirby_and_the_forgotten_land,818
grisaia_no_kajitsu,817
instagram,817
sword_art_online_alternative:_gun_gale_online,816
nijisanji_id,816
koumajou_densetsu,815
dead_or_alive_xtreme,813
claymore_(series),811
senki_zesshou_symphogear_xd_unlimited,811
ao_no_kiseki,810
monster_hunter_wilds,810
resident_evil_5,807
waccha_primagi!,807
renkin_san-kyuu_magical_pokaan,804
niconico,801
subarashiki_hibi,801
octopath_traveler_i,801
sekirei,798
time_bokan_(series),797
crayon_shin-chan,797
hoozuki_no_reitetsu,795
gekitotsu!_joshikousei_oiroke_sensha_gundan,794
toaru_kagaku_no_mental_out,791
rou-kyuu-bu!,790
comiket_100,789
puyopuyo_quest,788
undefined_fantastic_object,787
ghost_in_the_shell:_stand_alone_complex,785
devil_summoner_(series),784
ef_(visual_novel),780
miraculous_ladybug,780
z/x,779
hollow_knight:_silksong,778
ace_combat,776
yuusha_to_maou,775
the_iron_of_yin_and_yang,772
pixiv_fantasia_t,772
sen_no_kiseki_iv,772
shino_to_ren,770
eiyuu_senki,769
ishuzoku_reviewers,769
tales_of_phantasia,765
hentai_ouji_to_warawanai_neko.,765
mountain_of_faith,764
black_souls_2,764
devil_survivor_(series),763
wild_arms_2,762
kakyuusei_(series),762
solo_leveling,761
iyowa_girls,760
ruri_no_houseki,760
chobits,759
kyoukai_no_kanata,759
ring_fit_adventure,759
gundam_g_no_reconguista,757
ansatsu_kyoushitsu,756
ar_tonelico_ii,754
hidden_star_in_four_seasons,754
futari_wa_precure_max_heart,752
shinkai_shoujo_(vocaloid),751
kemono_friends_2,751
kai_no_kiseki,750
the_tale_of_food,748
tenga,747
master_of_eternity,746
wii_fit,744
amazon_(company),744
queen's_gate,743
viper_(series),741
wrestle_angels,741
medarot,739
bamboo_blade,737
ace_attorney_investigations,737
comiket_101,737
kamen_rider_revice,737
kininatteru_hito_ga_otoko_ja_nakatta,737
86_-eightysix-,736
strawberry_panic!,735
dead_by_daylight,735
guardians_of_the_galaxy,733
girls_und_panzer_motto_love_love_sakusen_desu!,733
shin_godzilla,733
jigokuraku,733
vampire_(vocaloid),733
greek_mythology,732
fire_emblem:_new_mystery_of_the_emblem,732
dmm,732
bilibili,730
god_eater_2:_rage_burst,728
tales_of_symphonia_knight_of_ratatosk,725
comic_kairakuten,725
snowbreak:_containment_zone,725
utawarerumono:_itsuwari_no_kamen,724
metal_gear_rising:_revengeance,723
learning_with_manga!_fgo,722
four_goddesses_online:_cyber_dimension_neptune,722
psycho-pass,721
shaman_king,720
forever_7th_capital,720
happiness!,719
atelier_totori,718
bayonetta_2,718
makai_senki_disgaea_3,717
hooters,717
konosuba!_fantastic_days,717
metal_gear_solid_v:_the_phantom_pain,714
one_piece_treasure_cruise,713
captain_america_(series),712
aikatsu_friends!,712
dango_daikazoku,710
the_transformers_(idw),710
chromashift,710
dragon_village_(series),710
simoun,709
the_little_mermaid_(disney),709
mario_&_luigi_rpg,709
dragon_quest_vi,708
mon-musu_quest:_paradox,708
oboro_muramasa,707
blazblue:_chronophantasma,707
amphibia,707
mass_effect_(series),706
muv-luv_total_eclipse,705
koi_wa_sensou_(vocaloid),705
f-ism,704
mortal_kombat_(series),704
dracu-riot!,704
suisei_no_gargantia,704
naruto:_the_last,703
grandia_i,702
hanasaku_iroha,702
mahou_shoujo_oriko_magica,702
idolmaster_cinderella_girls_u149,701
dolls_in_pseudo_paradise,699
jewelpet_(series),698
noripro,698
dislyte,698
zettai_karen_children,697
tales_of_xillia_2,694
roblox,693
seitokai_ni_mo_ana_wa_aru!,693
record_of_lodoss_war,692
pepsi,692
new_horizon,692
blame!,691
qurare_magic_library,691
princess_principal_game_of_mission,687
dragon_village_collection,687
breath_of_fire_v,686
dr._stone,686
soccer_spirits,685
super_robot_wars_og_saga_mugen_no_frontier,684
pacific_rim,684
haibane_renmei,683
garou:_mark_of_the_wolves,683
hitsugi_no_chaika,680
senran_kagura_estival_versus,680
zannen_onna-kanbu_black_general-san,680
elf-san_wa_yaserarenai.,680
saga_frontier_2,679
tsugumomo,679
dragon_quest_vii,679
bravely_default:_flying_fairy,679
akb0048,679
red_bull,678
sakura_trick,677
valkyrie_drive,677
cyberpunk_2077,677
summon_night_3,674
watashi_ga_koibito_ni_nareru_wake_naijan_murimuri!,674
gundam_0080,673
morenatsu,673
pizza_hut,672
high_school_dxd_infinity,672
tamagotchi,671
gundam_age,671
kekkai_sensen,669
kimi_ga_shine,666
kyatapi_land,666
wind_breaker_(nii_satoru),666
yatterman,665
da_capo_ii,665
final_fantasy_x-2,665
toaru_kagaku_no_railgun_s,664
kimi_ga_nozomu_eien,662
sangokushi_taisen,661
ousama_ranking,661
family_guy,660
sakura_taisen_iii,659
ange_vierge,659
steins;gate_0,658
fate/unlimited_blade_works,656
battle_girl_high_school,655
scooby-doo,654
dirty_pair,654
the_end_of_evangelion,653
alien_(series),650
shinmai_maou_no_testament,649
yuri-natsu:_minshuku_kagaya,647
demonbane,646
given,646
shadows_house,645
mirai_akari_project,642
maji_de_watashi_ni_koi_shinasai!,641
danna_ga_nani_wo_itte_iru_ka_wakaranai_ken,640
witchblade,638
ao_no_kanata_no_four_rhythm,638
rinne_no_lagrange,637
splatoon_3:_side_order,637
devil_may_cry_4,636
legacy_of_lunatic_kingdom,636
kage_no_jitsuryokusha_ni_naritakute!,636
higurashi_no_naku_koro_ni_gou,636
jikkyou_powerful_pro_yakyuu,635
aku_no_musume_(vocaloid),635
urban_legend_in_limbo,635
squid_game,635
honzuki_no_gekokujou,634
unconnected_marketeers,634
school_girl_strikers,633
grand_theft_auto,631
gj-bu,630
ore_twintail_ni_narimasu,629
makai_senki_disgaea_4,628
higurashi_no_naku_koro_ni_mei,628
summertime_render,627
noss_&_zakuro,627
pandora_hearts,625
kamen_rider_dcd,624
olympics,623
white_album_(series),621
evertale,621
soulcalibur_iv,620
homestuck,619
digimon_story:_cyber_sleuth,619
stardew_valley,619
hajimari_no_kiseki,619
xenosaga_episode_i,618
kunoichi_tsubaki_no_mune_no_uchi,618
puniru_wa_kawaii_slime,618
tales_of_eternia,617
.hack//g.u.,617
onna_ga_nigate_na_yankee_to_shoujo_no_hanashi,617
zutto_mayonaka_de_ii_no_ni,617
gosick,616
sunrise_(company),615
suna_no_wakusei_(vocaloid),615
beyblade,614
tangled,614
zoids_genesis,613
gunslinger_girl,611
blazblue:_central_fiction,610
pixiv_fate/grand_order_contest_2,610
tower_of_fantasy,610
yoru_mac,610
piapro_studio,609
mazinger_z,608
top_wo_nerae!,608
marl_kingdom,608
black_bullet,608
dream_smp,608
re:act,607
read_or_die,606
shinza_bansho_series,606
xblaze,606
sengoku_rance,605
yakusoku_no_neverland,602
afk_(series),602
sony,601
friday_night_funkin',601
hikaru_ga_shinda_natsu,601
palworld,601
fate/extra_ccc_fox_tail,600
bayonetta_1,599
irasutoya,599
gensou_suikoden_ii,598
medium5,598
soukyuu_no_fafner,596
nyanko_daisensou,596
subarashiki_kono_sekai,595
mairimashita!_iruma-kun,595
yoake_mae_yori_ruri_iro_na,593
soredemo_ayumu_wa_yosetekuru,593
gundam_08th_ms_team,592
bandai,591
kingdom_hearts_358/2_days,590
kamen_rider_ooo_(series),590
the_witcher_3,590
the_loud_house,590
pac-man_(game),589
tokimeki_memorial_girl's_side,589
phoenix_wright:_ace_attorney_-_dual_destinies,589
age_of_ishtaria,588
blue_reflection_(series),588
baccano!,587
princess_tutu,587
djmax,587
idolmaster_sp,587
hololive_grand_theft_auto,587
gensou_suikoden_v,586
night_sparrow_love,586
another,586
iris_mysteria!,586
kidou_keisatsu_patlabor,584
devilman,583
oounabara_to_wadanohara,583
gantz,582
arc_the_lad_ii,582
flip_flappers,582
breath_of_fire_iv,580
kantai_collection_(anime),580
paradox_live,580
final_fantasy_ii,579
paper_mario:_the_thousand-year_door,578
modern_mogal,578
cave_story,577
pretty_rhythm_rainbow_live,577
fate/requiem,577
la_pucelle,576
saru_getchu,576
coppelion,576
omamori_himari,575
wily_beast_and_weakest_creature,575
atelier_live,574
kerberos_blade,573
iriam,572
a_channel,571
voltron_(series),571
musuko_ga_kawaikute_shikatanai_mazoku_no_hahaoya,571
pixiv_fantasia_age_of_starlight,571
barbie_(franchise),570
alice_sherlock:_the_rubious_nebula,570
da_capo_i,569
saga_frontier,569
terraria,569
super_heroine_boy,569
pikmin_4,569
the_road_to_el_dorado,568
aogiri_koukou,568
atelier_resleriana,568
classicaloid,567
kamen_rider_build_(series),567
ash_arms,567
atelier_rorona,566
f-zero,565
7th_dragon_2020,565
talkex,565
metroid_dread,565
pixiv_fantasia_new_world,564
kyoufuu_all_back_(vocaloid),563
druaga_no_tou,562
fire_emblem:_shadow_dragon_and_the_blade_of_light,562
pixiv_fantasia_sword_regalia,562
kanpani_girls,562
ender_lilies_quietus_of_the_knights,562
girls_und_panzer_saishuushou,562
seto_no_hanayome,561
kamen_rider_ryuki_(series),561
sekaiju_no_meikyuu_2,560
breath_of_fire_iii,560
windows_classic,560
fate/extella_link,560
final_fantasy_iii,559
houshin_engi,557
mahou_shoujo_ikusei_keikaku_unmarked,557
shoujo_ramune,557
code_geass:_lost_stories,557
portal_(series),556
kuso_miso_technique,556
tenkuu_no_shiro_laputa,555
peanuts_(comic),555
mahoutsukai_no_yakusoku,555
project_kv,555
ukagaka,554
baby_princess,553
kamen_rider_555,553
tennis_no_ouji-sama,552
persona_4_the_golden,552
liver_city,552
alternative_girls,552
choujigen_game_neptune_mk2,551
urara_meirochou,551
dumbbell_nan_kilo_moteru?,551
wactor_production,550
romancing_saga_2,549
merc_storia,549
victory_gundam,547
genjitsu_no_yohane,547
shin_megami_tensei_iii:_nocturne,546
voltron:_legendary_defender,546
kemomimi_oukoku_kokuei_housou,545
saturday_night_fever,544
enjo_kouhai,543
kore_wa_zombie_desu_ka?,542
gendai_ninjakko_zukan,541
titanfall_(series),541
hinako_note,541
ragnarok_masters,540
sora_wo_kakeru_shoujo,539
top_wo_nerae_2!,538
choukou_tenshi_escalayer,538
rakudai_ninja_rantarou,538
koishi_komeiji's_heart-throbbing_adventure,538
owarimonogatari,538
haiiro_teien,538
milgram,538
furyou_michi_~gang_road~,537
cygames,537
aladdin_(movie),536
senbonzakura_(vocaloid),536
do_it_yourself!!,536
teenage_mutant_ninja_turtles,535
atelier_meruru,535
forbidden_scrollery,535
comiket_94,534
sengoku_collection,533
mekakucity_actors,532
cyborg_009,530
kuro_no_kiseki_ii,530
macross:_do_you_remember_love?,529
silent_hill_3,529
dies_irae,528
doukyuusei,528
snow_white_(fairy_tale),528
black_jack_(series),527
windows_xp,526
medaka_box,526
tales_of_arise,525
mashle,525
sk8_the_infinity,525
kanokon,524
wakfu,524
jibaku_shounen_hanako-kun,524
tenshinranman,523
mechanical_buddy_universe,523
kannazuki_no_miko,522
yuusha_ou_gaogaigar,522
cafe-chan_to_break_time,522
digimon_frontier,521
big_hero_6,521
ga-rei,520
takopii_no_genzai,520
star_ocean:_the_last_hope,519
ten_desires,519
isekai_maou_to_shoukan_shoujo_no_dorei_majutsu,519
ultraman_(1st_series),518
sayonara_wo_oshiete,518
majutsushi_orphen,517
kirara_fantasia,517
blue_oath,517
kamen_rider_geats_(series),517
onegai_teacher,516
dengeki_g's,516
wild_arms_1,516
bishoujo_mangekyou_(series),516
wonder_woman_(series),515
otome_game_no_hametsu_flag_shika_nai_akuyaku_reijou_ni_tensei_shite_shimatta,515
tales_of_destiny_2,514
akemiho_tabi_nikki,514
cu-no,514
kirby_star_allies,514
kamen_rider_01_(series),514
atelier_ryza_3,514
drifters,513
mushishi,512
triple_baka_(vocaloid),511
ga-rei_zero,510
project_diva_2nd,510
magnet_(vocaloid),509
koe_no_katachi,509
kaijuu_no._8,509
kamen_rider_fourze_(series),508
invincible_(series),508
zootopia,507
akebi-chan_no_serafuku,507
a_hat_in_time,507
sky:_children_of_the_light,507
snow_white_and_the_seven_dwarfs_(disney),506
umamusume:_beginning_of_a_new_era,506
galge.com,505
mahoromatic,504
comic_aun,504
tomb_raider,503
sakamoto_days,503
kaibutsu_oujo,502
pixiv_fantasia_3,502
amairo_islenauts,502
adachi_to_shimamura,502
ouran_high_school_host_club,501
miru_tights,501
mahoujin_guruguru,500
addams_family,500
shirokami_project,500
pia_carrot_(series),499
bokujou_monogatari,499
xenoblade_chronicles_x,499
prison_school,498
citrus_(saburouta),497
honey_come_chatka!!,497
the_big_o,496
comic_kairakuten_beast,496
foster's_home_for_imaginary_friends,496
final_fantasy_i,496
breaking_bad,496
kotobukiya_bishoujo,495
chiikawa,495
nippon_ichi,494
initial_d,493
sword_art_online:_alicization_-_war_of_underworld,493
go!_go!_gris!,493
friday_the_13th,492
kamen_rider_kuuga_(series),492
taimanin_asagi_kessen_arena,492
the_lego_group,492
tales_of_asteria,492
uni_create,492
ar_tonelico_i,491
ninja_slayer,491
dorei_to_no_seikatsu_~teaching_feeling~,491
mahou_shoujo_madoka_magica_magia_exedra,491
mahou_shoujo_lyrical_nanoha_the_movie_2nd_a's,490
maitetsu,490
dragon_ball_daima,490
gake_no_ue_no_ponyo,489
mahou_senki_lyrical_nanoha_force,489
star_driver,489
dororo_(tezuka),488
dragon_quest_dai_no_daibouken,488
valkyrie_drive_-mermaid-,488
iosys,487
the_lord_of_the_rings,487
eyeshield_21,486
dr._slump,486
wake_up_girls!,486
langrisser,485
tower_of_god,485
cattleya_regina_games,485
rojiura_satsuki:_chapter_heroine_sanctuary,484
satsuriku_no_tenshi,484
jahy-sama_wa_kujikenai!,483
shadow_hearts,482
catherine_(game),482
girls_und_panzer_ribbon_no_musha,482
katanagatari,481
carnival_phantasm,480
sleeping_beauty_(disney),479
grappler_baki,479
american_mcgee's_alice,479
kakumeiki_valvrave,479
prism_project,479
xenoblade_chronicles_2:_torna_-_the_golden_country,478
clover_theater,478
zhu_xian,478
yumekui_merry,477
pacific_(kancolle),476
antinomy_of_common_flowers,476
dohna_dohna_issho_ni_warui_koto_o_shiyou,476
trusty_bell,475
.flow,475
sunken_fossil_world,474
tokimeki_memorial_2,473
phoenix_wright:_ace_attorney_-_trials_and_tribulations,473
danshi_koukousei_no_nichijou,473
kinnikuman,472
call_of_cthulhu,472
the_simpsons,472
world_of_warships,472
danmachi_memoria_freese,472
yu-gi-oh!_sevens,472
aether_gazer,472
mario_tennis,471
rune_factory_4,471
pokemon_bdsp,471
cutie_honey,470
maria_holic,470
castlevania:_portrait_of_ruin,469
reitaisai,469
gyakushuu_no_fantasica,469
hyakko,468
virtua_fighter,468
after_war_gundam_x,468
the_shining,468
monsterverse,468
unleashed,468
fire_emblem:_shadow_dragon,467
ookami-san,467
atelier_escha_&_logy,467
high_school_dxd_pi,467
terminator_(series),466
final_gear,466
transformers_(live_action),465
kuroinu_~kedakaki_seijo_wa_hakudaku_ni_somaru~,465
elona,464
digimon_liberator,464
ginga_eiyuu_densetsu,462
wild_arms_3,460
kim_possible_(series),460
gensou_suikoden_i,459
2014_fifa_world_cup,459
shukusei!!_loli-kami_requiem,458
metal_gear_solid_3:_snake_eater,457
vinland_saga,457
romeo_to_cinderella_(vocaloid),457
sasayaku_you_ni_koi_wo_utau,457
mouthwashing,457
manga_time_kirara,456
food_fantasy,456
production_kawaii,456
shuuniichido_classmate_wo_kau_hanashi,456
tales_of_the_rays,455
love_live!_nijigasaki_high_school_idol_club_the_movie_-_finale,455
mario_kart_world,455
tsukuyomi_moonphase,454
kamen_rider_(1st_series),454
persona_5:_dancing_star_night,454
ar_tonelico_iii,452
persona_1,451
devil_survivor_1,451
kamen_rider_den-o_(series),450
trickster_(ntreev_soft),450
nurarihyon_no_mago,450
project_diva_f,450
jubilee_2025,449
blood+,447
mahou_shoujo_lyrical_nanoha_a's_portable:_the_battle_of_aces,447
kamen_rider_gaim_(series),446
wrestle_angels_survivor,445
k-on!_movie,445
formula_one,444
sakura_no_uta,444
precure_all_stars,444
hori-san_to_miyamura-kun,444
neo-porte,444
to_heart_2_ad,443
suguri,443
demon's_souls,443
demi-chan_wa_kataritai,443
kyoto_animation,442
maken-ki!,442
bokutachi_wa_benkyou_ga_dekinai,442
fossilized_wonders,442
chrono_crusade,441
hidan_no_aria,441
chuugoku_yome_nikki,441
idolmaster_side-m_growing_stars,441
animedia,440
fallout:_new_vegas,440
ensemble_girls!,440
dragon_quest_i,439
roshin_yuukai_(vocaloid),439
afk_journey,439
bokusatsu_tenshi_dokuro-chan,438
national_basketball_association,438
tsunderia,438
galaxy_angel_rune,437
mato_seihei_no_slave,436
comiket_99,436
sugar_sugar_rune,435
kouyoku_senki_exs-tia_concert,434
kingdom_hearts_i,433
metal_gear_solid_4:_guns_of_the_patriots,433
doukyuusei_2,433
ace_of_diamond,433
zozotown,433
shigatsu_wa_kimi_no_uso,432
doupo_cangqiong,432
our_life,432
428:_fuusa_sareta_shibuya_de,431
legend_of_the_cryptids,431
atri-my_dear_moments-,431
lotte_no_omocha!,430
rhapsody,430
matryoshka_(vocaloid),430
koisuru_asteroid,430
sonic_frontiers,430
sekaiju_no_meikyuu_4,429
girl_cafe_gun,429
titanfall_2,429
quiz_magic_academy_the_world_evolve,429
pokemon_cafe_remix,428
crash_bandicoot_(series),427
jormungand_(manga),427
white_album_2,427
netsu_ijou_(utau),427
fantasy_earth,426
canaan_(series),426
mashiroiro_symphony,425
oda_nobuna_no_yabou,425
warframe,425
bougyoryoku_zero_no_yome,425
nurse_witch_komugi-chan,424
k-project,424
disgaea_rpg,424
mononoke,423
memories_off,423
kumamiko,423
makai_senki_disgaea_5,423
aespa,423
persona_2_tsumi,422
slow_start,422
coco_(disney),422
kyu-kurarin_(cevio),422
kakyuusei,421
mister_donut,421
rakudai_kishi_no_cavalry,420
star_vs_the_forces_of_evil,420
hitoribocchi_no_marumaru_seikatsu,420
chain_paradox,420
nanatsuiro_drops,419
elfen_lied,419
kyokugen_dasshutsu,419
phoenix_wright:_ace_attorney_-_spirit_of_justice,419
kemurikusa,419
my_adventures_with_superman,419
juuni_kokuki,418
sakura-sou_no_pet_na_kanojo,418
shrek_(series),418
stella_sora,418
taiho_shichauzo,417
everlasting_summer,417
touhou_gensou_eclipse,417
kagurabachi,417
atelier_yumia,417
gundam_msv,416
tales_of_legendia,416
chaos_online,416
mc_axis,415
cyphers,415
last_period,415
beauty_and_the_beast_(disney),414
mode_aim,413
pui_pui_molcar,413
tetris,412
seikon_no_qwaser,412
rolling_girl_(vocaloid),412
soulcalibur_vi,412
sword_art_online:_memory_defrag,412
resident_evil_3_(remake),412
eversoul,412
sakura_taisen_v,411
strike_witches_zero,411
eden's_zero,411
sen_no_kiseki_ii,410
ojisan_to_marshmallow,410
kamen_rider_ex-aid_(series),410
growlanser,409
me!me!me!,409
super_blackjack,408
gatchaman_crowds,408
love_live!_the_school_idol_movie,408
doom_eternal,407
bunny_garden,407
kamen_rider_blade_(series),406
tonari_no_kyuuketsuki-san,406
the_legend_of_zelda:_a_link_to_the_past,405
schwarzesmarken,404
alice:_madness_returns,404
rokudenashi_majutsu_koushi_to_akashic_record,404
onsen_musume,403
cuphead_(game),403
fushigi_na_neko_no_machi_meltier,403
phantasmagoria_of_flower_view,402
gundam_f91,402
winx_club,402
queen's_blade_grimoire,402
maou-jou_de_oyasumi,402
nier_reincarnation,402
crazy_raccoon,402
sora_yori_mo_tooi_basho,401
kagura_gumi,401
hamidashi_creative,401
kunio-kun_series,400
rumble_roses,399
sidonia_no_kishi,399
shoujo_to_ura_roji,399
luminous_witches,399
yami_to_boushi_to_hon_no_tabibito,398
the_murder_of_sonic_the_hedgehog,398
our_life:_beginnings_and_always,397
last_exile,396
animage,396
grisaia_no_rakuen,396
orenchi_no_meidosan,395
magician's_aerial_dream,395
dai_(series),394
x-men_film_series,394
lord_of_vermilion,394
the_legend_of_zelda:_echoes_of_wisdom,394
bobobo-bo_bo-bobo,393
summon_night_2,393
walkure_romanze,393
vinesauce,393
collar_x_malice,393
higanbana_no_saku_yoru_ni,392
sengoku_otome,392
snk_heroines:_tag_team_frenzy,392
amaryllis_gumi,392
22/7_ongaku_no_jikan,392
transformers_prime,391
legend_clover,391
yuzusoft,390
danball_senki,389
yoru_no_yatterman,389
girls_und_panzer_little_army,389
resident_evil_2_(remake),389
looney_tunes,388
2018_fifa_world_cup,388
foul_detective_satori,388
monobeno,387
bacchikoi!,387
kai-ri-sei_million_arthur,386
pornhub,385
comiket_95,385
tatakau_ni_atai_suru,385
murder_drones,385
planetarian,384
vivid_strike!,384
monster_hunter_portable_3rd,384
miniskirt_pirates,384
bural_chingu,384
kaleido_star,383
agarest_senki_(series),383
null-meta,383
bioshock_(series),382
seisenshi_dunbine,381
tokimeki_memorial_1,381
kamen_rider_wizard_(series),381
bishoujo_senshi_sailor_moon_crystal,381
atelier_firis,381
trigger_(company),380
king_of_prism,380
hyrule_warriors:_age_of_calamity,380
tactics_ogre,379
google,379
moetan,378
ultra_kaijuu_gijinka_keikaku,378
toki_wo_kakeru_shoujo,377
soukou_kihei_votoms,377
duffy_and_friends,377
qinshi_mingyue,377
natsume_yuujinchou,376
transformers_animated,376
digimon_ghost_game,376
story_of_eastern_wonderland,374
7-eleven,374
double_dealing_character,374
shiro_seijo_to_kuro_bokushi,374
blackpink,374
pokemon:_twilight_wings,374
vyugen,374
ichigo_100%,373
walt_disney's_peter_pan,373
tokyo_mirage_sessions_fe,373
renzha_fanpai_zijiu_xitong,373
erha_he_ta_de_bai_mao_shizun,373
gundam_arsenal_base,373
fear_&_hunger_1,373
microsoft,372
dragonaut,372
hikaru_no_go,371
mighty_no._9,371
tenki_no_ko,371
tensui_no_sakuna-hime,371
encanto,371
echocalypse,371
16personalities,371
overman_king_gainer,370
ninin_ga_shinobuden,370
moyashimon,370
matai_toshi,370
caligula_(series),370
darkest_dungeon,370
atelier_lydie_&_suelle,370
mega_man_x4,369
jinrui_wa_suitai_shimashita,369
brave_girl_ravens,369
resident_evil_1,368
tokyo_exe_girls,368
beastars,368
gachiakuta,368
steampunk_(liarsoft),367
chousoku_henkei_gyrozetter,367
tsuujou_kougeki_ga_zentai_kougeki_de_ni-kai_kougeki_no_okaasan_wa_suki_desu_ka?,367
comiket_93,367
ao_no_roku-gou,366
fire_emblem_gaiden,366
real_drive,366
digimon_xros_wars,366
tomo-chan_wa_onna_no_ko,366
shin_getter_robo,365
a_song_of_ice_and_fire,365
mega_man_2,364
100%_orange_juice,364
hercules_(1997_movie),364
shinkyoku_soukai_polyphonica,363
sentimental_graffiti,363
melon_girls,363
project_diva,363
nogi_wakaba_wa_yuusha_de_aru,363
tribe_nine,363
strinova,363
sengoku_musou_2,362
king_(vocaloid),362
143_ocean_boulevard,362
starcraft,361
shimoneta_to_iu_gainen_ga_sonzai_shinai_taikutsu_na_sekai,361
comic_girls,361
mieruko-chan,361
guilty_gear_x,360
star_wars:_the_clone_wars,360
c_(control),360
idolmaster_shiny_colors_song_for_prism,360
helldivers_(series),360
kamen_rider_kabuto_(series),359
shining_resonance,359
sid_story,359
iya_na_kao_sare_nagara_opantsu_misete_moraitai,359
death_stranding,359
aku_no_meshitsukai_(vocaloid),358
witch_craft_works,358
wednesday_(netflix),358
sketchbook_full_colors,357
marvel_vs._capcom_2,357
heroman,357
pixiv_fantasia_4,357
ace_attorney_investigations_2:_prosecutor's_gambit,357
tiktok,357
otonari_no_tenshi-sama_ni_itsu_no_mani_ka_dame_ningen_ni_sarete_ita_ken,357
dragon's_dogma_(series),356
washio_sumi_wa_yuusha_de_aru,356
pokemon_tcg_pocket,356
scryed,355
c.c._lemon,355
meridian_project,355
fall_guys,355
kao_no_nai_tsuki,354
saint_seiya_omega,354
duel_masters_play's,354
lord_of_heroes,354
eoduun_badaui_deungbul-i_doeeo,354
comic_party,353
oneshot_(game),353
kakyuusei_2,352
konjiki_no_gash!!,352
deemo,352
black_surge_night,352
kitarou_tanjou:_gegege_no_nazo,352
kamichu!,351
shiritsu_justice_gakuen,351
super_mario_rpg,351
seitokai_yakuindomo,351
kimetsu_gakuen,351
melt_(vocaloid),350
makai_tenshi_djibril,350
samsung,350
bakuon!!,350
xblaze_code:_embryo,350
comiket_96,350
ikizulive!_love_live!_bluebird,350
half-life_(series),349
lilo_&_stitch,349
shantae_and_the_pirate's_curse,349
houkago_teibou_nisshi,349
ico,348
versailles_no_bara,348
gachimuchi,348
himawari-san,348
otome_gee_sekai_wa_mob_ni_kibishii_sekai_desu,348
dungeon_travelers_2,347
andersen's_fairy_tales,346
summer_wars,346
ole_tower,346
hataraku_saibou_black,346
shadow_of_the_colossus,345
tales_of_innocence,345
mabinogi_heroes,345
seiken_gakuin_no_maken_tsukai,345
sengoku_taisen,344
tenco's_story,344
metroid_fusion,343
ice_climber,343
himitsu_no_aipri,343
jet_set_radio,342
tenkuu_no_crystalia,342
ys_viii:_lacrimosa_of_dana,342
houkago_play,341
comic_anthurium,341
super_mario_3d_world,341
masterwork_apocalypse,341
comiket_97,341
trickcal,341
saihate_(vocaloid),340
fatal_frame_ii:_crimson_butterfly,339
joshi_kousei_rich_thots,339
aerisdies,338
tetsuwan_atom,338
rabi-ribi,338
ikemen_onna_to_hakoiri_musume,338
ame_to_kimi_to,338
fortune_arterial,337
bakumatsu_rouman,337
phantasmagoria_of_dim.dream,337
dream_hunter_rem,337
wario_land,337
pokemon_rgby_(prototype),337
creepypasta,337
odd_taxi,337
princess_peach:_showtime!,337
zone_of_the_enders,336
the_saga_of_darren_shan,336
tiny_evil,336
pokemon_gsc_(prototype),336
mario_kart_tour,336
hololive_alternative,336
napoli_no_otokotachi,336
barbie_(live_action),336
night_wizard,335
uchuu_no_stellvia,335
gundam_sentinel,335
grisaia_no_meikyuu,335
sdorica,335
itai_no_wa_iya_nano_de_bougyoryoku_ni_kyokufuri_shitai_to_omoimasu,335
fatal_fury:_city_of_the_wolves,335
hades_2,335
valkyrie_no_densetsu,334
bakusou_kyoudai_let's_&_go!!,334
mother_1,334
beast_wars,334
internet_explorer,334
super_robot_wars_z,334
captain_earth,334
shadowverse:_worlds_beyond,334
hyakka_ryouran_samurai_girls,333
yowamushi_pedal,333
kaiten_muten-maru,333
toji_no_miko:_kizamishi_issen_no_tomoshibi,333
saikin_yatotta_maid_ga_ayashii,333
falkyrie_no_monshou,332
shining_wind,331
sword_art_online_progressive,331
illustration.media,331
idolmaster_one_for_all,331
star_ocean:_first_departure,330
golden_sun,330
suicide_squad,330
bleach:_epilogue,330
code:_kite,330
lotus_land_story,329
gakuen_utopia_manabi_straight!,329
alien_(1979),329
san-x,329
anyamal_tantei_kirumin_zoo,329
predator_(series),328
princess_lover,328
strike_witches:_katayoku_no_majo-tachi,328
the_legend_of_zelda:_spirit_tracks,328
atelier_ayesha,328
mahou_tsukai_no_yome,328
strider_(video_game),327
punch-out!!,327
chunithm,327
caligula_(game),327
sonic_the_hedgehog_(idw),327
persona_5:_the_phantom_x,327
busou_renkin,326
parasite_eve_(series),326
ano_ko_wa_toshi_densetsu,326
kemomimi_refle!,326
kore_ga_watashi_no_goshujin-sama,325
virtual_on,325
ninja_gaiden,325
pokemon:_the_electric_tale_of_pikachu,325
downtown_no_gaki_no_tsukai_ya_arahende!!,325
idolmaster_movie,325
code_vein,325
urasekai_picnic,325
oomakase,325
senkou_no_ronde,324
idolmaster_xenoglossia,324
castlevania:_rondo_of_blood,324
the_king_of_fighters_xiii,324
fire_emblem_warriors,324
sonic_adventure_2,324
captain_america:_the_winter_soldier,324
houchi_shoujo,324
portal_1,323
kiddy_grade,323
kamen_rider_kiva_(series),323
phantom_kingdom,323
tenka_touitsu_chronicle,323
paper_mario:_the_origami_king,323
casshern_(series),322
touhou_danmaku_kagura,322
paripi_koumei,322
akane-iro_ni_somaru_saka,321
photokano,321
light_and_night_love,321
maerchen_(sound_horizon),320
masamune-kun_no_revenge,320
kamen_rider_drive_(series),320
azure_striker_gunvolt_2,320
himehina_channel,320
sarazanmai,320
bible_black,319
arcana_heart_2,319
seihou,319
dragon_quest_ix,319
kirby's_return_to_dream_land,319
kamen_rider_zi-o_(series),319
rune_factory:_guardians_of_azuma,319
resort_boin,318
tsubasa_chronicle,318
nogizaka_haruka_no_himitsu,318
kanojo_x_kanojo_x_kanojo,318
rance_x,318
virtuareal_link,318
ombok_diving_and_delivery_services,318
cinderella_(fairy_tale),317
mega_man_x:_command_mission,317
tom_clancy's_the_division,317
smite,317
another_eden,317
kanagawa_okinami_ura,316
jewelpet_twinkle,316
akarui_kioku_soushitsu,316
umamusume:_road_to_the_top,316
yakitate!!_japan,315
phantom_brave,315
sazae-san,315
disgaea_d2,315
hapymaher,315
yu-gi-oh!_go_rush!!,315
tsuyokiss,314
final_fantasy_iv:_the_after_years,314
nhk_ni_youkoso!,314
dragon_ball_xenoverse,314
uchuu_patrol_luluco,314
nandemo_iu_koto_wo_kiite_kureru_akane-chan_(voiceroid),314
kmnz,314
kizuato,313
sweet_home,313
lost_universe,313
asobi_ni_iku_yo!,313
yozakura_quartet,313
donkey_kong_country,313
devil_survivor_2,313
digimon_adventure_tri.,313
lonely_girl_ni_sakaraenai,313
mimukauwa_nice_try_(vocaloid),313
kyouran_kazoku_nikki,312
megami_magazine_deluxe,312
cream_lemon,312
fallout_4,312
#compass,312
the_super_mario_bros._movie,312
super_robot_wars_the_lord_of_elemental,311
the_legend_of_zelda:_link's_awakening,311
crossbone_gundam,311
wacom,311
battle_angel_alita,311
tales_of_hearts,311
seikimatsu_occult_gakuin,311
sonic_the_hedgehog_(archie_comics),311
romancing_saga,310
kaze_no_klonoa,310
battlefield_(series),310
brave_sword_x_blaze_soul,310
comic_exe,310
rabbit_and_steel,310
fruits_basket,309
wonder_festival,309
bomberman,309
blade_runner_(series),309
wendy's,309
world_of_tanks,308
soukou_senki_prism_reica,308
crawling_dreams,308
choukou_taisen_escalation_heroines,308
2.5_jigen_no_ririsa,308
choujin_x,308
sword_art_online_the_movie:_ordinal_scale,307
kamen_rider_gavv_(series),307
legend_of_mana,306
maison_ikkoku,306
tom_and_jerry,306
happy_tree_friends,306
mob_talker,306
sword_art_online:_unleashed_blading,306
silent_hill_f,306
shounen_jump,305
little_tail_bronx,305
professor_layton,305
your_diary,305
dragon's_dogma,305
hopeless_masquerade,305
shantae:_half-genie_hero,305
choukou_shinki_ixseal,305
kin-iro_loveriche,305
ena_(series),305
voicepeak,305
hatsune_miku_happy_16th_birthday_-dear_creators-,305
phantasy_star_portable_2,304
kampfer,304
idolmaster_starlit_season,304
ochikobore_fruit_tart,304
namco,303
saber_marionette_j,303
twin_angel,303
kobeya,303
marvel_vs._capcom_3,303
oomuro-ke,303
kamihime_project,303
pokemon_sleep,303
nazo_no_kanojo_x,302
left_4_dead,302
muse_dash,302
one_-_kagayaku_kisetsu_e,301
no_more_heroes,301
winnie_the_pooh,301
galgrease,301
taimanin_murasaki,301
watashi_no_oshi_wa_akuyaku_reijou,301
lineage,300
jinki,300
macross_frontier:_itsuwari_no_utahime,300
shimeji_simulation,300
kagetsu_tooya,299
fate/tiger_colosseum,299
gensou_suikoden_iii,299
warhammer_fantasy,299
tetsuwan_birdy_decode,299
the_evil_within,299
zombie_high_school,299
city_hunter,298
yu-gi-oh!_the_dark_side_of_dimensions,298
happy_sugar_life,298
camp_buddy,298
otome_wa_boku_ni_koishiteru,297
cinderella_(disney_movie),297
good_omens,297
umayuru,297
phoenix_wright:_ace_attorney,296
game_&_watch,296
strike_witches:_aurora_no_majo,296
outbreak_company,296
danganronpa_kirigiri,296
chain_chronicle,296
manaria_friends,296
hiyoku_no_crosspiece,296
code_geass:_boukoku_no_akito,295
japan_racing_association,295
nora_cat_channel,295
taiko_no_tatsujin,294
it_(stephen_king),294
tongari_boushi_no_atelier,294
crystal_maiden_(series),294
xxxholic,293
my_life_as_a_teenage_robot,293
shingoku_no_valhalla_gate,293
dosanko_gal_wa_namaramenkoi,293
choukou_sennin_haruka,292
kirby_super_star,292
detroit:_become_human,292
river_city_girls,292
slow_loop,292
ayakashi_triangle,292
final_fantasy_tactics_advance,291
wild_and_horned_hermit,291
xxl_woofia,291
ookiku_furikabutte,290
drag-on_dragoon_1,290
vanguard_princess,290
hoshikuzu_witch_meruru,290
tamagotchi_(classic),290
osu!,290
high_school_dxd_new,290
selector_wixoss,290
yuragisou_no_yuuna-san,290
wonder_egg_priority,290
sentai_red_ga_isekai_de_boukensha_ni_naru,290
sky_girls,289
seiken_densetsu_2,289
air_gear,289
svc_chaos,289
metal_gear_solid_2:_sons_of_liberty,289
devil_summoner:_soul_hackers,289
comic_penguin_club,289
iron_man_(series),289
oekaki_musume,289
steam_(platform),289
enigmatic_recollection,289
ga_geijutsuka_art_design_class,288
assassin's_creed_ii,288
joshiraku,288
karakai_jouzu_no_(moto)_takagi-san,288
idol_land_pripara,288
plave,288
ginga_tetsudou_999,287
pokemon_heroes:_latios_&_latias,287
macross_frontier:_sayonara_no_tsubasa,287
rail_wars!,287
sora_no_method,287
she-ra_and_the_princesses_of_power,287
artwhirl_mahou_gakuen_no_otome-tachi,287
chi.:_chikyuu_no_undou_ni_tsuite,287
tetsuwan_birdy,286
tokimeki_memorial_girl's_side_3rd_story,286
shining_hearts,286
hanayamata,286
kono_bijutsubu_niwa_mondai_ga_aru!,286
shinkalion_(series),286
haite_kudasai_takamine-san,286
mahou_shoujo_madoka_magica:_walpurgis_no_kaiten,286
ganbare_goemon,285
star_trek,285
monsters_inc.,285
mahou_shoujo_lyrical_nanoha_innocent,285
sweets_paradise,285
danganronpa_another,285
dengeki_hime,284
jigoku_sensei_nube,284
mystic_square,284
isekai_ojisan,284
backrooms_(creepypasta),284
rain_world,284
wrestle_angels_survivor_2,283
power_rangers,283
gundam_narrative,283
nexas_(vtuber),283
advent_cirno,282
youkai_watch_2,282
cross_ange,282
reflect_(gawr_gura),282
kochikame,281
wild_arms_5,281
arc_the_lad_i,281
toy_story,281
space_dandy,281
artery_gear,281
avengers:_infinity_war,281
re:zero_kara_hajimeru_isekai_seikatsu:_lost_in_memories,281
danganronpa_s:_ultimate_summer_camp,281
comic_hotmilk,280
fatal_frame:_mask_of_the_lunar_eclipse,280
11eyes,280
sonic_adventure,280
the_amazing_world_of_gumball,280
persona_4:_dancing_all_night,280
hitomi_sensei_no_hokenshitsu,280
krt_girls,280
blue_reflection_maboroshi_ni_mau_shoujo_no_ken,280
gaki_kyonyuu,280
super_mario_bros._wonder,280
mario_&_sonic_(series),279
vigilante_-boku_no_hero_academia:_illegals-,279
ordo_mediare_sisters_(ironlily),279
frankenstein,278
monster_farm,278
star_ocean:_integrity_and_faithlessness,278
red_velvet_(group),278
otomedius,277
comic_lo,277
puyopuyo_20th_anniversary,277
igaku_(utau),277
anpanman,276
diablo_(series),276
the_terminator,276
borderlands_(series),276
gundam_perfect_file,276
ilog,276
usseewa,276
noragami,275
gothic_wa_mahou_otome,275
the_jojolands,275
suzumiya_haruhi-chan_no_yuuutsu,274
yandere_simulator,274
bloodstained_(series),274
hentai_key,273
advance_wars,273
portrait_of_exotic_girls,273
yukijirushi,273
irotoridori_no_sekai,273
bungou_to_alchemist,273
mirai_akari's_new_virtual_youtuber_illustration_contest,273
gynoid_talk,273
shinkon_gattai_godannar!!,272
mona_lisa,272
off_(game),272
endro!,272
djmax_respect,272
elysion,271
garo_(series),271
one_piece:_strong_world,271
houkago_no_pleiades,271
goth_girl_and_the_jock,271
zako_(vocaloid),271
giant_robo,270
mahou_shoujo_madoka_magica_plus,270
sonic_boom_(series),270
elfheim,270
shigoto_neko,270
melty_blood:_type_lumina,270
xenoblade_chronicles:_future_connected,270
ma_no_mono-tachi,270
shijou_saikyou_no_deshi_ken'ichi,269
the_incredibles,269
senjou_no_valkyria_3,269
detective_pikachu_(series),269
qualidea_code,269
metal_slug_attack,269
shenmue,268
upotte!!,268
ryuu_ga_gotoku_0,268
slime_taoshite_300_nen_shiranai_uchi_ni_level_max_ni_nattemashita,268
queen's_blade_unlimited,268
kaitou_tenshi_twin_angel,267
honest_axe,267
dead_space_(series),267
seitokai_no_ichizon,267
yuri_kuma_arashi,267
bloodstained:_ritual_of_the_night,267
the_king_of_fighters_all-stars,267
snow_fox,266
dlsite.com,266
super_mario_sunshine,266
saikyou_ginga_ultimate_zero_~battle_spirits~,266
strawberry_prince,266
jiggly_girls,265
star_wars:_return_of_the_jedi,265
touhou_hisoutensoku,265
kud_wafter,265
goho_mafia!_kajita-kun,265
octopath_traveler_ii,265
justice_league,264
bioshock_infinite,264
ring_dream,264
sunoharasou_no_kanrinin-san,264
arifureta_shokugyou_de_sekai_saikyou,264
ueno-san_wa_bukiyou,264
persona_5_scramble:_the_phantom_strikers,264
tayutama,263
border_break,263
tekken_tag_tournament_2,263
maimai_(game),263
kaii_shoukougun,263
blazblue_variable_heart,263
inazuma_eleven_ares_no_tenbin,263
wangzhe_rongyao,263
getting_over_it,263
inabakumori,263
kimagure_orange_road,262
zaregoto_series,262
sumaga,262
sonic_riders_(series),262
koumajou_densetsu_2,262
no.6,262
fairy_fencer_f,262
boruto:_naruto_the_movie,262
hakanai_kimi_wa_moukou_wo_hajimeru,262
kowareta_sekai_to_utaenai_miku,262
the_legend_of_zelda_(nes),261
soredemo_machi_wa_mawatteiru,261
casshern_sins,261
action_pizazz,261
puyopuyo_7,261
okujou_no_yurirei-san,261
ghostblade,261
action_taimanin,261
seeno_de!_hasu_no_sora!,261
dogs:_bullets_&_carnage,260
phantasy_star_online,260
ikkitousen_great_guardians,260
pringles,260
tactics,260
capsule_servant,260
azure_striker_gunvolt_1,260
masou_gakuen_hxh,260
gravity_daze_2,260
playerunknown's_battlegrounds,260
date_a_live:_spirit_pledge,260
ai_the_somnium_files,260
kamen_rider_hibiki_(series),259
kamen_rider_agito_(series),259
puchimasu!,259
juuni_taisen,259
love_live!_days:_love_live!_general_magazine,259
granblue_fantasy_versus,259
voisona,259
pizza_tower,259
highly_responsive_to_prayers,258
luminous_arc,258
nirvana_(band),258
robotech,258
sengoku_saga,258
danganronpa/zero,258
kono_subarashii_sekai_ni_bakuen_wo!,258
kirby:_planet_robobot,258
gagraphic,257
outlaw_star,257
stalker_(game),257
waku_waku_7,257
wcdonald's,257
benesse,257
toeto_(vocaloid),257
senran_kagura_peach_beach_splash,257
dead_or_alive_6,257
kokoro_iroduku_koi_ga_shitai,257
five_nights_at_freddy's:_security_breach,257
nue_no_onmyouji,257
majin_tantei_nougami_neuro,256
gundam_wing:_endless_waltz,256
the_bible,256
dissidia_012_final_fantasy,256
digimon_world_re:digitize,256
pixiv_fate/grand_order_contest_1,256
gundam_battle_operation_2,256
sinsekai_record,256
noa-senpai_wa_tomodachi.,256
aquarian_age,255
psychic_hearts,255
boku_dake_ga_inai_machi,255
lanxi_zhen,255
tamacolle,255
xai_(company),255
yokohama_kaidashi_kikou,254
gunsmith_cats,254
garfield,254
bandai_namco,254
mayoi_neko_overrun!,254
heavy_object,254
bionicle,254
yuusha_no_kuse_ni_namaiki_da,254
hikikomari_kyuuketsuki_no_monmon,254
super_robot_wars_30,254
motto!_haramase!_honoo_no_oppai_isekai_oppai_bunny_gakuen!,254
kure-nai,253
arcana_heart_3,253
tari_tari,253
koufuku_graffiti,253
vee_(vtuber),253
2024_summer_olympics,253
canvas_(cocktail_soft),252
scarlet_weather_rhapsody,252
hamtaro_(series),252
fireball_(series),252
dragon_nest,252
un-go,252
cry_of_fear,252
sakura_no_toki,252
super_mario_64,251
god_of_war,251
facebook,251
king_kong_(series),251
grand_theft_auto_v,251
shuumatsu_nani_shitemasu_ka?,251
18trip,251
athena_(series),250
sora_no_woto,250
soulcalibur_v,250
tower_records,250
destiny_(game),250
imouto_sae_ireba_ii,250
grimlight,250
bucchigiri?!,250
wwe,249
predator_(1987),249
rhythm_tengoku,249
sensha_otoko,249
arai-san_mansion,249
azure_striker_gunvolt_3,249
super_cub,249
invader_zim,248
ben-tou,248
perfume_(band),248
hourou_musuko,248
rune_factory_3,248
gundam_00_a_wakening_of_the_trailblazer,248
the_silmarillion,248
final_fantasy_type-0,248
saiki_kusuo_no_psi_nan,248
to_be_hero,248
pokemon_ranger_(series),247
little_princess,247
strike_witches_1991,247
mayo_chiki!,247
akatsuki_no_yona,247
artery_gear:_fusion,247
servamp,247
ever_17,246
galhound,246
cuddly_octopus,246
kumo_desu_ga_nani_ka?,246
quanzhi_gaoshou,246
duolingo,246
narutaru,245
castlevania:_symphony_of_the_night,245
dirge_of_cerberus_final_fantasy_vii,245
blazblue_remix_heart,245
fromsoftware,245
comic_bavel,245
sakura_quest,245
to_be_hero_x,245
true_tears,244
eiken,244
zegapain,244
romancing_saga_3,244
command_&_conquer,244
genmu_senki_leda,244
mogeko_castle,244
moe!_ninja_girls,244
high_school_dxd_hero,244
real_mo_tama_ni_wa_uso_wo_tsuku,244
grimms_echoes,244
amagami-san_chi_no_enmusubi,244
cyberbots,243
phantasy_star_universe,243
power_pro_kun_pocket,243
bastard!!,243
dragon_age,243
jinguang_budaixi,243
expo2025,243
return_of_the_mount_hua_sect,243
kamen_rider_gotchard_(series),243
ooe_(game),243
sola,242
banjo-kazooie,242
runescape,242
pixiv_fantasia_revenge_of_the_darkness,242
undead_unluck,242
gimai_seikatsu,242
readymade_(ado),242
tenjou_tenge,241
kurogane_no_linebarrel,241
mega_man_1,241
phineas_and_ferb,241
plants_vs._zombies_2,241
kawaii_dake_ja_nai_shikimori-san,241
tekken_6,240
freezing_(series),240
junketsu_duelion,240
the_seven_deadly_sins,240
the_great_ace_attorney_2:_resolve,240
luvdia,240
r.o.d_the_tv,239
comic_unreal,239
back_to_the_future,239
diao_ye_zong,239
mondaiji-tachi_ga_isekai_kara_kuru_sou_desu_yo?,239
windows_10,239
shuumatsu_no_izetta,239
city_(arawi_keiichi),239
tantei_wa_mou_shindeiru,239
shuumatsu_no_valkyrie,239
blue_reflection_sun,239
zanki_mugen-chan_vs_deathtrap_dungeon,239
granado_espada,238
advance_of_zeta,238
kyouryuu_sentai_zyuranger,238
disco_elysium,238
hermitcraft,238
newjeans,238
mugen_senshi_valis,237
samurai_champloo,237
mulan_(movie),237
touran-sai,237
yuru-chara,237
tree_of_savior,237
"hime-sama_""goumon""_no_jikan_desu",237
warzard,236
wild_arms_4,236
super_metroid,236
aquaplus,236
bikkuriman,236
pokemon_mystery_dungeon:_explorers_of_time/darkness/sky,236
the_last_of_us_(series),236
love_live!_sunshine!!_the_school_idol_movie_over_the_rainbow,236
mega_man_11,236
goodbye_sengen_(vocaloid),236
kamippoina_(vocaloid),236
first_stage_production,236
words_worth,235
kemeko_deluxe,235
arakawa_under_the_bridge,235
monster_hunter_3,235
ca_(maeda_koutarou),235
mishiranu_joshikousei_ni_kankin_sareta_mangaka_no_hanashi,235
namco_x_capcom,234
comp_h's,234
akatsuki_no_goei,234
windows_95,234
tales_of_rebirth,234
arc_system_works,234
trouble_spirit!,234
monster_high,234
junk_gaming_maiden,234
akatsuki_records,234
atelier_lulua,234
gainax,233
pia_carrot_e_youkoso!!_3,233
kirby's_dream_land_3,233
ai_shite!_homun,233
onegai_twins,232
yakin_byoutou,232
ars_goetia,232
papa_no_iu_koto_wo_kikinasai!,232
hundred_(light_novel),232
twitch.tv,232
katsugeki/touken_ranbu,232
bijin_onna_joushi_takizawa-san,232
kamikaze_kaitou_jeanne,231
world_masterpiece_theater,231
char's_counterattack_-_beltorchika's_children,231
bunny_and_fox_world,231
kamisama_hajimemashita,231
mofumofu_channel,231
rokka_no_yuusha,231
knight's_&_magic,231
blade_runner_2049,231
mahjong_fight_girl,231
counter-strike_(series),230
grand_sphere,230
comiket_92,230
kemono_jihen,230
nezha_zhi_motong_jiangshi,230
witch's_heart,230
puss_in_boots:_the_last_wish,230
pepper&carrot,230
terminator_2:_judgment_day,229
masters_of_the_universe,229
nissin,229
kagerou_days_(vocaloid),229
shin_subarashiki_kono_sekai,229
a3!,229
kemono_friends_pavilion,229
cyber_v,229
ninjala,229
gal_gamer_ni_homeraretai,229
lovers_(game),228
lineage_2,228
dewprism,228
ghost_sweeper_mikami,228
green_lantern_(series),228
kamen_rider_black_(series),228
capcom_vs._snk,228
shadow_hearts_ii,228
scott_pilgrim_(comics),228
comic_x-eros,228
guilty_dragon,228
idolmaster_side-m_live_on_stage!,228
shinkansen_henkei_robo_shinkalion,228
avatar_2.0_project,228
ts_magical_girl_nao,228
yu-gi-oh!_master_duel,228
varium,228
raisei_no_ryu_tsukai,228
class_of_09,228
mozilla_firefox,227
dr._mario_(game),227
space_adventure_cobra,227
nukigee_mitai_na_shima_ni_sunderu_watashi_wa_dou_surya_ii_desu_ka?,227
celeste_(video_game),227
shachiku_succubus_no_hanashi,227
the_beatles,226
the_nightmare_before_christmas,226
hunie_(series),226
v&u_entertainment,226
metroid:_zero_mission,225
kashimashi,225
the_hunchback_of_notre_dame_(disney),225
mushiking,225
mahou_shoujo_(raita),225
corpse_party,225
xianjian_qixia_zhuan,225
star_wars:_the_force_awakens,225
monster_hunter_x,225
senjuushi_(series),225
pixiv_fantasia_scepter_of_zeraldia,225
omega_strikers,225
burger_king,224
suntory,224
d-frag!,224
imouto_ga_bun_retsu_shita.,224
gotcha!,224
internet_yamero,224
ashita_no_nadja,223
ghostbusters,223
djmax_portable,223
seiken_no_blacksmith,223
digimon_savers,223
odds_&_ends_(vocaloid),223
gungho,223
valkyrie_connect,223
pokemon_the_movie:_the_power_of_us,223
bird/binary,223
shining_tears,222
dance_dance_revolution,222
persona_2_batsu,222
nagato_yuki-chan_no_shoushitsu,222
windows_7,222
hakuouki_shinsengumi_kitan,222
chikanoko,222
dankira!!!,222
wizards_symphony,222
five_star_stories,221
mahoraba,221
gorillaz,221
tasogare_otome_x_amnesia,221
tell_your_world_(vocaloid),221
asagao_to_kase-san,221
sen'yuu.,221
moana_(movie),221
mahou_shoujo_ikusei_keikaku_restart,221
imaizumin-chi_wa_douyara_gal_no_tamariba_ni_natteru_rashii,221
specialite_(company),221
wild_flower,220
capcom_vs._snk_2,220
juusenki_l-gaim,220
hasbro,220
black_rock_shooter_(game),220
yondemasu_yo_azazel-san.,220
jianxia_qingyuan_(series),220
boku_to_koi_suru_ponkotsu_akuma.,220
doom_(2016),220
uber_eats,220
brawl_stars,220
coefont,220
suzume_no_tojimari,220
kimi_ga_aruji_de_shitsuji_ga_ore_de,219
mahou_no_tenshi_creamy_mami,219
futakoi,219
the_lion_king,219
who_framed_roger_rabbit,219
futsuu_no_joshikousei_ga_locodol_yattemita,219
wonderland_wars,219
hai_to_gensou_no_grimgar,219
gamers!,219
tengoku_daimakyou,219
breath_of_fire_i,218
maburaho,218
metroid_prime_3:_corruption,218
mario_power_tennis,218
zenkoku_seifuku_bishoujo_grand_prix,218
portal_2,218
atelier_shallie,218
harukana_receive,218
hajimete_no_gal,218
cue!,218
sousai_shoujo_teien,218
passion_(manhwa),218
zom_100:_zombie_ni_naru_made_ni_shitai_100_no_koto,218
haou_taikei_ryuu_knight,217
super_mario_world,217
left_4_dead_1,217
thunderbolt_fantasy,217
devilman_crybaby,217
mahou_shoujo_lyrical_nanoha_detonation,217
reject_(esports),217
baby_walkure,217
quackity_smp,217
shiki_(novel),216
avengers:_endgame,216
ice_cream_kanojo,216
takt_op.,216
wild_arms_xf,215
final_fantasy_crystal_chronicles,215
otoyomegatari,215
lol_-lots_of_laugh-_(vocaloid),215
hololive_china,215
legends_of_runeterra,215
deep_one_kyomu_to_mugen_no_fragment,215
ai_yori_aoshi,214
super_mario_bros._3,214
transformers_unicron_trilogy,214
jianxia_qingyuan_online_3,214
madan_no_ou_to_vanadis,214
fantasista_doll,214
isshuukan_friends,214
indivisible,214
higyaku_no_noel,214
love_and_producer,214
kamisama_ni_natta_hi,214
world_dai_star,214
bakuretsu_tenshi,213
choudenji_robo_combattler_v,213
castlevania:_order_of_ecclesia,213
grand_chase,213
haevest,213
akb48,213
musunde_hiraite_rasetsu_to_mukuro_(vocaloid),213
how_to_train_your_dragon_(series),213
surge_concerto,213
gakusen_toshi_asterisk,213
wagaya_no_oinari-sama,212
roman_(sound_horizon),212
ancient_ys_vanished,212
umi_monogatari,212
mega_man_9,212
sangatsu_no_lion,212
super_paper_mario,212
lovely_x_cation_2,212
greaseberries,212
ane_naru_mono,212
tejina_senpai_(series),212
sonic_(live_action),212
the_grim_adventures_of_billy_&_mandy,211
leon_the_professional,211
devil_summoner:_raidou_kuzunoha_vs_the_soulless_army,211
machine-doll_wa_kizutsukanai,211
ushinawareta_mirai_wo_motomete,211
sonic_the_hedgehog_(2006),211
pretty_rhythm_aurora_dream,211
paladins,211
emiya-san_chi_no_kyou_no_gohan,211
propro_production,211
monster_musume_td,211
jinhongi,211
hokkaido_nippon-ham_fighters,210
sakura_taisen_ii,210
akatsuki_blitzkampf,210
metal_gear_solid:_peace_walker,210
binbougami_ga!,210
daiteikoku,210
kirby:_triple_deluxe,210
tongkkangi,210
horse_race_tests,210
fatal_frame_iii:_the_tormented,209
tsuki_ni_yorisou_otome_no_sahou,209
koukan_nikki,209
mitsuboshi_colors,209
splatoon_(manga),209
suicide_boy,209
rune_factory_5,209
guild_no_uketsukejou_desu_ga_zangyou_wa_iya_nanode_boss_wo_solo_toubatsu_shiyou_to_omoimasu,209
shiraken!_shiranai_koto_kenkyukai,209
otogi-juushi_akazukin,208
monster_(manga),208
chou_shittou_caduceus,208
the_king_of_fighters_2001,208
culture_japan,208
zone_of_the_enders_2,208
kimi_ni_todoke,208
ghost_trick,208
tenshi_no_3p!,208
v_yuusha_no_kuse_ni_namaiki_da_r,208
neko_to_chiyo,208
queen's_blade_white_triangle,208
a-soul,208
kimi_to_tsuzuru_utakata,208
sangoku_musou_1,207
pixiv_fantasia_wizard_and_knight,207
monster_hunter_4,207
majo_no_ie,207
barakamon,207
sonic_rush,207
escape_from_tarkov,207
gfriend,207
godzilla:_king_of_the_monsters,207
chucolala,207
touhou_lost_branch_of_legend,207
ryuu_ga_gotoku_7,207
tuyu_(band),207
ena:_dream_bbq,207
gag_manga_biyori,206
kaitou_saint_tail,206
inari_konkon_koi_iroha.,206
gekijouban_hibike!_euphonium,206
shinsougumi,206
hisabisa_ni_atta_osananajimi_ga_iroiro_to_seichou_shiteirunoni_nounai_dake_seichou_shiteinakute_douyou_shiteiru,206
mewkledreamy,206
jock_studio_(blits_games),206
comic_rin,205
gensou_suikoden_iv,205
perfect_blue,205
game_of_thrones,205
senran_kagura_burst,205
super_robot_wars_x-omega,205
red_hood_and_the_outlaws,205
battle_athletes,204
tenkuu_no_escaflowne,204
bakuman,204
love_lab_(manga),204
kamen_rider_ghost_(series),204
hanikami_kanojo,204
spy_kyoushitsu,204
mono_(afro),204
shin_megami_tensei_v:_vengeance,204
pita_ten,203
ten_(manga),203
gunxsword,203
ufo_robo_grendizer,203
alicesoft,203
senjou_no_valkyria_2,203
mass_effect_3,203
namiuchigiwa_no_muromi-san,203
mofu-mofu_after_school,203
kaii_to_otome_to_kamikakushi,203
macross_delta:_zettai_live!!!!!!,203
irisu_shoukougun!,202
unlight,202
flowers_(innocent_grey),202
grimoire_~shiritsu_grimoire_mahou_gakuen~,202
beautiful_gunbari,202
han'you_no_yashahime,202
touhou_bougetsushou,201
touka_gettan,201
white_album,201
ikazuchi_no_senshi_raidy,201
sisters_~natsu_no_saigo_no_hi~,201
solatorobo,201
supernatural_(tv_series),201
flying_witch,201
mist_train_girls,201
nagasarete_airantou,200
bakuretsu_hunters,200
ultraseven_(series),200
kodoku_no_gourmet,200
hilda_(series),200
kamen_rider_saber_(series),200
skip_to_loafer,200
spectral_(series),199
parasite_eve_i,199
super_robot_wars_z1,199
jurassic_park,199
evolution_championship_series,199
suki!_yuki!_maji_magic_(vocaloid),199
hisho_collection,199
zero_kara_hajimeru_mahou_no_sho,199
kairaku_historie,199
witch_watch,199
yumenokessho,199
the_exit_8,199
digimon_story:_time_stranger,199
ima_sugu_rinne_(vocaloid),199
getbackers,198
kurenai_no_buta,198
corrector_yui,198
cross_edge,198
kotoura-san,198
kokoro_connect,198
orangina,198
life_is_strange_(series),198
don_quijote_(store),198
final_fantasy_brave_exvius,198
megami_device,198
uta_macross_sumaho_deculture,198
toaru_majutsu_no_index:_imaginary_fest,198
2022_fifa_world_cup,198
vallure,198
.hack//games,197
titanic_(movie),197
pixiv_fantasia_2,197
t.m.revolution,197
servant_x_service,197
blazblue:_cross_tag_battle,197
senjuushi:_the_thousand_noble_musketeers,197
engage_kiss,197
osu!_tatakae!_ouendan,196
mahou_shoujo_ai,196
saint_october,196
gouma_reifuden_izuna,196
half-life_2,196
chibi_maruko-chan,196
bakuten_shoot_beyblade,196
armored_core:_for_answer,196
shin_megami_tensei_iv,196
daitoshokan_no_hitsujikai,196
wreck-it_ralph,196
priapus,196
yume_oukoku_to_nemureru_100-nin_no_ouji-sama,196
bleach:_brave_souls,196
kouya_no_kotobuki_hikoutai,196
langrisser_mobile,196
all_saints_street,196
sora_no_iro_mizu_no_iro,195
seikai_no_senki,195
atelier_marie,195
yuukyuu_gensoukyoku,195
paper_mario_64,195
mad_max,195
sonic_generations,195
chihayafuru,195
papico_(ice_cream),195
ip_police_tsuduki_chan,195
the_ghost_and_molly_mcgee,195
xinyue_tongxing,195
dodonpachi,194
black_cat_(series),194
phoenix_wright:_ace_attorney_-_justice_for_all,194
felarya,194
arc_the_lad_iii,194
battle_spirits:_shounen_toppa_bashin,194
chaos;head_love_chu_chu!,194
trinity_seven,194
mountain_dew,194
karigurashi_no_arrietty,194
sangoku_infinity,194
bravely_second:_end_layer,194
aoi_ch.,194
one_piece:_stampede,194
koisuru_(otome)_no_tsukurikata,194
cult_of_the_lamb,194
oshioki_sweetie,193
arika,193
bra-ban!,193
toushinden,193
saijaku_muhai_no_bahamut,193
etotama,193
shin_kouchuu_ouja_mushiking,193
twinbox_school,193
akuma_shitsuji_to_kuroi_neko,193
kibou_no_chikara_~otona_precure_'23~,193
moero!_justice_gakuen,192
el_cazador_de_la_bruja,192
doctor_who,192
assassin's_creed,192
sansha_san'you,192
mighty_morphin_power_rangers,192
mario_kart_8,192
impossible_spell_card,192
slow_damage,192
saikyou_tenshi_to_baito_senshi,192
gigo,192
popotan,191
sakura_musubi,191
twinbee,191
full_moon_wo_sagashite,191
digital_devil_saga,191
stellula_eques,191
tsuritama,191
summon_night_5,191
robot_girls_z,191
dragon_ball_minus,191
tanaka_the_wizard,191
the_crawling_city,191
discord,191
harry_potter:_magic_awakened,191
katamari_damacy,190
momotarou_densetsu,190
the_fairly_oddparents,190
puyopuyo_fever_2,190
otome_function,190
starry_sky_(game),190
despicable_me,190
fate/empire_of_dirt,190
aggressive_retsuko,190
from_argonavis,190
mumei_(song)_(hololive),190
erogos,189
lunar,189
super_gt,189
dc_extended_universe,189
gundam_thunderbolt,189
kiznaiver,189
twice_(group),189
kamen_america_(comic),189
bloodlight_(nyantcha),189
peripeteia,189
lethal_company,189
kill_bill,188
mahou_shoujo_lyrical_nanoha_reflection,188
w_tails_cat,188
mahou_tsukai_to_kuroneko_no_wiz,188
koi_suru_kanojo_no_bukiyou_na_butai,188
hatsune_miku_expo,188
heybot!,188
menhera-chan_(ezaki_bisuko),188
idolmaster_poplinks,188
yotsunoha,187
romancing_saga_minstrel_song,187
demento,187
agarest_senki,187
star_wars:_revenge_of_the_sith,187
shinmai_fukei_kiruko-san,187
onii-chan_dakedo_ai_sae_areba_kankeinai_yo_ne,187
comiket_86,187
fullbokko_heroes,187
mary_skelter,187
dragon:_marked_for_death,187
red:_pride_of_eden,187
shiroi_suna_no_aquatope,187
hito_mania_(utau),187
deathsmiles,186
after_(game),186
eternity_sword_series,186
space_channel_5,186
beast_wars:_transformers,186
mega_man_zero_3,186
mobile_suit_gundam_the_origin,186
project_x_zone,186
majo_to_hyakkihei,186
comiket_88,186
comiket_91,186
you_can_eat_the_girl,186
super_danganronpa_another_2,186
coyote_ragtime_show,185
touhou_sangetsusei,185
tenchuu,185
the_legend_of_zelda:_the_minish_cap,185
suiheisen_made_nan_mile?,185
nisoku_hokou_(vocaloid),185
final_fantasy_xiii-2,185
h2o_footprints_in_the_sand,184
mugen_no_fantasia,184
japanese_mythology,184
bliss_(image),184
sankarea,184
swapnote,184
kyokugen_dasshutsu_adv:_zennin_shibou_desu,184
teekyuu,184
omoide_no_marnie,184
huniepop,184
megami_no_cafe_terrace,184
zeno_(game),184
slay_the_princess,184
sonic_and_the_black_knight,183
metroid:_other_m,183
red_dead_redemption_(series),183
amnesia_(idea_factory),183
plastic_memories,183
ero_condo,183
v4mirai,183
otomari_koibito_lolita,183
angel_blade,182
yuusha_ou_gaogaigar_final,182
dragon_quest_yuusha_abel_densetsu,182
total_drama,182
franken_fran,182
seirei_tsukai_no_blade_dance,182
osana_reimu,182
kokuhaku_jikkou_iinkai,182
persona_4:_the_ultimax_ultra_suplex_hold,182
i-chu,182
gems_company,182
vivy:_fluorite_eye's_song,182
kyuuketsuki_sugu_shinu,182
100th_black_market,182
motto!_haramase!_honoo_no_oppai_isekai_oppai_maid_gakuen!,182
bereal,182
live_a_live,181
ghostly_field_club,181
harukanaru_toki_no_naka_de,181
triage_x,181
asdfmovie,181
station_memories,181
boroboro_no_elf-san_wo_shiawase_ni_suru_kusuri_uri-san,181
tensei_shitara_dai_nana_oji_datta_no_de:_kimama_ni_majutsu_o_kiwamemasu,181
hibi_wa_sugiredo_meshi_umashi,181
guilty_gear_2,180
hanamaru_youchien,180
double_spoiler,180
annie_mei_project,180
kishuku_gakkou_no_juliet,180
one_piece_film:_gold,180
idolmaster_stella_stage,180
dead_or_alive_xtreme_venus_vacation,180
lost_property_control_organization_(samidare),180
mario_&_luigi:_brothership,180
kangoku_senkan,179
space_invaders,179
marlboro,179
japan_railways,179
macross_plus,179
kobe_shinbun,179
netoge_no_yome_wa_onna_no_ko_janai_to_omotta?,179
king_of_prism_by_prettyrhythm,179
domestic_na_kanojo,179
bayonetta_3,179
shangri-la_frontier,179
touhou_mystia's_izakaya,179
shinsou_seiki_elementia,179
immaterial_and_missing_power,178
alice_in_wonderland_(disney),178
ryuu_ga_gotoku_1,178
totally_spies,178
karakuri_pierrot_(vocaloid),178
war_thunder,178
jurassic_world,178
lotus_eaters,178
ace_combat_7,178
utawarerumono:_lost_flag,178
shadowverse_(animated_series),178
kage_no_jitsuryokusha_ni_naritakute!_master_of_garden,178
rgb_paw,178
dc_universe_(franchise),178
clair_obscur:_expedition_33,178
shigofumi,177
ashita_no_kimi_to_au_tame_ni,177
gundam_card_builder,177
mega_man_x6,177
grandia_ii,177
gunslinger_stratos,177
ninja_to_koroshiya_no_futarigurashi,177
the_weaker_sex_1_(gibson),177
monster_hunter_frontier,176
peace@pieces,176
mushihime-sama,176
hanshin_tigers,176
i_want_you,176
needless,176
queen_(band),176
fallout_3,176
shin_koihime_musou,176
nyan_koi!,176
pacific_racing_team,176
ore_no_kanojo_to_osananajimi_ga_shuraba_sugiru,176
seisen_cerberus,176
shingeki_no_bahamut:_genesis,176
tokyo_necro,176
idolmaster_platinum_stars,176
ys_ix:_monstrum_nox,176
warui_ga_watashi_wa_yuri_janai,176
kujibiki_unbalance,175
kiseijuu,175
nana_(series),175
mega_man_x1,175
flyable_heart,175
just_be_friends_(vocaloid),175
ultra_galaxy_(series),175
beelzebub_(manga),175
kyokou_suiri,175
fata_morgana_no_yakata,175
soukou_seiki_ysphere,175
kemono_friends_kingdom,175
superman_(2025),175
.hack//tasogare_no_udewa_densetsu,174
bubblegum_crisis,174
ladies_versus_butlers!,174
tales_weaver,174
princess_royale,174
nitro+_chiral,174
monster_high_(g1),174
comiket_90,174
isshiki-san_wa_koi_wo_shiritai.,174
amakano_2,174
isekai_tensei_shite_v_ni_narimashita,174
pakatube,174
hogwarts_legacy,174
suika_game,174
comic_megastore,173
the_adventures_of_sherlock_holmes,173
pink_sniper,173
musou_orochi,173
watchmen,173
mahou_shoujo_lyrical_nanoha_a's_portable:_the_gears_of_destiny,173
la_corda_d'oro,173
burn_the_witch,173
etra-chan_wa_mita!,173
futoku_no_guild,173
starward,173
bakugan,172
tenshi_no_inai_12-gatsu,172
kikou_souseiki_mospeada,172
omc,172
doko_demo_issho,172
mana_khemia_(series),172
tamiya_incorporated,172
food_girls,172
tales_of_the_world,172
arslan_senki,172
fault!!,172
tokimeki_memorial_4,172
resident_evil:_revelations,172
warrior_cats,172
atomic_heart,172
kaoru_hana_wa_rin_to_saku,172
gunparade_march,171
ikkitousen_dragon_destiny,171
fila,171
command_&_conquer:_red_alert,171
kyokugen_dasshutsu:_9_jikan_9_nin_9_no_tobira,171
pikmin_2,171
criminal_girls,171
lol_comics,171
beatmania_iidx_19_lincle,171
souzou_forest_(vocaloid),171
kingdom_hearts_x,171
c2_kikan,171
mospeada,170
ai_tenshi_densetsu_wedding_peach,170
kero_kero_keroppi,170
sonic_unleashed,170
shine_post,170
mortal_kombat_1_(2023),170
girls_bravo,169
wonder_festival_2007,169
sentou_mecha_xabungle,169
zoids_chaotic_century,169
rosenkreuzstilette,169
hoshizora_e_kakaru_hashi,169
gal_gun_(series),169
shinma_x_keishou!_ragnabreak,169
persona_q_(series),169
nengoku_no_liese,169
inou-battle_wa_nichijou-kei_no_naka_de,169
tenkuu_no_craft_fleet,169
tsumi_no_hahen_(debris),169
digimon_universe:_appli_monsters,169
critical_role,169
ao_no_hako,169
transformers_one,169
pastel_chime,168
summon_night_4,168
makaimura,168
wikipedia,168
pure_pure,168
kokoro_(vocaloid),168
el_shaddai,168
mahou_shoujo_taisen,168
the_great_ace_attorney:_adventures,168
strange_creators_of_outer_world,168
beyblade:_burst,168
girlish_number,168
mahou_shoujo_tart_magica,168
otome_domain,168
kaifuku_jutsushi_no_yarinaoshi_~sokushi_mahou_to_skill_copy_no_chouetsu_heal~,168
shin_sakura_taisen,168
tokyo_mew_mew_new,168
bondlive,168
v-dere,168
sword_of_convallaria,168
kamen_rider_v3_(series),167
densetsu_kyojin_ideon,167
pokemon:_lucario_and_the_mystery_of_mew,167
brave_soul,167
future_card_buddyfight,167
munou_na_nana,167
gamer_supps,167
inkya_gyaru_demo_ikigaritai!,167
linux,166
noein,166
viper_v16,166
mujin_wakusei_survive,166
mega_man_megamix,166
super_robot_wars_og_saga_mugen_no_frontier_exceed,166
kotobukiya,166
kyousougiga,166
majestic_prince,166
mahou_shoujo_suzune_magica,166
gokukoku_no_brynhildr,166
daibouken!_yukeyuke_osawari_island,166
miiverse,166
shakunetsu_no_takkyuu_musume,166
raramagi,166
huion,166
gunvolt_chronicles_luminous_avenger_ix,166
hua_yi_shanxin_zhiyue,166
bond_en,166
vspo!_en,166
thomas_the_tank_engine_(series),165
joshi_kousei,165
scream_(movie),165
atlus,165
kamen_rider_black_rx_(series),165
danny_phantom,165
mass_effect_2,165
lollipop_chainsaw,165
mystical_power_plant,165
yomawari_(series),165
onna_doushi_toka_arienai_desho_to_iiharu_onnanoko_wo_hyakunichikan_de_tetteiteki_ni_otosu_yuri_no_ohanashi,165
nekojishi,165
kyou_wa_kanojo_ga_inai_kara,165
shin_kamen_rider,165
crosscore,165
a_deer_of_nine_colors,165
qiang_jin_jiu,165
akiba_maid_sensou,165
oretachi_ni_tsubasa_wa_nai,164
akazukin_chacha,164
final_fantasy_fables,164
bokurano,164
tengen_toppa_gurren_lagann:_parallel_works,164
noble_works,164
strike_witches_1940,164
pikmin_3,164
nora_to_oujo_to_noraneko_heart,164
sonic_x_shadow_generations,164
madan_no_ichi,164
kyokkou_senki_mistletear,164
lilith-soft,163
e_2,163
tombow_mono,163
oneechanbara,163
angel_chromosome_xx,163
tekken_4,163
life_is_strange_1,163
fuuto_tantei,163
algorhythm_project,163
liar_dancer_(synthesizer_v),163
doki_doki_majo_shinpan,162
trigger_heart_exelica,162
.hack//sign,162
sesame_street,162
duck_hunt,162
poppippoo_(vocaloid),162
neon_genesis_evangelion_gakuen_datenroku,162
hoshizora_no_memoria,162
project_diva_extend,162
mahou_shoujo_kazumi_magica,162
unknown_mother_goose_(vocaloid),162
omega_sisters,162
shinigami_bocchan_to_kuro_maid,162
ochikazuki_ni_naritai_miyazen-san,162
bunnystein_fantasy,162
kanojo_mo_kanojo,162
aquarium_(visual_novel),162
under_night_in-birth_2_sys:celes,162
g-taste,161
silver_rain,161
kusari_hime:_euthanasia,161
kof:_maximum_impact,161
latale,161
gouketsuji_ichizoku,161
fuurai_no_shiren,161
wizardry,161
cube_x_cursed_x_curious,161
reddit,161
sora_no_kanata_no_dystopia_x_shitei,161
afk_arena,161
shoukan_yuusha_to_f-kei_kareshi,161
kouya_no_naga_samurai,161
ruridragon,161
quilt_(game),160
noir_(anime),160
ushio_to_tora,160
magical_halloween,160
eternal_arcadia,160
bashamichi,160
mm!,160
hellboy_(comic),160
the_king_of_fighters_'97,160
pokemon_colosseum,160
borderlands_2,160
tamatoys,160
hanebado!,160
hentai_elf_to_majime_orc,160
brown_dust,160
senjou_no_valkyria_4,160
unitia,160
robotics;notes_dash,160
joker_(2019),160
the_distortion_detective,160
dragon_musume_ni_naritakunai!,160
puyopuyo~n,159
getter_robo_(classic),159
toward_the_terra,159
heart_no_kuni_no_alice,159
da_capo_iii,159
dimension_w,159
the_mandalorian,159
fire_emblem:_fortune's_weave,159
silent_sinner_in_blue,158
super_robot_wars_judgement,158
sd_gundam_g-generation,158
tekken_5,158
mega_man_x8,158
ultraman_tiga_(series),158
giri_giri_sisters,158
ace_attorney_investigations:_miles_edgeworth,158
honeyworks,158
precure_all_stars_new_stage:_mirai_no_tomodachi,158
susanghan_messenger,158
yuuki_yuuna_wa_yuusha_de_aru:_hanayui_no_kirameki,158
vanitas_no_carte,158
riot_music,158
v_ap_art,158
neet_de_otaku_na_kunoichi_to_naze_ka_dousei_hajimemashita,158
30_minutes_sisters,158
nine_sols,158
happy_saint_sheol,158
alien_nine,157
last_exile:_gin'yoku_no_fam,157
koimonogatari,157
reminiscence,157
under_night_in-birth_exe:late[st],157
panzer_waltz,157
hoshi_ori_yume_mirai,157
mili_(band),157
yaiteru_futari,157
tetoris_(synthesizer_v),157
r-type,156
choujuushin_gravion,156
chargeman_ken!,156
tear_ring_saga,156
harlock_saga,156
taishou_yakyuu_musume,156
koi_to_senkyo_to_chocolate,156
the_hobbit,156
himegoto,156
monster_musume_no_oisha-san,156
kimagure_temptation,156
neopets,156
sweethex,156
tokimeki_memorial_girl's_side_4th_heart,156
canvas_2,155
panel_de_pon,155
potemayo,155
to_heart_2_xrated,155
mario_strikers_(series),155
resident_evil_0,155
parappa_the_rapper,155
shukufuku_no_campanella,155
mario_kart_wii,155
yokohama_dena_baystars,155
shining_blade,155
banana_fish,155
tales_of_graces_f,155
dokidoki_sister_aoi-chan,155
donut_hole_(vocaloid),155
uq_holder!,155
chaos;child_love_chu_chu!!,155
pixiv_fantasia_mountain_of_heaven,155
phantasy_star_online_2_new_genesis,155
atelier_sophie_2,155
danjo_no_yuujou_wa_seiritsu_suru?,155
mahoutsukai_rose_no_sado_life,155
zookeepers_(diva),155
suki_na_souzai_happyou_dragon_(utau),155
manemane_nichinichi,155
soulcalibur_iii,154
kadokawa,154
discipline:_the_record_of_a_crusade,154
danbooru_(site),154
variable_geo,154
acchi_kocchi,154
rune_factory_frontier,154
commando_(movie),154
tokyo_ravens,154
gen'ei_wo_kakeru_taiyou,154
company_of_heroes,154
animal_(vocaloid),154
one_piece_(live_action),154
aster_tatariqus,154
the_elder_scrolls_iv:_oblivion,153
konami,153
dexter's_laboratory,153
beatmania_iidx_20_tricoro,153
yi_er_fan_club_(vocaloid),153
wake_up_girls!_stage_no_tenshi,153
re:lief_~shin'ai_naru_anata_e~,153
maerchen_maedchen,153
ecstas_online,153
sounan_desuka?,153
lofi_girl_(youtube),153
lagtrain_(vocaloid),153
motto!_haramase!_honoo_no_oppai_isekai_chou_ero_succubus_gakuen!,153
pixiv_fantasia_1,152
street_fighter_ex_(series),152
meiji_(brand),152
michelin,152
dancouga_(series),152
symphonic_rain,152
sf_choujigen_densetsu_rall,152
saint_seiya:_the_lost_canvas,152
2010_fifa_world_cup,152
age_of_empires_(series),152
mad_father,152
chloris_garden,152
kakuchou_shoujo-kei_trinary,152
mahou_shoujo_site,152
hop_step_jumpers,152
raging_loop,152
aohada_bocchi,152
rimworld,152
rinrinne,152
dokusen_yoku_ga_tsuyo_sugiru_yandere_kai_neko-chan,152
fairytale_police_hoe_department,152
kindaichi_shounen_no_jikenbo,151
momotarou,151
macross_zero,151
shadow_the_hedgehog_(game),151
toaru_majutsu_no_index:_endymion_no_kiseki,151
joukamachi_no_dandelion,151
venus_blade,151
date_a_live:_date_a_bullet,151
mamahaha_no_tsurego_ga_moto_kano_datta,151
yostar,151
novelpia,151
little_goody_two_shoes,151
full_metal_jacket,150
gakkou_de_seishun!,150
ben_10:_alien_force,150
akujiki_musume_conchita_(vocaloid),150
basquash!,150
silverlight,150
rokujouma_no_shinryakusha!?,150
kaizoku_sentai_gokaiger,150
the_caves_of_steel,150
hello_charlotte,150
coral_island,150
granblue_fantasy_versus:_rising,150
goshuushou-sama_ninomiya-kun,149
mega_man_zero_2,149
stratos_4,149
tekkaman_blade,149
mario_party,149
lovely_x_cation,149
yatagarasu_(game),149
sonic_channel,149
absolute_duo,149
rick_and_morty,149
john_wick,149
murenase!_shiiton_gakuen,149
kanan-sama_wa_akumade_choroi,149
hajime_no_ippo,148
mega_man_battle_network_6,148
tumblr,148
boy's_club,148
hotel_transylvania,148
sword_art_online:_hollow_fragment,148
kingdom_(series),148
eiyuu_senki_gold,148
amano_megumi_wa_suki_darake!,148
boku_no_risou_no_isekai_seikatsu,148
vandread,147
metroid_prime_2:_echoes,147
ragnarock_city,147
trigun_maximum,147
no-rin,147
comiket_85,147
urashimasakatasen,147
horizon_(video_game),147
thor_(marvel)_(series),147
tensei_shitara_ken_deshita,147
henry_stickmin_(series),147
basilisk_(manga),146
pirates_of_the_caribbean,146
pia_carrot_e_youkoso!!_g.o.,146
fl_studio,146
gokujou_seitokai,146
nhk_(broadcaster),146
.hack//link,146
prism_magical,146
inside_out,146
comiket_89,146
rwby_chibi,146
fantastic_beasts_and_where_to_find_them,146
caravan_stories,146
project_upd8,146
kirby's_return_to_dream_land_deluxe,146
one_piece_fan_letter,146
ikoku_meiro_no_croisee,145
boukun_habanero,145
magus_tale,145
incise_soul,145
chouon_senshi_borgman,145
uniqlo,145
kingdom_hearts:_chain_of_memories,145
acmeholic,145
majodou,145
sonic_riders,145
sweet_devil_(vocaloid),145
x-men_origins:_wolverine,145
7th_dragon_2020-ii,145
alia's_carnival!,145
hinabita,145
kimi_to_kanojo_to_kanojo_no_koi.,145
luck_&_logic,145
kaede_to_suzu,145
sentouin_hakenshimasu!,145
sukinako_ga_megane_wo_wasureta,145
mito_and_kaede,145
hakurei_frontier_spell_strive,145
fuufu_ijou_koibito_miman.,145
grisaia_battlefield_barcarolle,145
nijiyon,145
idol_(yoasobi),145
hypnotic_convenience_store_(mankai_kaika),145
sakigake!!_cromartie_koukou,144
comic_tenma,144
golden_boy,144
sonic_heroes,144
tropical_kiss,144
senjou_no_electro_girl,144
amakano_~second_season~,144
tomica_hyper_rescue_drive_head:_kidou_kyuukyuu_keisatsu,144
persona_3:_dancing_moon_night,144
renri_no_chigiri_wo_kimi_to_shiru,144
akudama_drive,144
monster_hunter_stories_2,144
wanmei_shijie,144
x-men:_the_animated_series,144
love_live!_school_idol_festival_2,144
fii-tan_the_figure,143
300_(movie),143
magician's_academy,143
kanojo_ga_flag_wo_oraretara,143
kuromukuro,143
clockwork_rabbit,143
romancing_saga_re;universe,143
kono_yuusha_ga_ore_tueee_kuse_ni_shinchou_sugiru,143
override_(synthesizer_v),143
eddsworld,143
miku_miku_ni_shite_ageru_(vocaloid),142
the_king_of_fighters_2002,142
the_legend_of_zelda:_oracle_of_seasons,142
shaft_(company),142
the_matrix,142
codename:_kids_next_door,142
the_scream,142
blood_tune,142
diablo_3,142
tamayura,142
jubeat,142
pocketland,142
high_school_dxd_cross,142
aikatsu_on_parade!,142
with_you,141
riviera,141
utakata,141
gundam_seed_astray,141
hentai_kamen,141
a_nightmare_on_elm_street,141
moira,141
kami-sama_no_memo-chou,141
google_chrome,141
sonic_rush_adventure,141
acfun,141
shin_sangoku_musou_7,141
kirby's_adventure,141
the_last_of_us,141
otaku_ni_koi_wa_muzukashii,141
succubus_stayed_life,141
dorifesu!,141
decadence_(anime),141
the_boys,141
hoshikuzu_telepath,141
charisma_house,141
tokimeki_no_mirai_chizu,141
blassreiter,140
itazuraguma_no_gloomy,140
devil_may_cry_2,140
ashita_no_joe,140
neko_musume_michikusa_nikki,140
kagaminomachi_no_kaguya,140
kamen_rider_stronger_(series),140
ore_no_nounai_sentakushi_ga_gakuen_love-comedy_wo_zenryoku_de_jama_shiteiru,140
ballroom_e_youkoso,140
stella_glow,140
ajin_(sakurai_gamon),140
crunchyroll,140
nikushoku_jk_mantis_akiyama,140
yu-gi-oh!_rush_duel,140
scarz,140
sentinel_girls,140
shuuen_no_virche,140
lyrical_lyric,139
abenobashi_mahou_shoutengai,139
karin_(manga),139
neo_ranga,139
ace_combat_zero,139
the_wizard_of_oz,139
oso-teki_kinoko_gijinka_zukan,139
ichiban_ushiro_no_daimaou,139
mario_&_luigi:_superstar_saga,139
kirby_air_ride,139
high_score_girl,139
mad_max:_fury_road,139
haruru_minamo_ni!,139
winged_fusiliers,139
lost_ark,139
yuuwaku_namaiki_lolita,139
idolmaster_va-liv,139
hizashi_no_naka_no_real,138
shining_musume,138
.hack//roots,138
gaiking,138
dance_in_the_vampire_bund,138
super_mario_world_2:_yoshi's_island,138
hatsune_miku_no_shoushitsu_(vocaloid),138
cartoon_network,138
shin_megami_tensei_ii,138
blazblue:_continuum_shift,138
ishida_to_asakura,138
koikishi_purely_kiss,138
marvelous,138
tsukimonogatari,138
daze_(kagerou_project),138
terra_battle,138
girls_und_panzer_gekitou!_maginot-sen_desu!!,138
id_:_invaded,138
kikai_sentai_zenkaiger,138
fragaria_memories,138
taboo_japan_disentanglement,138
weather_planet,138
yggdra_union,137
genmukan,137
girl's_avenue,137
tsuki_wa_higashi_ni_hi_wa_nishi_ni,137
fushigiboshi_no_futago_hime_gyu,137
gears_of_war,137
j._league,137
gensou_suikogaiden,137
orix_buffaloes,137
comiket_84,137
sergestid_shrimp_in_tungkang,137
hanasaki_work_spring,137
pocket_mirror,137
arms_note,137
aiyoku_shimai_lolita,137
senyoku_no_sigrdrifa,137
rock_'n'_rock_'n'_beat,137
misskey.io,137
shoujo_kakumei_utena_adolescence_mokushiroku,136
pumpkin_scissors,136
gad_guard,136
the_legend_of_zelda:_oracle_of_ages,136
wild_wet_west,136
blue_dragon,136
trinity_blood,136
dino_crisis,136
power_stone,136
men_in_black,136
toushin_toshi,136
world's_end_dancehall_(vocaloid),136
shoushimin_series,136
lightning_returns:_final_fantasy_xiii,136
makai_shin_trillion,136
avengers:_age_of_ultron,136
tokyo_xanadu,136
alice_girls_shiny_heart,136
victory_belles,136
dragon_ball_z_dokkan_battle,136
youkai_watch_jam:_youkai_gakuen_y,136
haks,136
muv-luv_alternative_(anime),136
sekaiju_no_meikyuu_hd,136
adventure_time:_fionna_and_cake,136
izayoi_no_hanayome,135
grimgrimoire,135
playboy,135
the_creation_of_adam,135
tomb_raider_(reboot),135
cryamore,135
anne_happy,135
shin_megami_tensei_iv_final,135
bloodline,135
konohana_kitan,135
act-age,135
monster_hunter_world:_iceborne,135
obey_me!:_one_master_to_rule_them_all!,135
nijigen_project,135
yumeutsutsu_re:master,135
sakura_strasse,134
megami_paradise,134
solty_rei,134
prism_ark,134
kanon_2006,134
umihara_kawase,134
hiroshima_touyou_carp,134
battletech,134
dissidia_final_fantasy_opera_omnia,134
morinaga_(brand),134
trojan_green_asteroid,134
hanamonogatari,134
one_piece_film:_z,134
age_of_empires_ii,134
gugure!_kokkuri-san,134
better_call_saul,134
yuba_no_shirushi,134
isekai_wa_smartphone_to_tomo_ni.,134
bad_girl_(manga),134
the_smoke_room,134
stardust_project,134
bibbidiba_(hololive),134
silent_hill_4:_the_room,133
samurai_jack,133
osawari_tantei,133
mega_man_3,133
mega_man_battle_network_5,133
project_diva_f_2nd,133
doctor_strange_(series),133
sei_zenra_jogakuen,133
soukou_senki_prism_shine,133
shin_ultraman,133
toaru_majutsu_no_index:_genesis_testament,133
poppy_playtime,133
sonic_prime,133
crazy_ones,133
xtale,133
circle_of_inevitability,133
pixellink,133
holohoneygaoka_koukou,133
ender_magnolia_bloom_in_the_mist,133
confessions_of_a_rotten_girl_(vocaloid),133
meshimase_idol,132
luminous_arc_2,132
kidou_senkan_nadesico_-_prince_of_darkness,132
angelic_layer,132
civilization_(series),132
dead_rising,132
toriko_(series),132
blazblue_phase_0,132
sonic_x,132
muchigaku,132
top_gun,132
kirisame_ga_furu_mori,132
youkai_hyakki-tan!,132
2channel_(/livejupiter/),132
touken_ranbu:_hanamaru,132
nademonogatari,132
futaba-san_chi_no_kyoudai,132
seirei_gensouki,132
saimin_seishidou,132
camp_buddy:_scoutmaster_season,132
1000-nen_ikiteru_(vocaloid),132
gradius,131
gakkou_no_kaidan_(anime),131
honey_and_clover,131
mazinkaiser,131
megazone_23,131
starless,131
the_princess_and_the_frog_(disney),131
baskin-robbins,131
gakuen_basara,131
ark_survival_evolved,131
asobi_asobase,131
motto!_haramase!_honoo_no_oppai_isekai_ero_mahou_gakuen!,131
prismplus,131
hige_wo_soru._soshite_joshikousei_wo_hirou.,131
eiyuu_senki_ww,131
1hp_club,131
ai_the_somnium_files:_nirvana_initiative,131
mahou_shoujo_holowitch!,131
perfume_(takanashi_kiara),131
pink_floyd,130
gatchaman,130
conqueror_of_shambala,130
iczer_(series),130
konayuki_fururi,130
aniplex,130
steins;gate:_linear_bounded_phenogram,130
fearless_night,130
hoshi_wo_miru_hito,130
comiket_81,130
godzilla_(2014),130
ultimate_nipper,130
seven_knights,130
project_diva_x,130
counter-strike_2,130
isekai_meikyuu_de_harem_wo,130
ghost_of_tsushima,130
vdonburi,130
zeta_gundam_define,130
warioware:_get_it_together!,130
vimalion_pro,130
shift_up,130
no.1_sentai_gozyuger,130
sumomomo_momomo,129
princess_crown,129
sogna,129
castle_of_cagliostro,129
sakura_sakura,129
mamonomusume_to_no_seikatsu_~ramia_no_baai~,129
mainichi_compile_heart,129
gokushufudou,129
detective_pikachu_(movie),129
shoujo_rei_(vocaloid),129
full_service_(mazjojo),129
traffic_life_series,129
butcher_vanity_(synthesizer_v),129
jingai_makyou,128
young_justice,128
sket_dance,128
ken_to_mahou_to_gakuen_mono,128
the_kiss,128
captain_america:_the_first_avenger,128
akatsuki_no_kiseki,128
horizon_zero_dawn,128
kawaikereba_hentai_demo_suki_ni_natte_kuremasu_ka?,128
tama_project,128
16bit_sensation,128
shining_star,128
square_live,128
hakuchuumu_no_aojashin,128
fumetsu_no_anata_e,128
our_battle_has_just_begun!,128
clinical_trial_(game),128
sexfriend,127
magna_carta,127
mimi_wo_sumaseba,127
hirake!_ponkikki,127
growlanser_iv,127
fushigi_yuugi,127
koukaku_no_regios,127
smooooch,127
pieta,127
tokimeki_memorial_girl's_side_1st_love,127
deadman_wonderland,127
kingdom_hearts_3d:_dream_drop_distance,127
blood-c,127
hotline_miami,127
kaku-san-sei_million_arthur,127
keijo!!!!!!!!,127
inhabituels,127
disney_princess,127
dragon_poker,127
crusaders_quest,127
sengoku_kishin_valkyrie,127
monogatari_series_puc_puc,127
arena_of_valor,127
smiling_friends,127
shovel_knight,126
anne_of_green_gables,126
kumatanchi,126
rance_quest,126
date_a_live:_rinne_utopia,126
sabagebu!,126
youkai_watch_3,126
heroes_of_the_storm,126
venus_eleven_vivid!,126
sangai_senki,126
helios_rising_heroes,126
tsui_no_sora,126
lies_of_p,126
phantom_of_inferno,125
dinosaur_king,125
ng_knight_lamune_&_40,125
orguss,125
kyou_no_go_no_ni,125
sunshine_creation,125
macne_series,125
kyonyuu_fantasy,125
yowamushi_mont-blanc_(vocaloid),125
pixiv_azriel,125
fatal_frame:_maiden_of_black_water,125
koukaku_no_pandora,125
bernard-jou_iwaku.,125
castlevania_(netflix),125
lv2_kara_cheat_datta_moto_yuusha_kouho_no_mattari_isekai_life,125
tomodachi_no_imouto_ga_ore_ni_dake_uzai,125
marumaru_no_shuyaku_wa_wareware_da!,125
kenkon_no_washi,125
shiunji-ke_no_kodomotachi,125
soul_cradle,124
mahou_shoujo_pretty_sammy,124
futabu,124
girls'_generation,124
kamikaze_explorer!,124
muv-luv_unlimited:_the_day_after,124
atlantis:_the_lost_empire,124
towelket_wo_mou_ichido,124
delightfully_fuckable_and_unrefined!!,124
milihime_taisen,124
otoca_d'or,124
lavender_quartz,124
tensai_ouji_no_akaji_kokka_saiseijutsu,124
fitness_boxing,124
senpai_wa_otokonoko,124
ookami_game_(studio_wasabi),124
silent_witch,124
bluey,124
koharu_and_minato,124
akiiro_renka,123
getsumento_heiki_miina,123
ginga_hyouryuu_vifam,123
ichigeki_sacchuu!!_hoihoi-san,123
gankutsuou,123
comptiq,123
muppets,123
ginga_ojou-sama_densetsu_yuna,123
cantarella_(vocaloid),123
aoi_hana,123
rapunzel_(fairy_tale),123
wario_land:_shake_it!,123
sasami-san@ganbaranai,123
densou_tenshi_valforce,123
natsuzuka-san_no_himitsu,123
ben_10:_omniverse,123
ena_(web_series),123
mad_rat_dead,123
ys_x:_nordics,123
veil_(manga),123
doushitara_osananajimi_no_kanojo_ni_naremasu_ka!?,123
huayangshan_jishi,123
kamoku_dakedo_mechakucha_nori_no_ii_kuroneko-chan,123
fate_trigger:_the_novita,123
apt._(rose_&_bruno_mars),123
neon_genesis_evangelion_anima,122
memories_off_2nd,122
tsumamigui_(series),122
dungeons_&_dragons:_chronicles_of_mystara,122
final_fantasy_unlimited,122
codename_wa_sailor_v,122
comiket_72,122
mega_man_zero_1,122
sagara-san'chi_no_etsuraku_life,122
magical_astronomy,122
onimusha,122
pokemon:_the_first_movie_-_mewtwo_strikes_back,122
star_wars:_a_new_hope,122
jaws_(movie),122
ultraman_gaia_(series),122
phantasy_star_portable_2_infinity,122
unhappy_refrain_(vocaloid),122
beatless,122
starry_night_(van_gogh),122
captain_america:_civil_war,122
joker_game,122
valkyrie_drive_-siren-,122
gang_of_heaven,122
ganbare!_nakamura-kun!!,122
miku_with_you_(vocaloid),122
guild_cq,122
dive_to_zone,122
hi-fi_rush,122
danmachi_battle_chronicle,122
soul_link,121
windows_2000,121
kiss_x_sis,121
over_zenith,121
chunichi_dragons,121
popful_mail,121
blazblue:_calamity_trigger,121
momoiro_taisen_pairon,121
space_jam,121
yojouhan_shinwa_taikei,121
akiba's_trip,121
journey,121
one_man's_dream_ii,121
7th_dragon_iii,121
atsumare!_fushigi_kenkyuubu,121
shinobi_nightmare,121
isekai_quartet,121
itoko_no_onee-chan_ni_amaechau?,121
poketoon,121
blue_period,121
hua_jianghu_zhi_bei_mo_ting,121
i_became_a_god_in_a_horror_game,121
vcr_gta,121
myself_yourself,120
nursery_rhyme,120
rental_magica,120
valkyrie_profile_2:_silmeria,120
elemental_gelade,120
monty_python,120
xenosaga_episode_ii,120
twinkle_crusaders,120
under_the_moon,120
saw_(movie),120
otona_no_moeoh,120
toaru_kagaku_no_accelerator,120
kono_naka_ni_hitori_imouto_ga_iru!,120
attouteki_yuugi_mugen_souls,120
tales_of_link,120
kengan_(series),120
busou_shoujo_machiavellism,120
seiren,120
alternative_facts_in_eastern_utopia,120
uchi_no_maid_ga_uzasugiru!,120
sonic_forces:_speed_battle,120
cool_doji_danshi,120
love_je_t'aime,120
pastel_chime_continue,119
elf_all-stars_datsuijan,119
star_gladiator,119
gekkou_no_carnevale,119
excel_saga,119
berry's,119
brigadoon,119
sd_gundam_gaiden,119
sofmap,119
1925_(vocaloid),119
chinese_mythology,119
kung_fu_panda,119
pokemon_conquest,119
gundam_exa,119
the_binding_of_isaac,119
kaze_tachinu,119
juukishi_cutie_bullet,119
lost_technology,119
wario_land_4,119
torikissa!,119
five_nights_at_freddy's_2,119
comiket_87,119
mario_tennis_aces,119
lookism,119
grisaia_phantom_trigger,119
rapunzel's_tangled_adventure,119
danganronpa_another:_another_despair_academy,119
nageki_no_bourei_wa_intaishitai,119
globie,119
rock_wa_lady_no_tashinami_deshite,119
no_i'm_not_a_human,119
garden_(game),118
taketori_monogatari,118
hellsing:_the_dawn,118
el_hazard,118
gamera_(series),118
dororon_enma-kun,118
little_twin_stars,118
mega_man_8,118
koumajou_densetsu_1,118
otome_youkai_zakuro,118
fukkireta,118
american_psycho,118
monster_hunter_3_g,118
mikagura_gakuen_kumikyoku,118
jaku-chara_tomozaki-kun,118
boku_no_kanojo_sensei,118
virtual_ant_channel,118
comiket_98,118
teppen,118
prima_doll_(anime),118
godzilla_minus_one,118
friendly_rivalry,118
wiz_anniversary,117
golgo_13,117
green_(game),117
haou_airen,117
eien_no_aselia,117
neko_no_ongaeshi,117
touhou_ningyougeki,117
rayman_(series),117
viper_rsr,117
mirumo_de_pon!,117
dengeki,117
vampirella,117
norse_mythology,117
guild_wars_(series),117
ura-omote_lovers_(vocaloid),117
mega_man_legends_3,117
dodonpachi_saidaioujou,117
innocent_red,117
aharen-san_wa_hakarenai,117
world_rally_championship,117
watashi_no_tame_ni_nuginasai!,117
making_lovers,117
paryi_project,117
ultraman_z_(series),117
digimon_adventure:_(2020),117
hollow_song_of_birds,117
red_dead_redemption_2,117
the_devil_and_s-13,117
black_rock_shooter:_dawn_fall,117
makai_senki_disgaea_7,117
castlevania:_nocturne,117
black_myth:_wukong,117
girls_x_vampire,117
donkey_kong_bananza,117
devil_may_cry_1,116
tobaku_haouden_zero,116
bram_stoker's_dracula,116
miracle_paint_(vocaloid),116
the_dark_knight,116
phantasy_star_zero,116
ace_combat_04,116
gakkou_de_atta_kowai_hanashi,116
choo_choo_train,116
kyoukai_no_rinne,116
alice_or_alice,116
euphoria_(clockup),116
nagai_gojitsudan_no_nechronica,116
hinamatsuri_(manga),116
sq_(series),116
yoru_no_nai_kuni,116
time_bokan_24,116
ghost_in_the_shell:_sac_2045,116
akuyaku_reijou_tensei_ojisan,116
ji_peng_gou_you,116
togainu_no_chi,115
sd_gundam_g_generation_original,115
dc_animated_universe,115
romeo_and_juliet,115
kara_no_shoujo,115
aoi_shiro,115
sengoku_musou_3,115
shin_megami_tensei:_strange_journey,115
assassin's_creed_iii,115
kurano_kun_chi_no_futago_jijou,115
komori-san_wa_kotowarenai!,115
futaribeya,115
taimadou_gakuen_35_shiken_shoutai,115
tanaka-kun_wa_itsumo_kedaruge,115
ore_wo_suki_nano_wa_omae_dake_ka_yo,115
mortal_kombat_11,115
endless_monday:_dreams_and_deadlines,115
zenonzard,115
maou_gakuin_no_futekigousha,115
alpaca_connect,115
ragnador,115
kagome_no_inyoku,115
m@gical_cure!_love_shot!_(vocaloid),115
parodius,114
empty_x_embryo,114
ergo_proxy,114
aoki_ryuusei_spt_layzner,114
shin_megami_tensei_i,114
bleach:_turn_back_the_pendulum,114
arcturus,114
gundam_side_story:_the_blue_destiny,114
ed_edd_n_eddy,114
comic_shitsurakuten,114
cafe_sourire,114
koi_ga_saku_koro_sakura_doki,114
otorimonogatari,114
lord_of_vermilion_iii,114
cookie_clicker,114
saibai_shounen,114
gekijouban_date_a_live:_mayuri_judgement,114
netflix,114
amaama_to_inazuma,114
youkoso!_sukebe_elf_no_mori_e,114
noah_fantasy,114
kuso_zako_choroin_nishiga_hachi,114
tenkaichi_nihon_saikyou_bugeisha_ketteisen,114
godzilla_x_kong:_the_new_empire,114
shirley_(manga),113
cars_(movie),113
captain_tsubasa,113
re_leaf,113
slayers_try,113
ikea,113
steins;gate:_my_darling's_embrace,113
kishibe_rohan_wa_ugokanai,113
2020_summer_olympics,113
yamada-kun_to_7-nin_no_majo,113
star_night_snow_(vocaloid),113
monster_hunter_xx,113
shin_no_nakama_janai_to_yuusha_no_party_wo_oidasareta_no_de_henkyou_de_slow_life_suru_koto_ni_shimashita,113
buta_no_liver_wa_kanetsu_shiro,113
gwent_(game),113
kurai_ano_ko_to_shitai_koto,113
phony_(cevio),113
cyberlive,113
akane-banashi,113
ohsama_sentai_king-ohger,113
twinkle_star_knights,113
limelight_lemonade_jam,113
detroit_metal_city,112
super_robot_wars_alpha,112
saishuu_heiki_kanojo,112
silent_hill_1,112
mentholatum,112
the_king_of_fighters_xii,112
langrisser_ii,112
issho_ni_training,112
kamen_rider_x_(series),112
koiiro_soramoyou,112
new_super_marisa_land,112
end_breaker!,112
super_robot_wars_z2,112
hearthstone,112
danball_senki_wars,112
jojo_no_kimyou_na_bouken:_eyes_of_heaven,112
shinitagari_shoujo_to_shokujinki-san,112
reco_love,112
hatsune_miku_graphy_collection,112
refrain_no_chika_meikyuu_to_majo_no_ryodan,112
sonic_forces,112
danshi_koukousei_ga_mahou_shoujo_ni_naru_hanashi,112
love_r,112
game_club_project,112
steelblue_mirage,112
kamisama_no_you_na_kimi_e,112
motto!_haramase!_honoo_no_oppai_chou_ero_appli_gakuen!,112
eden's_ritter_grenze,112
shadowverse_flame,112
thunderbolts_(movie),112
splatoon_raiders,112
cross_channel,111
izumo,111
dragon_half,111
chu_x_chu_idol,111
tomie,111
oishinbo,111
kirby:_right_back_at_ya!,111
sleeping_beauty_(fairy_tale),111
mega_man_legends_2,111
mozaik_role_(vocaloid),111
vanquished_queens,111
ryuugajou_nanana_no_maizoukin,111
minna_no_rhythm_tengoku,111
jinsei,111
brave_frontier,111
kengan_ashura,111
shinken!!,111
akagami_no_shirayukihime,111
nihon_joshikousei_zukan,111
towako_(akane_shinsha),111
amatsutsumi,111
black_panther_(series),111
zero_escape:_toki_no_dilemma,111
super_robot_wars_v,111
granblue_fantasy:_relink,111
love_live!_school_idol_festival_~after_school_activity~,111
old_school_runescape,111
project_luminasys,111
gira_gira,111
synduality,111
kimi_ga_hoeru_tame_no_uta_wo,111
oppai_baka,110
kenran_butou_sai,110
rahxephon,110
taiyou_no_kiba_dougram,110
ufotable,110
daicon_iv,110
natsuzora_kanata,110
tenchi_muyou!_uchuu_hen,110
aliens_(1986),110
james_bond_(series),110
w.i.t.c.h.,110
the_seven-year_itch,110
shikkoku_no_sharnoth,110
tengen_toppa_gurren_lagann:_lagann-hen,110
hello_planet_(vocaloid),110
my_chemical_romance,110
kirby:_squeak_squad,110
angry_birds,110
suiyou_dou_de_shou,110
dakara_boku_wa_h_ga_dekinai,110
naruto:_road_to_ninja,110
shinohayu_the_dawn_of_age,110
binan_koukou_chikyuu_bouei-bu_love!,110
hakumei_to_mikochi,110
eshi_100_nin_ten,110
saint_seiya:_rising_cosmo,110
lapis_re:lights,110
violet_(ninomae_ina'nis),110
hololive_error,110
ultra_trailer_(synthesizer_v),110
love-bullet,110
girls_band_cry_rpg,110
mizuiro,109
zoku_satsuriku_no_django,109
silent_hill_(movie),109
tetsudou_musume,109
persona_3_the_answer,109
shadow_hearts_from_the_new_world,109
densetsu_no_yuusha_no_densetsu,109
mega_man_star_force_3,109
hoshiuta,109
cencoroll,109
kamen_rider_amazon_(series),109
mygrimoire,109
melancholic_(vocaloid),109
the_memories_of_phantasm,109
mahou_shoujo_taisen_contest_1,109
kirby_&_the_amazing_mirror,109
danball_senki_w,109
koi_ni_kanmi_o_soete,109
the_personification_of_atmosphere,109
mahou_shoujo_ikusei_keikaku_limited,109
isekai_shokudou,109
klasse14,109
moe!_ninja_girls_rpg,109
avataro_sentai_donbrothers,109
heroes_of_order,109
jijou_wo_shiranai_tenkousei_ga_guigui_kuru.,109
omariposa,109
queen_bonjourno,108
beatmania_iidx_14_gold,108
the_birth_of_venus,108
choujikuu_seiki_orguss,108
viper_gts,108
mega_man_battle_network_(anime),108
grand_theft_auto:_san_andreas,108
growlanser_i,108
yousei_daisensou,108
tokimeki_memorial_girl's_side_2nd_kiss,108
k-on!_high_school,108
transformers_shattered_glass,108
eureka_seven_ao,108
ookami_kodomo_no_ame_to_yuki,108
uchuu_kyoudai,108
bishoujo_mangekyou:_kami_ga_tsukuritamouta_shoujo-tachi,108
bikini_warriors,108
shuumatsu_no_harem,108
emperors_saga,108
nepnep_connect:_chaos_chanpuru,108
romantic_saga_of_beauty_&_devil,108
atom:_the_beginning,108
onikko_hunter_tsuina-chan,108
sentai_daishikkaku,108
victorian_romance_emma,107
cartagra,107
saku_(series),107
owari_no_chronicle,107
saga_2,107
exit_tunes,107
wonder_momo,107
daft_punk,107
tetsujin_28-gou,107
calbee_(potato_chips),107
elf_all-stars_datsuijan_2,107
yuukyuu_no_sharin,107
kamisama_dolls,107
pokemon_3:_the_movie_-_spell_of_the_unown:_entei,107
natsu_no_ame,107
to_heart_2_dungeon_travelers,107
tamagotchi_plus,107
kenzen_robo_daimidaler,107
devil_maker,107
ghost_rule_(vocaloid),107
dust_514,107
lostorage_wixoss,107
iyagatteru_kimi_ga_suki,107
assassins_pride,107
yuni_channel,107
sucker_for_love,107
highspeed_etoile,107
guilongchao,107
nijisanji_gta,107
rabbitmaiden_softworks,107
the_legend_of_zelda:_four_swords,106
temptation,106
darius_(series),106
alstroemeria_records,106
teenage_mutant_ninja_turtles_(1987),106
another_code,106
great_mazinger,106
abbey_road,106
tsuma_to_mama_to_boin,106
taito,106
toei_company,106
earth_defense_force,106
yu-gi-oh!_tag_force,106
momo_kyun_sword,106
animate_(company),106
yume_nisshi,106
akutoku_no_judgement_(vocaloid),106
shin_sekaiju_no_meikyuu,106
seiten_ragnarok,106
mai_ball!,106
shinsei_kamattechan,106
bishoujo_terror,106
need_for_speed,106
don't_starve,106
blaster_master_zero,106
the_milkmaid,106
cat_busters,106
gran_saga,106
heartlovepowertemple,106
the_last_supper,105
jungle_wa_itsumo_hare_nochi_guu,105
machine_robo,105
baldr_(series),105
mahou_no_princess_minky_momo,105
the_king_of_fighters_xi,105
raving_rabbids,105
thundercats,105
under_ground,105
manyuu_hikenchou,105
romance_of_the_three_kingdoms,105
kirby's_dream_land_2,105
mortal_kombat_9,105
gujian_qitan_(series),105
mission_impossible_(bkub),105
five_nights_at_freddy's_1,105
command_&_conquer:_red_alert_2,105
hisone_to_masotan,105
pirelli,105
osananajimi_ni_najimitai,105
tasokare_hotel,105
tropical_liquor,105
precure_connection_puzzlun,105
project-sp,105
new_pokemon_snap,105
obenkyou_shitoiteyo,105
super_mecha_champions,105
triangle_strategy,105
edomae_elf,105
zerobaseone,105
fire_emblem_shadows,105
viprpg,104
bakusou_kyoudai_let's_&_go!!_max,104
galzoo_island,104
daihatsu,104
interlude,104
folkssoul,104
summon_night:_swordcraft_story,104
metroid_(classic),104
kage_kara_mamoru!,104
amanchu!,104
vogue_(magazine),104
shut_hell,104
himitsu_keisatsu_(vocaloid),104
tarzan_(disney_movie),104
ciel_nosurge,104
tonari_no_kaibutsu-kun,104
teen_titans_go!,104
ressha_sentai_toqger,104
monster_hunter_mezeporta_kaitaku-ki,104
kaikan_change,104
mortal_kombat_x,104
cardfight!!_vanguard_g,104
amiami_(company),104
sakura_dungeon,104
dame_x_prince,104
loli_bitch_island,104
shoumetsu_toshi,104
girls_symphony,104
peppa_pig_(series),104
pandora_party_project,104
jerma985,104
puyopuyo_tetris_2,104
kubo-san_wa_mob_wo_yurusanai,104
jitsuha_imouto_deshita.,104
kinsou_no_vermeil,104
koutsugou_semi-friend,104
snow_(game),103
phantasy_star_ii,103
supercell_(band),103
where's_wally,103
lunar_2:_eternal_blue,103
kyatto_ninden_teyandee,103
famitsu,103
3x3_eyes,103
kanamemo,103
kick-ass,103
street_fighter_x_tekken,103
ao_oni,103
prism_recollection!,103
rance_ix,103
diabolik_lovers,103
los_angeles_lakers,103
fantasy_life,103
monster_hunter_stories,103
girls_und_panzer_phase_erika,103
destiny_lovers,103
kakkou_no_iinazuke,103
le_sserafim,103
tona-gura!,102
final_fantasy_tactics_a2,102
ringetsu,102
moshimo_ashita_ga_hare_naraba,102
sousei_no_aquarion,102
mega_man_4,102
miffy,102
wingman,102
mega_man_zero_4,102
happy_synthesizer_(vocaloid),102
usagi_drop,102
kabukimonogatari,102
transformers_armada,102
ii_orc_no_hi,102
mizuryuland,102
kenja_no_deshi_wo_nanoru_kenja,102
cloud9,102
onna_shunin_kishi_mieko,102
reco_love_gold_beach,102
sly_cooper_(series),102
shironagasu-tou_e_no_kikan,102
love_live!_school_idol_musical,102
sawaranaide_kotesashi-kun,102
succubus_appli,102
nabari_no_ou,101
inukami!,101
kamipani!,101
yume_miru_kusuri,101
re:_cutie_honey,101
streets_of_rage,101
soulcalibur_ii,101
alice_parade,101
futurama,101
sentou_yousei_yukikaze,101
calpis,101
fragile:_sayonara_tsuki_no_haikyo,101
koiiro_byoutou_(vocaloid),101
gin_to_kin,101
mega_man_x5,101
ophelia_(painting),101
kirby's_dream_land,101
dungeons_&_princess,101
the_rolling_girls,101
jewelpet_magical_change,101
gangsta,101
girly_air_force,101
girls_und_panzer_gekijouban,101
monmusu_harem,101
plivyou,101
granbelm,101
fruits_fulcute!,101
darling_dance_(vocaloid),101
tsui_no_sora_(remake),101
milk_inside_a_bag_of_milk_inside_a_bag_of_milk,101
kick_back_(song),101
afraid_of_monsters,101
dragon_quest_swords,100
lamune,100
yumeria,100
torikoro,100
mahou_tsukai_tai!,100
"i""s",100
dofus,100
robocop,100
kill_time_communication,100
medarot_2,100
hatoful_kareshi,100
shenmue_ii,100
digimon_story:_sunburst_and_moonlight,100
closed_game,100
unionism_quartet,100
choujin_koukousei-tachi_wa_isekai_demo_yoyuu_de_ikinuku_you_desu!,100
venus_rumble,100
ultraman_(hero's_comics),100
kemono_friends_festival,100
witch's_weapon,100
aki_no_jikan,100
irozuku_sekai_no_ashita_kara,100
war_of_the_visions:_final_fantasy_brave_exvius,100
katana_zero,100
glitchtale,100
echoes_of_vision,100
cloud_nine_inc,100
vlyz,100
shinobi_(game),99
miraroma,99
really?_really!,99
scrapped_princess,99
daiakuji,99
princess_maker_(series),99
iriya_no_sora_ufo_no_natsu,99
taisen_hot_gimmick,99
pulp_fiction,99
tokimeki_check_in,99
mashin_eiyuuden_wataru,99
daicon,99
choujuu_kishin_dancouga,99
tales_of_the_world_radiant_mythology_2,99
hajimete_no_koi_ga_owaru_toki_(vocaloid),99
yandere_no_onna_no_ko_ni_shinu_hodo_aisarete_nemurenai_cd,99
recettear,99
sonic_the_fighters,99
bishoujo_mangekyou:_norowareshi_densetsu_no_shoujo,99
lost_crusade,99
amakano,99
ice_scream,99
maplestory_2,99
cloud_meadow,99
koi_to_uso,99
mochipro,99
kikuru_(vtuber),99
yuusha_support_center_maoujou_shibu,99
kinjo_no_hito_no_nakimushi,99
eastward,99
touhou_blooming_chaos,99
cool_na_megami-sama_to_issho_ni_sundara_amayakashisugite_ponkotsu_ni_shiteshimatta_ken_ni_tsuite,99
hangyaku_no_nijigasaki,99
ogami_tsumiki_to_ki_nichijou,99
apocalypse_hotel,99
ryo_to_mikoto,99
konneko,98
amaenaideyo!!,98
hoshi_no_samidare,98
tears_to_tiara,98
megami_tensei,98
tatakae!!_iczer-1,98
cat's_eye,98
courage_the_cowardly_dog,98
tales_of_the_tempest,98
never_gonna_give_you_up,98
saint_onii-san,98
enbizaka_no_shitateya_(vocaloid),98
legend_of_queen_opala,98
ac_japan,98
moeru!_jiten,98
shinra-bansho,98
heavily_armed_high_school_girls,98
neko_atsume,98
nemurase_hime_kara_no_okurimono_(vocaloid),98
gin'iro_haruka,98
valkyrie_anatomia,98
bungou_stray_dogs:_mayoi_inu_kaikitan,98
anima_yell!,98
otome_kaibou_(vocaloid),98
god_eater_3,98
envy_baby_(vocaloid),98
dnf_duel,98
resonance_solstice,98
buddy_daddies,98
kouhai_wa_inkya_agari_no_infuruensaa,98
love_curse:_find_your_soulmate,98
persona_trinity_soul,97
rune_factory_1,97
kikou_senki_dragonar,97
windows_98,97
muteki_choujin_zambot_3,97
kaiba,97
w.l.o_sekai_ren'ai_kikou,97
resident_evil_-_code:_veronica,97
transformers_victory,97
sengoku_koihime_~otome_kenran_sengoku_emaki~,97
seikoku_no_dragonar,97
tamako_love_story,97
freedom_planet,97
watashi_nouryoku_wa_heikinchi_de_tte_itta_yo_ne!,97
nayutalien,97
x-overd,97
release_the_spyce,97
project_carneades,97
hoshikui,97
space_maria,97
zenbu_kimi_no_sei,97
la_priere,97
uta_no_prince-sama:_shining_live,97
fate/grail_league,97
kimihagu,96
makai_tenshi_djibril_2,96
major,96
dune_(series),96
halo:_combat_evolved,96
mega_man_x3,96
tentai_senshi_sunred,96
dawn_of_the_golden_witch,96
samurai_sentai_shinkenger,96
itunes,96
phantom_of_the_opera,96
star_wars_rebels,96
kitsune_no_oyome-chan,96
tsuki_ga_michibiku_isekai_douchuu,96
floral_flowlove,96
himitsu_no_jugyou,96
hibana_(vocaloid),96
gemini_seed,96
kyouka_jinrui_amunero,96
ragnarok_origin,96
buried_stars,96
ambitious_mission,96
grand_theft_auto_vi,96
nie_no_hakoniwa,96
sonic_the_hedgehog_3_(movie),96
real_bout_high_school,95
circus_(studio),95
submarine_707r,95
vampire_princess_miyu,95
aika_r-16,95
tron,95
oku-sama_wa_joshi_kousei,95
batman:_the_animated_series,95
metroid_prime_1,95
otoko_no_ko_wa_meido_fuku_ga_osuki!?,95
nevermind,95
oyasumi_punpun,95
national_football_league,95
prototype_(game),95
metal_fight_beyblade,95
end_of_eternity,95
halloween_(movie),95
working!!_(web_manga),95
tachibana-san-chi_no_dansei_jijou,95
majoca_majoluna,95
pure_girl,95
sengoku_gensoukyoku,95
shikihime_zoushi,95
dragon's_shadow,95
uchouten_kazoku,95
papers_please,95
emergence_(shindol),95
"ore_ga_ojou-sama_gakkou_ni_""shomin_sample""_toshite_rachirareta_ken",95
kingsman:_the_secret_service,95
type-moon_gakuen_chibichuki!,95
wagamama_high_spec,95
killing_bites,95
irodorimidori,95
b-project,95
ultraman_geed_(series),95
resident_evil_7:_biohazard,95
just_because!,95
the_caster_chronicles,95
oshi_ga_budoukan_itte_kuretara_shinu,95
kemono_fabric,95
kirby's_dream_buffet,95
yotsuba_no_senki_clover_rose,95
dragon_quest_tact,95
maximum_impact_ii,94
eternal_melody,94
anima,94
transformers_cybertron,94
uchuu_kaizoku_captain_harlock,94
g-senjou_no_maou,94
beatmania_iidx_16_empress,94
shinken-zemi,94
star_fox_adventures,94
mario_golf,94
call_of_duty:_black_ops,94
jewelpet_sunshine,94
x-men_vs._street_fighter,94
aho_girl,94
cytus,94
office_lady_taiwan,94
bendy_and_the_ink_machine,94
sony's_spider-man_universe,94
orc_eiyuu_monogatari,94
hearts_of_iron,94
valis_(sinsekai),94
rikai_no_aru_karen-chan,94
fossil_fighters,94
sasaki_to_p-chan,94
this_communication,94
umamusume:_star_blossom,94
pole_princess!!,94
empires_smp,94
emina&aki,93
my-otome_s.ifr,93
koisuru_otome_to_shugo_no_tate,93
hanbun_no_tsuki_ga_noboru_sora,93
bonobono,93
genji_tsuushin_agedama,93
pocahontas_(movie),93
project_a-ko,93
future_gpx_cyber_formula,93
e.t.,93
nascar,93
phantom_breaker,93
comiket_82,93
ixion_saga,93
himawari_no_kyoukai_to_nagai_natsuyasumi,93
fisheye_placebo,93
tonari_no_seki-kun,93
high_speed!,93
ninjago,93
titanfall,93
suketto_sanjou!,93
shelter_(song),93
metroid:_samus_returns,93
fire_punch,93
sekai_de_ichiban_oppai_ga_suki!,93
kizuna_kirameku_koi_iroha,93
nelke_to_densetsu_no_renkinjutsushi_tachi,93
idola_phantasy_star_saga,93
yoasobi,93
ceo_and_bodyguard,93
muv-luv:_dimensions,93
seventeen_(group),93
ki_ga_hayai_kouhai_kanojo,93
killer_in_the_mirror,93
musekinin_shuugoutai_(synthesizer_v),93
wuhua_mixin,93
breadwinners,93
dears,92
angel_sanctuary,92
pieces_of_sweet_stars,92
windows_vista,92
brave_fencer_musashiden,92
lunar:_the_silver_star,92
milk_junkies,92
in'youchuu,92
drag-on_dragoon_2,92
viewtiful_joe,92
premier_league,92
stellar_theater,92
ultraman_nexus_(series),92
star_wars:_the_empire_strikes_back,92
panda_hero_(vocaloid),92
payday_(series),92
chou_megami_shinkou_noire_gekishin_black_heart,92
cryptract,92
strike_witches_(lionheart_witch),92
brilliant_pagoda_or_haze_castle,92
300_heroes,92
sequel_(series),92
dokyuu_hentai_hxeros,92
swing!!,92
pixiv's_virtual_youtuber_audition,92
epic_battle_fantasy,92
hanayori_jyoshiryou,92
live_union,92
shounen_no_abyss,92
onmyoji:_the_card_game,92
angelic_link,92
boruto:_two_blue_vortex,92
haiena_chan_ni_nerawarete,92
a_date_with_death,92
ultraman_arc_(series),92
tokidoki_bosotto_roshia-go_de_dereru_tonari_no_alya-san_puzzle_party!,92
ss_kabushikigaisha,92
kareshi_kanojo_no_jijou,91
spectral_souls,91
radiata_stories,91
mashiro_botan,91
choudenji_machine_voltes_v,91
ribbon_no_kishi,91
yuusha_keisatsu_j-decker,91
wacky_races,91
migikata_no_chou_(vocaloid),91
battleship_girl,91
transformers_car_robots,91
sakamichi_no_apollon,91
mushibugyou,91
hen-shin-shou-jo_metamol_maiden,91
netojuu_no_susume,91
majo_koi_nikki,91
pokken_tournament,91
geinoujin_kakuzuke_check,91
gakuen_taisen_valkyries,91
kancolle_arcade,91
bishoujo_mangekyou:_tsumi_to_batsu_no_shoujo,91
rick_g_earth,91
kusunoki_mebuki_wa_yuusha_de_aru,91
otto_no_inu_aida_ni..._~watashi_odosarete_anata_ni_ienai_koto_shimashita~,91
black_panther_(movie),91
yancha_gal_no_anjou-san,91
bans,91
killing_stalking,91
world_endurance_championship,91
kemono_friends_r,91
holocure,91
transformers:_rise_of_the_beasts,91
strikeout_pitch,91
usavich,90
daibanchou,90
aki_no_urara_no_akane-iro_shoutengai,90
angel_flavor,90
wind_a_breath_of_heart,90
kaichou_wa_maid-sama!,90
pokemon:_jirachi:_wish_maker,90
nanami_to_konomi_no_oshiete_abc,90
ekokuice,90
gundam_ms_igloo,90
sengoku_ace,90
yu-gi-oh!_(toei),90
ultraman_tarou_(series),90
kaette_kita_ultraman,90
kanojo_tachi_no_ryuugi,90
kioh_gyoku,90
demon_mages,90
pixiv_mahou_gakuen,90
shiei_no_sona-nyl,90
ego_trigger,90
majisuka_gakuen,90
codename:_bakery_girl,90
yukkuri_youmu_to_hontou_wa_kowai_cthulhu_shinwa,90
shinki_kakusei_melty_maiden,90
relife,90
ar_nosurge,90
robin_hood_(disney_movie),90
sword_art_online:_fatal_bullet,90
nekura_megane,90
tsukiatte_agetemo_ii_kana,90
luigi's_mansion_3,90
aku_no_onna_kanbu:_perigee_new_moon,90
the_batman_(2022),90
fantasy_bishoujo_juniku_ojisan_to,90
existence,90
fantasia_re:build,90
mo_nv_zhi_wen_nai_bai_he_zhi_wei,90
noworld,90
ikemen_joshi_to_josou_danshi,90
cinderella_(vocaloid),90
internet_overdose,90
raul_to_kyuuketsuki_(ohayousan_084),90
fields_of_mistria,90
a_court_of_thorns_and_roses_(series),90
kenkou_zenrakei_suieibu_umishou,89
golden_axe,89
dangaiou,89
gundam_lost_war_chronicles,89
yahoo!,89
kuro_ai,89
saitama_seibu_lions,89
getter_robo_arc,89
nobunaga_no_yabou,89
ga_bunko,89
pixiv_succubus,89
redial_(vocaloid),89
gouhou_yuri_fuufu_hon,89
fast_&_furious,89
dance_with_devils,89
rance_03,89
bakemono_no_ko,89
dragon_quest_builders,89
hoshiiro_girldrop,89
comic_cune,89
witch_springs,89
houseki_hime,89
icetea,89
onee-chan_no_yuuwaku,89
girls_book_maker,89
monster_prom,89
the_citadel,89
gujian_qitan_3,89
naraku,89
gokurakugai,89
world_of_horror,89
origins_smp,89
ways_of_darkness_(series),89
meechu,89
gentlecats,89
gift_(game),88
kamen_no_maid_guy,88
okaasan_to_issho,88
mahou_no_star_magical_emi,88
siren_(series),88
innocent_grey,88
hi_no_tori,88
girl_with_a_pearl_earring,88
metal_hero,88
paper_man,88
bounen_no_xam'd,88
call_of_duty_4,88
mana_khemia_2,88
waka_okami_wa_shougakusei!,88
inazuma_eleven_(game),88
digimon_adventure:_bokura_no_war_game,88
suzumiya_haruhi_no_tsuisou,88
halo_4,88
loss_time_memory_(vocaloid),88
persona_q:_shadow_of_the_labyrinth,88
sakigake_generation!,88
death_parade,88
primal_hearts,88
yu-gi-oh!_duel_links,88
megalobox,88
oshiego_ni_kyouhaku_sareru_no_wa_hanzai_desu_ka?,88
bishoujo_mangekyou:_kotowari_to_meikyuu_no_shoujo,88
ciconia_no_naku_koro_ni,88
chibi_kyonyuu,88
the_bad_guys_(movie),88
the_legend_of_vox_machina,88
bang_dream!_mugendai_mewtype,88
daten_route,88
binzume_yousei,87
ys_vi:_the_ark_of_napishtim,87
shoujo_mahou_gaku_littlewitch_romanesque,87
shigurui,87
pepper_project,87
galaxy_fight,87
nagisano,87
tear_ring_saga:_utna_heroes_saga,87
viper_f40,87
advance_wars:_dual_strike,87
pokemon_ranger_1,87
pixiv_trainer,87
buraiden_gai,87
zombie-ya_reiko,87
cooking_idol_ai!_mai!_main!,87
ys_seven,87
koutetsu_no_majo_annerose,87
nekomonogatari_white,87
denki-gai_no_hon'ya-san,87
teikoku_senki,87
babymetal,87
joshi_shougakusei_hajimemashita,87
jitsu_wa_watashi_wa,87
sen_no_hatou_tsukisome_no_kouki,87
starmine_(manga),87
love_money_rock'n'roll,87
blizzard_entertainment,87
birdmen_(manga),87
super_sons,87
lyrical_store,87
frozen_ii_(disney),87
ayakashi_rumble!,87
blazblue_alternative:_dark_war,87
mount_celeb_kaneda-san,87
q_(hololive),87
turning_red,87
kimi_wa_meido-sama,87
internet_survivor,87
synduality_noir,87
momoiro_montage,87
volcano_princess,87
charon_universe,87
page_of_lambda,87
night_demon,86
the_war_of_genesis,86
shining_force_exa,86
boogiepop,86
boin,86
hitman_(game),86
gaiking:_legend_of_daikuu_maryuu,86
esper_mami,86
castlevania:_dawn_of_sorrow,86
chokotto_sister,86
ookamiden,86
itsuka_tenma_no_kuro_usagi,86
kuromajo-san_ga_tooru!!,86
higashi_no_eden,86
hospital_rokunin_no_ishi,86
otome_wa_boku_ni_koishiteru_futari_no_elder,86
comiket_78,86
zettai_bouei_leviathan,86
valhalla_valkyries,86
shirohime_quest,86
wakabayashi-kun_ga_nekasete_kurenai,86
battlefield_1,86
muv-luv_alternative_strike_frontier,86
super_robot_wars_dd,86
kirby_cafe,86
wander_over_yonder,86
talesshop,86
zettai_bl_ni_naru_sekai_vs_zettai_bl_ni_naritakunai_otoko,86
hakoniwa_keikaku,86
kitanai_kimi_ga_ichiban_kawaii,86
the_last_of_us_2,86
mashin_sentai_kiramager,86
dennou_tenshi_djibril,86
blank_room_soup,86
yankee_jk_kuzuhana-chan,86
shenmue_the_animation,86
chikyuu_no_ura_(cevio),86
kaisha_to_shiseikatsu,86
schoolboy_runaway,86
binchou-tan,85
hajimete_no_orusuban,85
mahotama,85
koutetsu_tenshi_kurumi,85
megami_magazine_creators,85
shizuku_(game),85
captain_commando,85
rave_(manga),85
atlach-nacha,85
biomega,85
asuka_120%,85
hindu_mythology,85
hayate_x_blade,85
yomiuri_giants,85
asociacion_de_futbol_argentina,85
spawn_(comic),85
liberty_leading_the_people,85
akikan!,85
mass_effect_1,85
material_sniper,85
the_legend_of_dragoon,85
mars_expedition,85
golden_time,85
kimi_to_boku,85
pathfinder,85
gekijigen_tag:_blanc_+_neptune_vs_zombie_gundan,85
"dateless_bar_""old_adam""",85
pastel_memories,85
steven_universe_future,85
halo_infinite,85
shiawasena_neet_no_sodatekata,85
liu_yao,85
mahou_girls_precure!!_~mirai_days~,85
shakacat,85
tomoyo_after,84
loveless,84
floralia,84
domino's_pizza,84
super_mario_bros._2,84
hades_project_zeorymer,84
saab,84
succubus_prison,84
junketsu_no_maria,84
comiket_80,84
headphone_actor_(vocaloid),84
yuusha_ni_narenakatta_ore_wa_shibushibu_shuushoku_wo_ketsui_shimashita.,84
sega_hard_girls,84
jk_bitch_sannin_musume!,84
gardnerverse,84
garo:honoo_no_kokuin,84
active_raid,84
kagaku_chop,84
regalia_the_three_sacred_stars,84
pokemon_the_movie:_i_choose_you!,84
little_nightmares,84
makai_gacha_wa_kyou_mo_shibui,84
bible_bullet,84
yurucamp_movie,84
teamfight_tactics,84
watashi_no_yuri_wa_oshigoto_desu!,84
grand_summoners,84
koshotengai_no_hashihime,84
ultraman_trigger_(series),84
kaisha_no_senpai_akaori-san,84
kirarin_revolution,83
mana_khemia,83
dirty_pair_flash,83
alien_vs._predator,83
akihabara_dennou_gumi,83
rec_(manga),83
monster_collection,83
colorful_kanan,83
marisa_stole_the_precious_thing,83
ace_combat_5,83
metallica,83
michiko_to_hacchin,83
bungaku_shoujo,83
the_thing,83
left_4_dead_2,83
comic_shingeki,83
comiket_79,83
genzai_monogatari,83
aiyoku_no_eustia,83
chaos_code,83
persona_4_the_animation,83
onimusha_soul,83
comiket_83,83
ayano_no_koufuku_riron_(vocaloid),83
gintama_movie_2:_yorozuya_yo_eien_nare,83
sangokushi_puzzle_taisen,83
les_chevaucheurs,83
rikei_ga_koi_ni_ochita_no_de_shoumeishitemita,83
dr.latency's_freak_report,83
island_(game),83
pen-pineapple-apple-pen,83
nande_koko_ni_sensei_ga!?,83
sanguo_romance,83
rental_shop_de_oneesan_wo_rental_suru_hanashi,83
elf_village,83
shin_yomawari,83
dragon_ball_legends,83
devotion,83
untitled_goose_game,83
akroglam,83
ye_luoli,83
gate_of_nightmares,83
frozen_soul,83
white_breath,82
memories_off_1,82
zero_in,82
soshite_ashita_no_sekai_yori,82
haruka_ni_aogi_uruwashi_no,82
futari_ecchi,82
nights_into_dreams,82
katahane,82
napoleon_crossing_the_alps,82
3ldkm,82
meteos,82
the_euro_front,82
break_blade,82
double_lariat_(vocaloid),82
android_(os),82
hatsuyuki_sakura,82
sangoku_hime,82
the_three_caballeros,82
kimi_no_iru_machi,82
pretty_x_cation,82
tower_of_saviors,82
robot_neoanthropinae_polynian,82
khornette_quest,82
shenmue_iii,82
programming_live_broadcast,82
bokujou_monogatari:_mittsu_no_sato_no_taisetsuna_tomodachi,82
teria_saga,82
rettou_joutou_(vocaloid),82
bcy,82
kandagawa_jet_girls,82
pokemon_mystery_dungeon:_rescue_team_dx,82
mushoku_tensei:_game_ni_nattemo_honki_dasu,82
loki_(disney+),82
spider-man:_no_way_home,82
loona_(group),82
3di_project,82
day_of_wrath_(infinitypilot),82
touhou_hero_of_ice_fairy,82
chrono_ark,82
nuye,81
princess_waltz,81
vampire_knight,81
hikyou_tanken_fam_&_ihrie,81
the_flash_(series),81
can_can_bunny,81
kobato.,81
langrisser_iii,81
getter_robo_g,81
para-sol,81
vagrant_story,81
code_geass:_lost_colors,81
lady_and_the_tramp,81
agarest_senki_2,81
gdgd_fairies,81
shin_sekai_yori,81
neo-traditionalism_of_japan,81
astral_buddy,81
koi_kakeru_shin-ai_kanojo,81
yomawari,81
project_a.d.a.,81
village_vanguard,81
feiren_zai,81
offside:_diyusi,81
digimon_survive,81
magrona_channel,81
kuma_kuma_kuma_bear,81
astral_chain,81
monark,81
inochigake_demo_tarinai_no_sa,81
dream_pool,81
doggy_god's_street,81
kura_sushi,81
geminism,81
watashi_no_hatsukoi_wa_hazukashisugite_dare_ni_mo_ienai,81
ragcats,81
bakugan_battle_brawlers,80
triangle_heart,80
happy_lesson,80
alps_no_shoujo_heidi,80
ladymade_star,80
shimotsuma,80
microsoft_office,80
cotton_(game),80
inraku_no_ketsuzoku,80
fukuoka_softbank_hawks,80
aika_zero,80
cat_food_(vocaloid),80
halo:_reach,80
shin_sangoku_musou_6,80
armored_core_v,80
inazuma_eleven_go_vs_danball_senki_w,80
terra_formars,80
shin_sekaiju_no_meikyuu_2,80
ren'ai_saiban_(vocaloid),80
dead_dead_demons_de_dedede_destruction,80
grand_blue,80
witches_in_7th_base,80
aiobahn,80
fate/grand_order:_first_order,80
anastasia_(1997),80
arne_no_jikenbo,80
joreibu_no_mikado-san,80
star_wars:_visions,80
coeiroink,80
riichi_city,80
jogakkou_de_otoko_hitori_na_node_kousoku_de_seiyoku_no_hakeguchi_ni_sareru_nichijou,80
adipocere_(vocaloid),80
wish_(disney),80
owl_corps:_parumpasser,80
harapeko_shoujo_to_tantei_to,80
majokko_a_la_mode,79
megachu!,79
neo_geo_battle_coliseum,79
mousou_dairinin,79
sword_world,79
gundam_seed_c.e._73:_stargazer,79
tenchi_muyou!_ryou-ouki,79
dora_the_explorer,79
pixiv_shadow,79
dead_man's_questions,79
glico,79
hitobashira_alice_(vocaloid),79
last_night_good_night_(vocaloid),79
starship_troopers,79
mega_man_x2,79
pingu_(series),79
touhou_unreal_mahjong,79
dmc:_devil_may_cry,79
venomania_kou_no_kyouki_(vocaloid),79
mahou_shounen_miracle_hachirou,79
beast_wars_ii,79
pretty_rhythm_dear_my_future,79
ginga_e_kickoff!!,79
harem_gain,79
akkun_to_kanojo,79
stella_no_mahou,79
htol#niq:_hotaru_no_nikki,79
slow_motion_(vocaloid),79
hoshizora_no_babylon,79
nikki_up2u2:_world_traveller,79
wolf_and_parchment,79
phantom_blade_(game),79
one_room,79
boku_wa_chiisana_succubus_no_shimobe,79
hypnosis_mic:_rule_the_stage,79
odo_(song),79
sousaku_kanojo_no_renai_koushiki,79
mafia_(vocaloid),79
roco_kingdom,79
extreme_hearts,79
debwi_mos_hamyeon_jugneun_byeong_geollim,79
tate_no_yuusha_no_nariagari_rise,79
duet_night_abyss,79
the_witcher_4,79
kirby_air_riders,79
itsuka_todoku_ano_sora_ni,78
leaf_(studio),78
mezzo_forte,78
windmill_(company),78
cosmic_baton_girl_comet-san,78
atelier_elie,78
psycho_soldier,78
sengoku_blade,78
jet_set_radio_future,78
dna^2,78
2ch.ru,78
shin_megami_tensei:_if...,78
transformers_energon,78
bohemian_rhapsody,78
sengoku_hime,78
midori_no_makibaoo,78
sonic_cd,78
aiura,78
tanken_driland,78
rise_of_the_guardians,78
karumaruka_circle,78
gang_road_joker,78
evanescent_existence,78
choujigen_taisen_neptune_vs_sega_hard_girls,78
ore_ga_suki_nano_wa_imouto_dakedo_imouto_janai,78
tsukino_talent_production,78
ultraman_taiga_(series),78
windows_11,78
reverse_collapse_(series),78
maid_master,78
ultrakill,78
wjsn,78
mythic_live,78
clock_over_orquesta,78
shuumatsu_train_doko_e_iku?,78
isekai_samurai,78
garbage_time,78
suicide_squad_isekai,78
bakuage_sentai_boonboomger,78
parkour_civilization,78
shichinin_no_online_gamers,77
the_sims,77
langrisser_iv,77
super_robot_wars_original_generation_2,77
lamento,77
virtua_fighter_5,77
adolescence_(vocaloid),77
ikazuchi_no_senshi_raidy_ii,77
gundam_00p,77
kirby_super_star_ultra,77
denpa_teki_na_kanojo,77
touhoku_rakuten_golden_eagles,77
doom_i,77
bushiroad,77
ratatouille,77
mecha_shoujo_taisen_z,77
akuyome,77
imouto_no_okage_de_mote_sugite_yabai,77
aozora_stripe,77
last_chronicle,77
flame_toys,77
kamen_rider_amazons,77
seikaisuru_kado,77
sengoku_asuka_zero,77
daydream_show,77
sekaiju_no_meikyuu_x,77
internet_explorer_(webcomic),77
carole_&_tuesday,77
gaikotsu_kishi-sama_tadaima_isekai_e_odekake-chuu,77
jack_jeanne,77
la_corda_d'oro_starlight_orchestra,77
odekake_kozame,77
skibidi_toilet_(series),77
girls_creation,77
na_nare_hana_nare,77
limnos,77
isshun_de_chiryou_shiteita_noni_yakutatazu_to_tsuihou_sareta_tensai_chiyushi_yami_healer_toshite_tanoshiku_ikiru,77
sonic_racing:_crossworlds,77
fluffy_land,77
zelda_ii:_the_adventure_of_link,76
toriko_no_hime,76
the_3rd_super_robot_wars_alpha,76
dragon_quest_monsters,76
quartett!,76
wanko_to_lily,76
form_code,76
castlevania:_aria_of_sorrow,76
djmax_technika,76
amd,76
nexon,76
mamonomusume_to_no_seikatsu,76
baldr_sky,76
pixiv_festa,76
nakazawa-san_no_ikisugita_yoru.,76
child's_play,76
unholy_sanctuary,76
rockman_xover,76
a_will,76
comic_grape,76
zombie_no_afureta_sekai_de_ore_dake_ga_osowarenai,76
remembrance_of_earth's_past,76
uchi_no_musume_no_tame_naraba_ore_wa_moshikashitara_maou_mo_taoseru_kamo_shirenai.,76
kyou_kara_ore_wa_loli_no_himo!,76
desktop_army,76
fate/type_redline,76
slay_the_spire,76
haze/reverb,76
chitose-kun_wa_ramune_bin_no_naka,76
harley_quinn_(cartoon),76
kung-fu-piggy,76
dota:_dragon's_blood,76
ao_ashi,76
apex_legends_mobile,76
haconect,76
technoroid,76
super_no_ura_de_yani_suu_futari,76
otoko_girai_na_bijin_shimai_wo_namae_mo_tsugezu_ni_tasuketara_ittai_dounaru?,76
zettai_shougeki,75
megastore_comics,75
magikano,75
ievan_polkka_(vocaloid),75
fight_ippatsu!_juuden-chan!!,75
planetes,75
niconico_rpg,75
lyrical_ds,75
revolver_(game),75
fuu'un,75
yat_anshin_uchuu_ryokou,75
gosei_sentai_dairanger,75
spectral_force,75
musou_orochi_2,75
bleach:_zanpakutou_ibun_hen,75
jinzou_konchuu_kabutoborg_vxv,75
yesterday_wo_utatte,75
cats_(musical),75
digimon_world,75
world_of_darkness,75
kochira_koufuku_anshin_iinkai_desu_(vocaloid),75
persona_x_detective,75
summertime_record_(vocaloid),75
uta_no_prince-sama_maji_love_2000%,75
aura_kingdom,75
project_x_zone_2,75
million_chain,75
ping_pong_(manga),75
little_noah,75
seikishi_melty_lovers,75
kokoro_ga_sakebitagatterunda.,75
bishounen_series,75
mario_&_sonic_at_the_rio_2016_olympic_games,75
honey_select,75
tora_da_yo.,75
assassin's_creed:_odyssey,75
paradiso_guardian,75
kyoukai_senki,75
echo_project,75
eien_project,75
grendizer_u,75
madra_(album),75
moechakkafire,75
mnemosyne,74
memories_off_sorekara,74
ayakashi,74
dra+koi,74
marchen_awakens_romance,74
super_robot_wars_original_generation_gaiden,74
growlanser_vi,74
triptych,74
anata_to_mita_sakura,74
harukanaru_toki_no_naka_de_3,74
mamono_hunter_youko,74
asatte_no_houkou,74
kyoushirou_to_towa_no_sora,74
france_shoujo,74
star_wars:_attack_of_the_clones,74
asu_no_yoichi,74
indiana_jones_(series),74
m&m's,74
james_cameron's_avatar,74
vanillaware,74
hitsugi_katsugi_no_kuro,74
en-eins_kanzen_sekai,74
sutaa_sutoringuzu_yori,74
classy_cranberry's,74
hatsukoi_1/1,74
nijie,74
ourai_no_gahkthun,74
crossbone_gundam_ghost,74
supokon!_sports_wear_complex,74
danmaku!!,74
risk_hunters,74
juuoumujin_no_fafnir,74
sangokushi_ranbu,74
chloe_no_requiem,74
dream_c_club_gogo.,74
1bitheart,74
disney_tsum-tsum,74
haruoto_alice_gram,74
shoumetsu_toshi_2,74
saimin_kanojo_(ichiyou_moka),74
maou_no_ore_ga_dorei_elf_wo_yome_ni_shitanda_ga_dou_medereba_ii?,74
negative_frames,74
turing_love,74
makai_senki_disgaea_6,74
ryoushin_no_shakkin,74
tate_no_yuusha_no_nariagari_rerise,74
ryman's_club,74
touhou_arcadia_record,74
owozu,74
fitness_boxing_feat._hatsune_miku:_isshoni_exercise,74
jain_no_ikenie,74
buckshot_roulette,74
panzer_dragoon,73
patapon,73
kekkaishi,73
ridge_racer,73
akai_ito,73
muteki_kanban_musume,73
najica_dengeki_sakusen,73
touhou_m-1_grand_prix,73
yuusha_tokkyuu_might_gaine,73
b_gumi,73
onimusha:_dawn_of_dreams,73
star_wars:_the_phantom_menace,73
code_geass:_soubou_no_oz,73
hime_to_boin,73
red_sonja_(comics),73
monopoly,73
kerberos_saga,73
wall-e,73
kirby's_epic_yarn,73
kingdom_death,73
sacred_seven,73
akatoki!,73
shuuen_no_shiori_project,73
american_dad!,73
soul_eater_not!,73
xblaze_lost:_memories,73
herowarz,73
zankyou_no_terror,73
earthen_miraculous_sword,73
p/a_~potential_ability~,73
nanase-chan_ntr!,73
maou-sama_to_kekkonshitai,73
fox_spirit_matchmaker,73
hataraku_ufo,73
osomatsu-san_the_movie,73
shokei_shoujo_no_virgin_road,73
uchi_no_kaisha_no_chiisai_senpai_no_hanashi,73
shadowverse_(anime),73
moon_gundam,73
outer_wilds,73
shingeki_no_school_castes,73
black_clover:_sword_of_the_wizard_king,73
identity_(vocaloid),73
snack_nili,73
chimimo,73
isei_ni_ikou_ne_(cevio),73
katainaka_no_ossan_kensei_ni_naru,73
ilion_sled_dog_sanctuary,73
cool_cool_toon,73
deadlock_(game),73
love_fetish,72
atelier_iris,72
super_robot_wars_w,72
boku_no_pico,72
gamecenter_cx,72
saimoe,72
penguin_musume,72
choujikuu_kidan_southern_cross,72
southern_cross,72
g.i._joe,72
mai_dog_love,72
psyren,72
ginga_tetsudou_no_yoru,72
the_godfather,72
uefa_euros,72
metal_max,72
super_robot_wars_og_the_inspector,72
mujin_gattai_kisaragi,72
bishoujo_mangekyou:_wasurenagusa_to_eien_no_shoujo,72
easter_wonderland,72
oniro,72
miss_monochrome,72
mousou_zei_(vocaloid),72
hannibal_(tv_series),72
digimon_world_-next_0rder-,72
tsukiji_uogashi_sandaime,72
toys_drive,72
hell's_kitchen,72
otogi_frontier,72
hoshi_no_girls_odyssey,72
kaitou_sentai_lupinranger_vs._keisatsu_sentai_patranger,72
makai_wars,72
zoku_owarimonogatari,72
palette_project,72
stargazer_(series),72
arcanadea,72
kimi_ga_shinu_made_koi_wo_shitai,72
"""rouhou""_ore_no_iinazuke_ni_natta_jimiko_ie_dewa_kawaii_shikanai.",72
seno_lepo,72
shinigami_dot_com,72
milky_galactic_universe,72
atashi_wa_mondaisaku,72
koibana_ren'ai,72
gekijouban_mononoke,72
mayonaka_punch,72
nami_no_manimani,71
mitama_~shinobi~,71
magi-cu,71
pastel_(game),71
mushihime-sama_futari,71
angel_links,71
tsumihoroboshi-hen,71
hand_maid_may,71
suzuka,71
star_ocean_ex,71
peter_pan_(novel),71
mega_man:_powered_up,71
paprika,71
image_comics,71
code_geachu_lelouch_of_the_calamity,71
doko_e_iku_no_ano_hi,71
candy_(art_book),71
high_school!_kimengumi,71
flying_red_barrel,71
qp_shooting,71
hansel_and_gretel,71
woman_with_a_parasol,71
ikkitousen_xtreme_xecutor,71
code_of_princess,71
beauty_and_the_beast_(fairy_tale),71
shin_mazinger_zero,71
kidatsu!_dungeons_lord,71
unmei_no_clan_battle,71
rooster_teeth,71
mario_&_luigi:_dream_team,71
fudatsuki_no_kyouko-chan,71
magi_in_wanchin_basilica,71
pokemon_world_championships,71
pokemon_super_mystery_dungeon,71
eikou_no_guardian_battle,71
akeiro_kaikitan,71
kono_subarashii_sekai_ni_shukufuku_wo!:_kurenai_densetsu,71
garo:vanishing_line,71
han-gyaku-sei_million_arthur,71
sword_art_online:_integral_factor,71
sachiiro_hanamizuki,71
phantom_rose,71
food_court_de_mata_ashita,71
sekai_saikou_no_ansatsusha_isekai_kizoku_ni_tensei_suru,71
desperado_(yotaro),71
the_fallen_angel_(painting),71
ou-sama_no_propose,71
lout_of_count's_family,71
mom's_touch,71
the_first_take,71
kawaikute_gomen_(honeyworks),71
tokumei_m_(vocaloid),71
the_flash_(movie),71
tevi,71
japan_air_self-defense_force_omaezaki_sub-base,71
cherry_pop_(vocaloid),71
2006_fifa_world_cup,70
shirotsume_souwa,70
magna_carta_crimson_stigmata,70
kateikyoushi_no_onee-san,70
true_love_story,70
blade_runner_(1982_movie),70
transformers_(2007_movie),70
culdcept,70
unbalance_unbalance,70
girl_arms,70
onanie_master_kurosawa,70
appleseed,70
cynthia_the_mission,70
burn-up,70
shikabane_hime,70
toushin_toshi_iii,70
5pb.,70
mesu_nie_onna_kyoushi,70
kaidan_restaurant,70
ultraman_mebius_(series),70
mega_man_battle_network_3,70
lucky_dog_1,70
ratchet_&_clank,70
linkin_park,70
dark_side_of_the_moon,70
mega_man_legends,70
dragon_crisis!,70
kazoku_game,70
remote_control_(vocaloid),70
shinozaki-san_ki_wo_otashikani,70
zetsuen_no_tempest,70
seikon_no_arcana,70
the_walking_dead,70
girls_logic_observatory,70
assassin's_creed:_unity,70
lady_jewelpet,70
interstellar_rhapsody,70
cocotama_(series),70
hantsu_x_trash,70
floor_ni_maou_ga_imasu,70
doubutsu_sentai_zyuohger,70
bangtan_boys,70
kon'ya_wa_neko-chan,70
kimi_omou_koi,70
end_roll,70
yokubou_pandora,70
denkou_choujin_gridman,70
jiangnan_baijingtu,70
wandavision,70
infinity_train,70
aoppella,70
welcome_to_night_vale,70
2.5_jigen_no_ririsa_tenshitachi_no_stage,70
i_don't_want_to_be_a_magical_girl,70
rememento:_white_shadow,70
digimon_beatbreak,70
aneimo,69
lime-iro_senkitan,69
ane_to_boin,69
dokonjou_gaeru,69
castlevania:_legacy_of_darkness,69
cafe_little_wish,69
sd_sengokuden,69
pretty_guardian_sailor_moon,69
byousoku_5_centimeter,69
puni_puni_handmaid,69
world_heroes,69
mamotte_shugogetten!,69
counter-strike,69
numan_athletics,69
all_nippon_airways,69
kono_yo_no_hate_de_koi_wo_utau_shoujo_yu-no,69
total_war,69
oni_chichi,69
code_geass:_fukkatsu_no_lelouch,69
town_musicians_of_bremen,69
bokujou_monogatari:_waku_waku_animal_march,69
kocchi_muite_baby_(vocaloid),69
spec,69
kamidori_alchemy_meister,69
mekakushi_code_(vocaloid),69
kunoichi_demo_koi_ga_shitai_(vocaloid),69
popolocrois,69
koakuma_teeri_to_kyuuseishu!?,69
ayakashi_onmyouroku,69
star_wars:_the_old_republic,69
dragon_tactics,69
beatmania_iidx_22_pendual,69
majin_shoujo,69
anitore!_ex,69
neyuki_no_gen'ei,69
world_of_final_fantasy,69
nayutan_sei_kara_no_buttai,69
kono_sekai_no_katasumi_ni,69
aoi_tori_(purple_software),69
persona_q2:_new_cinema_labyrinth,69
kuroinu_2,69
los_angeles_dodgers,69
tonikaku_kawaii,69
demons_roots,69
mobile_legends:_bang_bang,69
maid-san_wa_taberu_dake,69
pathologic,69
isekai_shinige_ojousama,69
hibikino-san-chi_wa_eroge-ya-san!,69
rta_in_japan,69
sakura_kakumei,69
blue_reflection_tie,69
hikage_monogatari,69
star_ocean:_the_divine_force,69
sorairo_utility,69
mirror_tune_(zutomayo),69
moon_knight_(disney+),69
tonari_no_seki_no_yankee_shimizu-san_ga_kami_wo_kuroku_somete_kita,69
dragon_ball:_sparking!,69
joukyou_seikatsuroku_ichijou,69
code_geass:_dakkan_no_roze,69
pressure_(roblox),69
ren'ai_hajimemashite,69
agent_mirai,69
canvas_sepia_iro_no_motif,68
suica,68
kuutei_senki,68
akibakei_kanojo,68
monty_python_and_the_holy_grail,68
the_rumble_fish,68
the_dream_of_the_fisherman's_wife,68
alteil,68
honeycoming_royalsweet,68
arthurian_legend,68
ac/dc,68
boku_to_maou,68
the_legend_of_zelda:_phantom_hourglass,68
vs_knight_lamune_&_40_fire,68
x-com,68
blood_lad,68
saturn_devouring_his_son,68
professor_layton_vs._phoenix_wright:_ace_attorney,68
gundam_gihren_no_yabou,68
spirit_animals_in_disguise,68
game-style,68
idolmaster_shiny_festa,68
dragon_ball_z_kami_to_kami,68
gal_dolva!!,68
long_riders!,68
dragon_quest_heroes,68
person_of_interest,68
mobius_final_fantasy,68
frame_arms,68
rogue_one:_a_star_wars_story,68
kuzu_no_honkai,68
re:zero_kara_kasaneru_isekai_seikatsu,68
action_heroine_cheer_fruits,68
boku_no_kanojo_wa_ningyohime!?,68
hanidebi!_honey_&_devil,68
ultraman_orb_(series),68
mahou_shoujo_ikusei_keikaku_jokers,68
bokutachi_no_remake,68
iwamotochou_geinousha,68
jinrou_judgment,68
cytus_ii,68
joshi_kousei_no_mudazukai,68
yubisaki_kara_no_honki_no_netsujou,68
spyro_(series),68
uragoner,68
vchiban,68
nkshoujo,68
book_of_yog,68
sonic_superstars,68
pon_no_michi,68
zenbu_kowashite_jigoku_de_aishite,68
8eyes,68
forsaken_(roblox),68
cannonball_~neko_neko_machine_mou-race!~,67
kokoro_navi,67
kangoku_(series),67
sailor_moon_musical,67
shintaisou,67
betterman,67
magical_antique,67
dmyotic,67
shinigami_no_ballad,67
cool&create,67
inakoi,67
himawari!,67
advance_wars:_days_of_ruin,67
gear_senshi_dendou,67
donkey_kong_(1981_game),67
gakuen_tengoku,67
touhou_musou_kakyou,67
johnny_bravo_(series),67
gensou_suikoden_tierkreis,67
donkey_kong_country_2,67
uwabami_breakers,67
ghost_rider_(series),67
dragon_age_2,67
yuuhei_satellite,67
tsuki_tsuki!,67
majin_bone,67
to_love-ru_darkness:_idol_revolution,67
league_of_angels,67
sword_oratoria,67
dragon_age:_inquisition,67
over_the_garden_wall,67
spider-verse_(comics),67
super_robot_wars_og_moon_dwellers,67
onii-chan_kiss_no_junbi_wa_mada_desu_ka?,67
ero_zemi,67
sagawa_express,67
layered_stories_zero,67
catherine:_full_body,67
hakata_tonkotsu_ramens,67
hero-san_to_moto_onna_kanbu-san,67
godzilla_vs._kong,67
pathologic_2,67
ishura,67
higeki_no_genkyou_tonaru_saikyou_gedou_last_boss_joou_wa_tami_no_tame_ni_tsukushimasu,67
game_center_shoujo_to_ibunka_kouryuu,67
rayman_origins,67
ex_astris,67
koori_zokusei_danshi_to_cool_na_douryou_joshi,67
sucking_up_to_death,67
zenshuu,67
high_school_boy,67
devil_may_cry_(netflix),67
candy_boy,66
boy_meets_girl,66
hatsu_inu,66
chronicle_2nd,66
amesarasa,66
mamoru-kun_ni_megami_no_shukufuku_wo!,66
aoi_umi_no_tristia,66
ariel_(novel),66
teletubbies,66
mahou_tsukai_no_hako,66
kizuna_encounter,66
out_(magazine),66
the_king_of_fighters_'98,66
dreamparty,66
harukanaru_toki_no_naka_de_4,66
command_&_conquer:_red_alert_3,66
tsuri_baka,66
comic_penguin_club_sanzokuban,66
gekokujou_(vocaloid),66
girl_friends_(manga),66
tatakau_shisho,66
tokyo_yakult_swallows,66
akihabara_beer_fair,66
tokumei_sentai_go-busters,66
centaur_no_nayami,66
brave_(pixar),66
misao,66
thousand_memories,66
the_prophecies_begin,66
lusterise,66
eternal_senia,66
yuugai_choujuu,66
semelparous,66
yuusha_party_wo_tsuihou_sareta_beast_tamer_saikyoushu_no_nekomimi_shoujo_to_deau,66
project_qt,66
fate/grand_carnival,66
league_of_legends:_wild_rift,66
office_workers_(blushyspicy),66
ryuu_ga_gotoku_8,66
pan_kogekoge_ni_nacchatta_(utau),66
towa_tsugai,66
sand_land,66
obsolete_meat_(vocaloid),66
tententengokujigokugoku_(aiobahn),66
seisen_no_iberia,65
parfait_chocolat_second_brew,65
kono_aozora_ni_yakusoku_wo,65
seirei_no_moribito,65
tick!_tack!,65
hoshiful,65
aphex_twin,65
gore_screaming_show,65
routes,65
bronze_parrot,65
ikaruga,65
asura_fantasy_online,65
contra,65
siren_1,65
the_king_of_fighters_2000,65
monster_world,65
alice's_emotion,65
new_york_yankees,65
nodame_cantabile,65
crusher_joe,65
vampire_hunter_d,65
um_jammer_lammy,65
idol_janshi_suchie-pai,65
deus_ex,65
karakuri_circus,65
ryuu_ga_gotoku_kiwami,65
mahou_senshi_louie,65
rosenkreuzstilette_freudenstachel,65
bloody_roar,65
tatsunoko_vs._capcom,65
bakumatsu_rouman_dainimaku,65
witchcraft_(manga),65
pokemon_ranger:_shadows_of_almia,65
mega_man_6,65
battle_spirits:_shounen_gekiha_dan,65
meet_the_team,65
comic_potpourri_club,65
chiba_lotte_marines,65
redline,65
tales_of_the_world_radiant_mythology_3,65
freely_tomorrow_(vocaloid),65
torinoko_city_(vocaloid),65
ghost_in_the_shell_arise,65
regular_show,65
sei_shoujo_~seido_ikusei_gakuen~,65
civilization_v,65
boku_girl,65
corocoro_comic,65
lisa_(series),65
utawarerumono:_futari_no_hakuoro,65
kou_iu_no_ga_ii,65
sweetest_music,65
nusisring_tactical,65
harvest_moon_(vtuber),65
aigan_tenshi_cheery_pink,65
hakaiou:_gaogaigar_vs._betterman,65
freedom_planet_2,65
"unique_job_""tanetsuke_oji-san""_o_kakutoku_shimashita",65
dragon_quest_rivals,65
fate/dream_striker,65
tensei_colosseum:_saijaku_skill_de_saikyou_no_onna-tachi_wo_kouryaku_shite_dorei_harem_tsukurimasu,65
kamikakushi_no_eden,65
jirai_nan_desu_ka?_chihara-san,65
metroid_prime_4:_beyond,65
class_no_daikirai_na_joshi_to_kekkon_suru_koto_ni_natta.,65
cubism_(needy_girl_overdose),65
shin_sangoku_musou_origins,65
vlad_grimms,65
evangelion:_1.0_you_are_(not)_alone,64
retrospective_53_minutes,64
private_garden,64
atelier_viorate,64
pixel_maritan,64
cing,64
pokemon_xd,64
matantei_loki_ragnarok,64
soreyuke!_uchuu_senkan_yamamoto_youko,64
figure_17,64
yagai_gakushuu,64
natsu_no_arashi!,64
campione!,64
trouble_witches,64
jungle_de_ikou,64
memories_off_6,64
mirror's_edge_(series),64
fatal_frame_1,64
spider-man_(toei),64
btooom!,64
tsukimi_shokudouki,64
japan_commercial_broadcasters_association,64
tentacle_and_witches,64
the_emperor's_new_groove,64
tales_of_phantasia:_narikiri_dungeon,64
cracklecradle,64
demon_days_(gorillaz),64
the_jungle_book,64
kono_oozora_ni_tsubasa_wo_hirogete,64
toumei_answer_(vocaloid),64
digimon_xros_wars:_toki_wo_kakeru_shounen_hunter-tachi,64
bokura_wa_minna_kawaisou,64
trouble_witches_neo,64
dao_mu_bi_ji,64
gamma_(ogino_jun),64
the_lego_movie,64
the_sealed_esoteric_history,64
moeoh_ex,64
19_tian,64
power_rangers_(boom!_studios),64
boku_to_kanojo_no_onani_life,64
pacific_rim:_uprising,64
zero_project,64
my_pig_princess,64
orc_massage,64
kendo_shoujo,64
call_of_duty:_mobile,64
pixela_project,64
kono_healer_mendokusai,64
yoidore_shirazu_(vocaloid),64
mementomori_(game),64
asumi-chan_wa_rezu_fuuzoku_ni_kyoumi_ga_arimasu!,64
kono_koi_wo_hoshi_ni_wa_negawanai,64
meitantei_conan_kurogane_no_submarine,64
shuten_order,64
golden_lore,63
divergence_eve,63
kikou-kai_galient,63
muteki_koujin_daitarn_3,63
yaiba,63
super_robot_wars_destiny,63
countryball,63
plawres_sanshirou,63
comic_megastore_h,63
kita_e,63
wolf's_rain,63
strawberry_shortcake_(series),63
sound_holic,63
queen's_blade_spiral_chaos,63
kuuchuu_buranko,63
sakura_tale,63
swan_lake,63
oumagadoki_doubutsuen,63
tasogare_no_sinsemilla,63
mr._and_mrs._smith,63
okiba_ga_nai!,63
kyou_ami!,63
the_2nd_super_robot_wars_og,63
natsuiro_kiseki,63
tokyo_metropolitan_police_department,63
ryuu_ga_gotoku_4,63
resident_evil:_revelations_2,63
tesagure!_bukatsu-mono,63
the_demonata,63
how_to_train_your_dragon_2,63
angelmaster,63
kaii_shoukougun_1,63
punch_line,63
nogizaka46,63
saint_estera_gakuin_no_shichinin_no_majo,63
mahou_shoujo_nante_mou_ii_desukara.,63
ai_kotoba_iii_(vocaloid),63
chiyu_mahou_no_machigatta_tsukaikata,63
additional_memory_(vocaloid),63
kakushigoto,63
vesperbell,63
kaiserreich,63
maha5,63
deep_rock_galactic,63
code_geass:_genesic_re;code,63
versen,63
dear_vocalist,63
kemono_friends_opening_day,63
mandela_catalogue,63
marvel_snap,63
okinawa_de_suki_ni_natta_ko_ga_hougen_sugite_tsurasugiru,63
wizardry_variants_daphne,63
yappari_chinchirando,63
magi_stop,63
the_legend_of_zelda_(cd-i),62
triangle_heart_3,62
violinist_of_hameln,62
fushigi_mahou_fun_fun_pharmacy,62
hotel_dusk,62
harukazedori_ni_tomarigi_wo,62
princess_witches,62
saiyuki,62
13cm,62
tech_win,62
maple_colors,62
monster_world_iv,62
wanko_to_kurasou,62
jubei-chan,62
riding_bean,62
sexy_commando_gaiden:_sugoiyo!_masaru-san,62
clear_(visual_novel),62
tytania,62
lucent_heart,62
suzunone_seven,62
shoujo_material,62
jin-roh,62
falcom,62
aku_no_musume_(series),62
imitation_black_(vocaloid),62
handymonsters,62
pokemon_mystery_dungeon:_red/blue_rescue_team,62
fractale,62
101_dalmatians,62
tomodachi_life,62
mighty_(series),62
missing_stars,62
tekken_revolution,62
freedom_wars,62
nanairo_reincarnation,62
nudist_beach_ni_shuugakuryokou_de!!,62
world_election,62
sutare_yume,62
rose_to_tasogare_no_kojou,62
helck,62
othellonia,62
red_corruption,62
godzilla:_planet_of_the_monsters,62
code:realize,62
digimon_story:_cyber_sleuth_-_hacker's_memory,62
adventurequest_worlds,62
grimms_notes_the_animation,62
sokushi_cheat_ga_saikyou_sugite_isekai_no_yatsura_ga_marude_aite_ni_naranai_n_desu_ga,62
vgaming,62
street_fighter:_duel,62
doctor_strange_in_the_multiverse_of_madness,62
flesh_blood_&_concrete,62
amaemi-longing_for_you-,62
isekai_nonbiri_nouka,62
echo_(visual_novel),62
kuroiwa_medaka_ni_watashi_no_kawaii_ga_tsuujinai,62
star_wars:_ahsoka,62
anilive,62
konami_mecha_musume,61
viper_ctr,61
tail_concerto,61
aozora_no_mieru_oka,61
super_robot_wars_mx,61
di_gi_charat_(1999),61
raideen_(series),61
x_(manga),61
god_hand,61
ecchi_na_bunny-san_wa_kirai?,61
yoroiden_samurai_troopers,61
mahou_no_yousei_persia,61
star_trek:_the_original_series,61
tiger_mask_(series),61
final_fantasy_crystal_chronicles:_echoes_of_time,61
cendrillon_(vocaloid),61
cooking_mama,61
zektbach,61
choujin_gakuen_gowcaizer,61
kiss_to_lord_to_darjeeling,61
natsu_yume_nagisa,61
tegami_bachi,61
mega_man_xtreme_2,61
yellow_(vocaloid),61
tamaonsen,61
ebiten_(manga),61
sekiranun_graffiti_(vocaloid),61
the_last_story,61
kirby:_canvas_curse,61
harry_potter_and_the_cursed_child,61
electric_hearts,61
buddy_complex,61
blade_arcus_from_shining,61
reactivate_majestical_imperial,61
cosmic_break_2,61
kunoichi_hajimemashita!,61
kamisama_minarai:_himitsu_no_cocotama,61
transformers:_robots_in_disguise_(2015),61
monsters_university,61
gal_gun_double_peace,61
tsumamigui_3,61
demonion_ii:_maou_to_sannin_no_joou,61
kemonomichi,61
hitotsu_yane_no_tsubasa_no_shita_de,61
super_robot_wars_t,61
illusion_connect,61
animate_cafe,61
busou_kanojo,61
uchi_no_shisho_wa_shippo_ga_nai,61
mythbreakers_(hololive_english),61
akashic_chronicle,61
naega_kiun_s_geubdeul,61
yakunitatsu_node_chi_o_kudasai,61
gachimuchi_de_dosukebe_na_kateikyoushi_no_oniisan_to_sugosu_natsu,61
queen's_blade_limit_break,61
ultraman_decker_(series),61
jimoto_saikou,61
revenger,61
awaria,61
double_teacher_life,60
lunar_wing,60
moldavite,60
nee_chanto_shiyou_yo!,60
aion,60
chicchana_yukitsukai_sugar,60
hatsukoi_limited,60
a_dog_of_flanders,60
transformers_super-god_masterforce,60
plumaos_academy,60
key_the_metal_idol,60
macross_2,60
far_cry,60
kouryuu_densetsu_villgust,60
te_to_te_try_on,60
otomedius_excellent,60
uchuu_kaizoku_sara,60
jamiroquai,60
mega_man_5,60
bokujou_monogatari:_yasuragi_no_ki,60
hardcore_tano_c,60
tonnura-san,60
dragon_age:_origins,60
death_angel_komachi,60
dream_c_club_zero,60
saikin_osen_-_bacterial_contamination_-_(vocaloid),60
touhou_ayaria_epic,60
kisaragi_attention_(vocaloid),60
the_avengers_(2012),60
rdg_red_data_girl,60
purple_haze_feedback,60
schoolgirls_love_tentacles,60
jojo_no_kimyou_na_bouken:_all_star_battle,60
summer_lesson,60
battle_spirits:_burning_soul,60
five_nights_at_freddy's:_sister_location,60
tondemo_skill_de_isekai_hourou_meshi,60
stranger_things,60
mazinger_z:_infinity,60
iolite_link,60
fight_class_3,60
bumblebee_(movie),60
the_raven_cycle,60
falslander,60
koeru_otoge-san,60
wet_girls,60
yari_no_yuusha_no_yarinaoshi,60
plunderer,60
myslot,60
no_home_(manhwa),60
mario_golf:_super_rush,60
strategic_lovers,60
look_back,60
salamander_(vocaloid),60
pikmin_bloom,60
v-lup,60
kutsu_no_muku_mama,60
rosen_garten_saga,60
psi_(vocaloid),60
after_school_lessons_for_unripe_apples,60
apricot_(vocaloid),60
maid_dolce,60
umamusume:_party_dash,60
ultraman_blazar_(series),60
garten_of_banban,60
chiccha_na_watashi_(synthesizer_v),60
anilive_jumpstart_program,60
legend_of_mortal,60
knights_of_guinevere,60
purism_egoist,59
the_day_of_sagittarius,59
rokumon_tengai_mon_colle_knight,59
techgian,59
super_robot_wars_advance,59
le_chevalier_d'eon,59
juusou_kikou_dancouga_nova,59
hate_shinaku_aoi_kono_sora_no_shita_de....,59
le_petit_prince,59
amber_quartz,59
litchi_hikari_club,59
noberuge,59
the_last_remnant,59
oniichan_no_koto_nanka_zenzen_suki_janain_dakara_ne!!,59
tsuru_no_ongaeshi,59
iroha_uta_(vocaloid),59
hokenshitsu_no_shinigami,59
mikumix,59
pinocchio_(disney_movie),59
top_gear,59
mario_&_luigi:_bowser's_inside_story,59
toaru_kagaku_no_dark_matter,59
shining_world,59
nyanyanyanyanyanyanya!_(vocaloid),59
super_mario_galaxy_2,59
lost_one_no_goukoku_(vocaloid),59
pepsiman_(game),59
sengoku_koihime,59
i_want_my_hat_back,59
ys:_memories_of_celceta,59
genkai_tokki_monster_monpiece,59
concon-collector,59
cloud_kingdom,59
onigiri_(mmorpg),59
nakahara-kun_no_kahogo_na_imouto,59
little_armory,59
jollibee,59
super_mario_3d_land,59
oyasumi_sex,59
minions_(movie),59
power_pro_appli,59
school_fanfare,59
for_honor,59
iya_na_kao_sare_nagara_opantsu_misete_moraitai_yo_wa_pantsu_ga_mitai_zo,59
baldi's_basics,59
usotsuki_hime_to_moumoku_ouji,59
who_made_me_a_princess,59
ragna_crimson,59
i-dle,59
ikari_warriors,59
hoshizora_tetsudou_to_shiro_no_tabi,59
you're_under_my_skin!,59
jump_king,59
la_peche_party,59
on_air!,59
kuraku_kuroku_(zutomayo),59
olverse,59
sonny_boy,59
tokumei_radio,59
rwby_ice_queendom,59
itemlabel,59
coneru_-dimension_girl-,59
wind_boys!,59
sixiwanzi,59
yoshi's_island_ds,59
yarofes:2023,59
gal_guardians,59
android_wa_jirai-kei_no_yume_wo_miru.,59
how_about_paipai_mask?_(houshou_marine),59
reverseblue_x_re-birthend,59
boyfriend_to_death,59
milky_subway,59
ys_origin,58
parasite_eve_ii,58
koutetsu_jeeg,58
lovely_idol,58
iichan.ru,58
oshiete_miko_sensei,58
seifuku_rakuen,58
metro-goldwyn-mayer,58
intron_depot,58
neo_geo,58
den'ei_shoujo,58
midnight_anime_lemon_angel,58
bomberman_jetters,58
robot_hunter_casshern,58
b-daman,58
tales_of_the_world_radiant_mythology,58
one_outs,58
prinny_(series),58
ys_iii:_wanderers_from_ys,58
r_g_b,58
wicked,58
rambo,58
color_works,58
baten_kaitos,58
meitantei_holmes,58
kiki_kaikai_(series),58
pokemon_ranger:_guardian_signs,58
the_game_of_life_(board_game),58
agarest_senki_mariage,58
bad_end_night_(vocaloid),58
gangnam_style,58
ivan_the_terrible_and_his_son_ivan,58
baywatch,58
rance_01,58
sakura_spirit,58
bommina_the_maidroid,58
dragon_ball_z_fukkatsu_no_f,58
blue_revolver,58
mystery_skulls,58
hibikase_(vocaloid),58
alien_alien_(vocaloid),58
mega_man_battle_network_1,58
my_daily_life_in_the_otaku_club_isn't_normal,58
studio_tri4,58
shingeki_no_bahamut:_virgin_soul,58
nakau,58
koronba,58
ready_player_one,58
sonic_mania,58
thor:_ragnarok,58
harry_potter:_hogwarts_mystery,58
pokemon_rse_(prototype),58
black&white_(senano-yu),58
maou_to_ore_no_hangyakuki,58
melty+,58
oshi_no_love_yori_koi_no_love,58
countryhumans,58
madness_combat,58
book_of_the_cafe,58
masquerade_channel,58
wonderlab,58
plants_vs._zombies_heroes,58
mamamoo,58
baka_janai_noni_(zutomayo),58
project:anemone,58
bustafellows,58
polivia,58
eien_no_akuru_hi,58
i_love_amy,58
magolor_epilogue,58
stardays,58
teihen_no_daigaku_janaru,58
paranormasight:_the_seven_mysteries_of_honjo,58
police_and_lady,58
tensei_kizoku_kantei_skill_de_nariagaru,58
soap_school,58
devilish_hairdresser,58
like_mother_like_daughter,58
mezzo_danger_service_agency,57
tsukushite_ageru_no_ni!,57
seinarukana,57
natsumegu,57
sei_dorei_gakuen,57
front_mission,57
charamel,57
clover_(game_cg),57
quake_(series),57
hanachirasu,57
ero_ragnarok_offline,57
asus,57
rage_of_the_dragons,57
splatterhouse,57
etsusa_oohashi,57
mahou_shoujo_lyrical_nanoha_strikers_sound_stage_x,57
gundam_g-saviour,57
parasite_eve_the_3rd_birthday,57
prinny_~ore_ga_shujinkou_de_iinsuka?~,57
kira_kira,57
pizuya's_cell,57
asgard,57
shangri-la,57
transformers:_revenge_of_the_fallen,57
venus_blood,57
popeye_the_sailor,57
colorful_x_melody_(vocaloid),57
comic_penguin_cereb,57
cop_craft:_dragnet_mirage_reloaded,57
kakusei_kenkyuu_idol_lab,57
kanojo_no_seiiki,57
ayakashi_hyakkiyakou,57
xiao_huaxian,57
archie_(comic),57
koi_wa_ameagari_no_you_ni,57
concrete_revolutio,57
kabe_ni_hamatte_ugokenai!,57
ryuu_ga_gotoku_3,57
uchuu_sentai_kyuuranger,57
algodoo,57
rukiroki,57
shachiku-san_wa_youjo_yuurei_ni_iyasaretai.,57
sotsual_deliheal,57
crosscode,57
jinrouki_winvurga,57
venom_(vocaloid),57
hitozuma_fuumashi_leilan,57
digimon_adventure:_last_evolution_kizuna,57
moonlight_~omoide_no_hajimari~,57
yong_jie_wujian,57
toriko_no_shimai_~midara_ni_moteasobareru_unmei_no_mayoigo~,57
afterl!fe,57
lower_(vocaloid),57
honoo_no_toukyuujo:_dodge_danko,57
monster_high_(g3),57
fantasy_life_i:_the_girl_who_steals_time,57
hasunosora_fantasy,57
hojo_studio,57
madk,57
senran_kagura_burst_re:newal,57
after_sweet_kiss,56
futago_no_haha_seihonnou,56
red_ninja,56
yokubari_saboten,56
agatha_christie_no_meitantei_poirot_to_marple,56
pokemon_ranger_and_the_temple_of_the_sea,56
intel,56
kiteretsu_daihyakka,56
front_innocent,56
neon_genesis_evangelion:_iron_maiden,56
taiyou_no_yuusha_fighbird,56
gall_force,56
castrol,56
kiddy_girl-and,56
tatu,56
ecole_du_ciel,56
the_grudge,56
great_teacher_onizuka,56
fujiya,56
phantasy_star_iv,56
kimi_ga_ita_kisetsu,56
super_mario_strikers,56
kemono_no_souja_erin,56
inspector_gadget,56
toushin_toshi_ii,56
comiket_77,56
spica_(vocaloid),56
no_more_eiga_dorobou,56
doom_ii,56
sd_gundam_sangokuden,56
agarest_senki_zero,56
kiki_kaikai,56
the_silence_of_the_lambs,56
shoujo_shin'iki_shoujo_tengoku,56
jinzou_enemy_(vocaloid),56
mario_&_sonic_at_the_olympic_games_(2007),56
uchi_no_pet_jijou,56
battlefield_4,56
saint_seiya_saintia_sho,56
i_can_friday_by_day!,56
the_legend_of_zelda:_tri_force_heroes,56
wargaming_japan,56
wan_nyan_a_la_mode!,56
ooya-san_wa_shishunki,56
sukurizo!,56
banner_of_the_maid,56
the_truman_show,56
akatoki_2!_-tsumugu_mahou_to_koboreru_hikari-,56
violet_detector,56
alicianrone,56
magicami,56
the_umbrella_academy,56
leadale_no_daichi_nite,56
corruption_of_champions_2,56
arasa_ol_haman-sama,56
aikatsu_planet!,56
medarot_s,56
top_gun:_maverick,56
parquet_(yuzusoft),56
pink_bitch_club,56
kingdom_hearts_iv,56
tougenkyou_e_ikou_(utau),56
yumeochi_-_yume_de_bokura_wa_koi_ni_ochiru,56
exitus,56
jinx_(manhwa),56
taratabong,56
astral_party,56
inside_out_2,56
science_(synthesizer_v),56
sei_ni_utokatta_watashi_wa_kurasu_no_danshi_to_ooo_shite_shimaimashita,56
period,55
mx0,55
comic_pot,55
miss_surfersparadise,55
sorauta,55
waga_mama_capriccio,55
hajimete_no_oisha-san,55
men's_young,55
suika_(visual_novel),55
thriller_(michael_jackson),55
the_king_of_fighters_2003,55
urayasu_tekkin_kazoku,55
master_of_epic,55
machine_robo_chronos_no_dai_gyakushuu,55
yakin_byoutou_san,55
animal_yokochou,55
kyouhaku_2,55
langrisser_v,55
final_fantasy_xii_revenant_wings,55
moon_(game),55
real_intention,55
kisaku,55
tokusou_sentai_dekaranger,55
dengeki_bunko,55
juvenile_(vocaloid),55
weiss_schwarz,55
comiket_75,55
mirror's_edge,55
boston_dynamics,55
monster_maker,55
mega_man_7,55
mega_man_10,55
moonlit_bear_(vocaloid),55
skype,55
acute_(vocaloid),55
fuuun_ishin_dai_shogun,55
the_texas_chainsaw_massacre,55
hen_zemi,55
pili_budaixi,55
madagascar_(series),55
rio_-rainbow_gate!-,55
the_iconoclasts,55
mario_&_sonic_at_the_london_2012_olympic_games,55
arifureta_sekai_seifuku_(vocaloid),55
the_office,55
samurai_flamenco,55
soniani,55
ice_age_(movie),55
bee_and_puppycat,55
clover_days,55
payday_2,55
world_sportscar_championship,55
all_you_need_is_kill,55
nein_(album),55
aquarion_logos,55
uchuu_senkan_yamato_2202:_ai_no_senshi-tachi,55
aikatsu!_photo_on_stage!!,55
neko-nin_exheart,55
infinite_blade_pavilion,55
junjou_karen_freaks!_-freaks_romanticism-,55
grancrest_senki,55
otogi:spirit_agents,55
same_ningen,55
kanojo_ga_aitsu_ni_sareta_koto,55
akari_ga_yatte_kitazo_(vocaloid),55
sonic_the_hedgehog_(movie),55
miracle_snack_shop,55
jucika_(comic),55
secret_agent_~kishi_gakuen_no_shinobi_naru_mono~,55
rail_romanesque,55
spotify,55
your_throne,55
kartrider,55
galleria_no_chika_meikyuu_to_majo_no_ryodan,55
saijaku_tamer_wa_gomi_hiroi_no_tabi_wo_hajimemashita,55
maimaimaigoen,55
manimani_(vocaloid),55
the_elder_scrolls_online,55
knights_college,55
yumyverse,55
star_linker,55
solo_leveling:_arise,55
dungeon_no_naka_no_hito,55
kagamin_bocchi,54
turn_of_the_golden_witch,54
kikokugai,54
yoshinaga-san'chi_no_gargoyle,54
yume_no_crayon_oukoku,54
the_third,54
choujuushin_gravion_zwei,54
messiah_(game),54
fighting_vipers,54
musekinin_kanchou_tylor,54
rpg_maker,54
pixiv_robot_wars,54
wizard_girl_ambitious,54
kagamine_len_no_bousou_(vocaloid),54
phantasm,54
half-life_1,54
x-men_evolution,54
chuuka_ichiban!,54
animaniacs,54
mahou_sentai_magiranger,54
time_gal,54
kamen_rider_super-1_(series),54
kellogg's,54
the_misadventures_of_tron_bonne,54
vagabond,54
ougon_musou_kyoku,54
red_dead_redemption,54
reizoku_ichiba,54
puyopuyo_tetris,54
outer_science_(vocaloid),54
valkyrie_drive_-bhikkhuni-,54
cutie_honey_universe,54
aoba_project,54
gacha_(series),54
hitomi-chan_wa_hitomishiri,54
sakusei_byoutou,54
survival_friends,54
men_play_channel,54
world_flags,54
ore_wa_seikan_kokka_no_akutoku_ryoushu!,54
karisome_no_shitsuji_to_koushaku_no_himegoto,54
company_of_heroes_2,54
drawfee,54
yogibo,54
karasu_wa_aruji_wo_erabanai,54
vreverie,54
kimitachi_wa_dou_ikiru_ka,54
shinmai_ossan_bokensha,54
ataman_ita_(synthesizer_v),54
visions_of_mana,54
princession_orchestra,54
hai_yorokonde,54
cookie_run:_tower_of_adventures,54
madtown_gta,54
sekien_no_inganock,53
sugar+spice!,53
ne~pon?_x_rai_pon!,53
kaze_no_stigma,53
elite_beat_agents,53
jewel_knights,53
hikari_to_mizu_no_daphne,53
shikigami_no_shiro,53
char's_deleted_affair,53
happy_margaret!,53
blue_seed,53
ace_combat_6,53
grenadier_(manga),53
changeability_of_strange_dream,53
lucu_lucu,53
blame_gakuen!,53
star_fox_assault,53
pokemon_the_movie_2000:_the_power_of_one,53
super_mario_land,53
betty_boop_(series),53
clock_lock_works_(vocaloid),53
bokura_no_16bit_warz_(vocaloid),53
asura_cryin',53
ultraman_ace_(series),53
mrs.pumpkin_no_kokkei_na_yume_(vocaloid),53
element_hunters,53
slipknot,53
slavic_mythology,53
koronu_korinne,53
himitsu_~kuro_no_chikai~_(vocaloid),53
livly_island,53
tales_of_phantasia:_narikiri_dungeon_x,53
mirai_nostalgia,53
nijigen_dream_fever_(vocaloid),53
eiyuu_chronicle,53
touhou_shizenyu,53
shining_ark,53
sadistic_music_factory_(vocaloid),53
assassin's_creed_iv:_black_flag,53
maji_moji_rurumo,53
south_park:_the_stick_of_truth,53
transistor_(game),53
marisa_to_alice_no_cookie_storia,53
uchi_no_musume_ni_te_wo_dasuna!,53
date_a_live:_arusu_install,53
hikaru_ga_chikyuu_ni_itakoro,53
berl_and_the_candy_house,53
musical_touken_ranbu,53
hachinan_tte_sore_wa_nai_deshou!,53
maboroshi_juuhime,53
star_wars:_the_last_jedi,53
sword_art_online:_hollow_realization,53
niizuma_lovely_x_cation,53
eufonie,53
hina_logi_-_from_luck_&_logic,53
ok_k.o.!_let's_be_heroes,53
sayonara_no_asa_ni_yakusoku_no_hana_wo_kazarou,53
brave_neptune,53
hare-kon.,53
pieces_(series),53
tokyo_necro_suicide_mission,53
roki_(vocaloid),53
venom_(2018),53
pygmalion._(group),53
yozakura-san_chi_no_daisakusen,53
fortress_girl,53
another_project,53
yubisaki_connection,53
kyuukyoku_shinka_shita_full_dive_rpg_ga_genjitsu_yori_mo_kusoge_dattara,53
sex_underworld_e_youkoso!,53
how_to_draw_manga,53
utsunomiya-sen_meguri,53
five_nights_in_anime_(fangame),53
eoe,53
battle_of_titans,53
lv1_maou_to_one_room_yuusha,53
show_(ado),53
mezzo_piano,53
my_time_at_sandrock,53
ooi!_tonbo,53
zuutto_issho_(kitani_tatsuya),53
guilty_gear_strive:_dual_rulers,53
dnangel,52
pia_carrot_e_youkoso!!_2,52
suzumiya_haruhi_no_tomadoi,52
doujin_work,52
watashi_no_oniichan,52
reversible,52
gakuen_kino,52
brain_powered,52
alto,52
yakin_byoutou_ni,52
kindle_imagine_develop,52
injuu_gakuen_la_blue_girl,52
morning_musume,52
majokko_megu-chan,52
macross:_the_first,52
magical_drop,52
yamato_transport,52
the_boondocks,52
amatsu_misora_ni!,52
darius_burst,52
ducktales,52
lump_of_sugar,52
wallace_&_gromit,52
natsuzora_no_perseus,52
symposium_of_post-mysticism,52
killer_instinct_(series),52
lord_of_walkure,52
kokoro_rista!,52
glasslip,52
bullet_girls,52
kuusen_madoushi_kouhosei_no_kyoukan,52
hidan_no_aria_aa,52
haruchika,52
acca_13-ku_kansatsu-ka,52
tokyo_clanpool,52
yuukyuu_no_euphoria,52
storyshift,52
yoshi's_new_island,52
hitoribocchi_no_isekai_kouryaku,52
ultraman_r/b,52
piofiore_no_bansho,52
rescute,52
marble_creators,52
chikan_saresou_ni_natteiru_s-kyuu_bishoujo_wo_tasuketara_tonari_no_seki_no_osananajimi_datta,52
voice-ore,52
senjou_no_fuuga,52
bukkake!_doshikoring_minuki_max_acme_shite_mo_ii_desu_ka,52
sasaki_to_miyano,52
zombie_(vocaloid),52
uniteup!,52
beyblade_x,52
azur_promilia,52
balatro,52
liar's_bar,52
mirage_(takanashi_kiara),52
purenista,52
tower_of_god:_great_journey,52
keiou_yuugekitai,51
zoids_shinseiki/zero,51
the_king_of_fighters_'96,51
kikaider_(series),51
the_king_of_fighters_'95,51
silver_forest,51
battle_programmer_shirase,51
hyakujuu-ou_golion,51
petopetosan,51
yuusha_raideen,51
shin_getter_robo_vs_neo_getter_robo,51
ore_no_natsuyasumi,51
gakuen_alice,51
asame_shinbun,51
uzumaki,51
gals_panic_s2,51
kaneko_seisakusho,51
arcade_gamer_fubuki,51
kurokami,51
graduation_(series),51
smooth_criminal,51
gouen_no_soleil,51
shiro_no_musume_(vocaloid),51
hello_kitty_to_issho!,51
ultraman_dyna_(series),51
ultraman_leo_(series),51
neko_no_wakusei,51
uncharted,51
rune_factory_oceans,51
mobile_suit_gundam:_cucuruz_doan's_island,51
radiant_historia,51
dead_space_2,51
hatsune_miku_no_gekishou_(vocaloid),51
final_fight_2,51
cheetos,51
violated_heroine,51
lcddem,51
garry's_mod,51
sword_world_2.0,51
asura's_wrath,51
setsuna_trip_(vocaloid),51
south_park:_the_fractured_but_whole,51
pixiv_cat_kingdom,51
godzilla_vs._destoroyah,51
koiken_otome,51
bokete,51
yoshiwara_lament_(utau),51
boku_wa_ohime-sama_ni_narenai,51
nemesis_no_juukou_(vocaloid),51
land_of_caromag,51
razer,51
hdoom,51
japan_animator_expo,51
echo_(vocaloid),51
dissidia_final_fantasy_nt,51
dong-jin_rice-hime,51
hatsukoi_zombie,51
isekai_cheat_magician,51
oreca_battle,51
yorha,51
senpai_kara_me_ga_hanasenai_to_aru_kaishain_no_nichijou,51
kemono_friends_3:_planet_tours,51
seijo_no_maryoku_wa_bannou_desu,51
shantae_and_the_seven_sirens,51
drive_(movie),51
boku_no_mirai_wa_koi_to_kakin_to,51
pokemon_the_movie:_secrets_of_the_jungle,51
suzukuri_karin-chan,51
transformers:_war_for_cybertron_trilogy,51
suiren_to_shion,51
harta,51
grimms_notes_gakuen,51
selection_project,51
rpg_fudousan,51
mahou_shoujo_to_chokorewito_(vocaloid),51
megaton_musashi,51
regressor's_instruction_manual,51
yi_meng_jianghu,51
chronicle_of_myers,51
futamata_ren'ai,51
m3gan,51
shadowverse_evolve,51
dilftown_(schizoid),51
ark_re:code,51
digimon_alysion,51
rainbow_bubblegem,51
castlevania_(1986),50
kingyo_chuuihou!,50
sapphism_no_gensou,50
venus_versus_virus,50
moekan,50
sonic_team,50
kusari,50
gundou_musashi,50
fantasy_zone,50
cleavage_(game),50
yogurting,50
hyper_police,50
nurse_angel_ririka_sos,50
blade_of_the_immortal,50
twin_angels,50
tintin,50
spider-man_1_(2002),50
the_a-team,50
harry_potter_and_the_philosopher's_stone,50
shinkyoku_soukai_polyphonica_aphonic_songbird,50
better_girls,50
idol_revolution,50
bahamut_lagoon,50
tartaros_online,50
tengai_makyou,50
comic_colorful_bee,50
1/6_-out_of_the_gravity-_(vocaloid),50
heinz,50
hakata_no_shio,50
kangoku_senkan_2,50
disney_fairies,50
otome_no_teikoku,50
kokurikozaka_kara,50
alice_in_musicland_(vocaloid),50
akitaland_gothic,50
shirokami_gakuen,50
onimonogatari,50
kidou_battle_gunvarrel,50
jk_bitch_ni_shiboraretai,50
innocent_girl,50
agent_7,50
tild_-_mage_a_louer,50
golden_marriage,50
dekkano!!,50
shounen_hollywood,50
picarto.tv,50
goshujin-sama_to_kemonomimi_no_shoujo_meru,50
royal_flush_heroes,50
mamiya-kunchi_no_itsutsugo_jijou,50
snowdreams_-lost_in_winter-,50
logan_(movie),50
fighting_ex_layer,50
also_sprach_zarathustra_(neco),50
cuisine_dimension,50
shoujo_hatsudouki,50
hearts_recollection,50
judge_eyes,50
alita:_battle_angel,50
readyyy!,50
guilty_princess,50
shiki_no_akari,50
jiisan_baasan_wakagaeru,50
phasmophobia,50
chotto_dake_ai_ga_omoi_dark_elf_ga_isekai_kara_oikakete_kita,50
displayer,50
project_wingman,50
hero_cantare,50
uchi_wa_mou_enki_dekinai.,50
bomb_rush_cyberfunk,50
choujigen_game_neptune_sisters_vs_sisters,50
mahoutsukai_reimeiki,50
birdie_wing:_golf_girls'_story,50
benriya_saitou-san_isekai_ni_iku,50
fate:lost_einherjar,50
hana_wa_saku_shura_no_gotoku,50
love_live!_nijigasaki_high_school_idol_club_next_sky,50
card-en-ciel,50
absolute_dc,50
descend,50
bioshock_1,49
mushiuta,49
zytokine,49
komorebi_ni_yureru_tamashii_no_koe,49
2001_a_space_odyssey,49
honneamise_no_tsubasa,49
mizugi_kanojo,49
suisui_-sweetheart_swimmer-,49
spelunker,49
semen_sprinkler_j,49
wonder_boy,49
pp:_pianissimo,49
carciphona,49
kansen_(series),49
power_pro_kun_pocket_9,49
bannou_bunka_nekomusume,49
dominion_(manga),49
j.c._staff,49
pythagora-switch,49
beck,49
engine_sentai_go-onger,49
akatsuki_no_amaneka_to_aoi_kyojin,49
perman_(series),49
shin_mazinger_shougeki!_z-hen,49
choro-q,49
ranma_1/2_kessen_tougenkyou!_hanayome_wo_torimodose!,49
sonic_the_hedgehog_(ova),49
kin_no_kutsu_gin_no_kutsu,49
resident_evil:_the_darkside_chronicles,49
yuyukana,49
lotte_(company),49
sonic_and_the_secret_rings,49
batman:_arkham_(series),49
manatsu_no_yoru_no_yuki_monogatari,49
+tic_nee-san,49
aviator_girls,49
ninja_sentai_kakuranger,49
japan_world_cup,49
battlefield_3,49
pokemon_stadium,49
rin-chan_now!_(vocaloid),49
fushigi_no_gensokyo,49
shoujo_tsubaki,49
mighty_switch_force!,49
pikmin_1,49
dishonored,49
sakari_sakarare,49
inma_kourin_devil_carnival,49
ginga_patrol_jaco,49
nuclear_throne,49
artix_entertainment,49
howl's_moving_castle_(novel),49
major_2nd,49
eternal_senia_2:hydrangea_after_the_rain,49
glitch_techs,49
tokoshie_bullet,49
project_blue_(vtuber),49
kuusou_code_plus,49
sinisistar,49
dadadada_tenshi_(nanawo_akari),49
ryuusei_world_actor,49
kuro_ageha,49
mario_&_sonic_at_the_tokyo_2020_olympic_games,49
scissor_seven,49
gleipnir_(series),49
x0o0x_(utaite),49
godzilla_singular_point,49
shinda_otto_ga_mushi_ni_tensei_shite_ita_kudan,49
myholo_tv,49
aishite_aishite_aishite_(vocaloid),49
wang_chuan_feng_hua_lu,49
tokyo_insomnia,49
beatus_creation,49
soul_hackers_2,49
akuma_ouji_to_ayatsuri_ningyou,49
transformers:_earthspark,49
mental_omega_(mod),49
calamity_(terraria_mod),49
god_of_war_ragnarok,49
toaru_anbu_no_item,49
emori_(shrimperini),49
mochiyama_kingyo,49
kuroshio_current,49
ex_rank_supporting_role's_replay_in_a_prestigious_school,49
bluesky,49
isshou_senkin,49
littlest_pet_shop,49
that's_not_my_neighbor,49
select_oblige,49
majime_na_kouhai_kara_kairaku_zeme_sareru_nante_kiitenai!,49
tougen_anki,49
re:zero_kara_hajimeru_isekai_seikatsu_witch's_re:surrection,49
junjou_etching,49
aoi_sora_no_neosphere,48
emupii_maid_promotion_master,48
bukatsu_kikaku,48
bistro_cupid_(series),48
anejiru,48
amanatsu,48
nicomi.com,48
akane_maniax,48
psychic_force,48
hinatabokko,48
clover_heart's,48
ikusa_megami_(series),48
saiunkoku_monogatari,48
angel_wish,48
shoot_the_bullet,48
dragon_slayer_(series),48
mister_ajikko,48
full_metal_panic?_fumoffu,48
moto_gp,48
duke_nukem_(series),48
1984_(novel),48
viper_gtb,48
castlevania:_harmony_of_dissonance,48
angel_club,48
rhythm_tengoku_gold,48
obake_no_q-tarou,48
manaka_de_ikuno!!,48
sengoku_youko,48
sora_no_manimani,48
shantae:_risky's_revenge,48
the_last_guardian,48
dantalian_no_shoka,48
golden_sun:_dark_dawn,48
studio_khara,48
breakers,48
heat-soft,48
shiroi_yuki_no_princess_wa_(vocaloid),48
reflec_beat,48
wolfenstein_(series),48
koi_de_wa_naku,48
kirby_mass_attack,48
waku_waku_puyo_dungeon,48
the_thinker,48
konoha_no_sekai_jijou_(vocaloid),48
drunken_master,48
glow_(vocaloid),48
guild_wars_2,48
chiisana_kanojo_no_serenade,48
intelli_village_no_zashiki-warashi,48
galilei_donna,48
shoujo-tachi_wa_kouya_wo_mezasu,48
detective_pikachu_(game),48
days_(kagerou_project),48
meiji_tokyo_renka,48
tower_of_dragon,48
camellia_(musician),48
kawaii_joushi_o_komarasetai,48
deadpool_(movie),48
asu_no_yozora_shoukaihan_(vocaloid),48
mahou_shoujo_ikusei_keikaku_aces,48
kirby_and_the_rainbow_curse,48
amaetai_hi_wa_soba_ni_ite,48
keifuku-san,48
project_diva_mega39's,48
kanata_no_astra,48
sora_no_kanata_no_dystopia,48
the_summoning,48
patriarch_xtasy,48
hazurewaku_no_joutai_ijou_skill_de_saikyou_ni_natta_ore_ga_subete_wo_juurin_suru_made,48
inu_ni_nattara_suki_na_hito_ni_hirowareta,48
telecaster_b-boy_(vocaloid),48
koushinchou_no_kouhai_to_teishinchou_no_senpai_ga_renai_ni_hatten_suru_made,48
naraku_2,48
thedoujin,48
hajilove_-making_lovers-,48
heike_monogatari,48
song_of_the_south,48
pudu_robotics,48
inazuma_eleven_victory_road,48
atarashii_gakkou_no_leaders,48
drunken_night_(unspoken),48
norn's_dine,48
sazanami_no_shoujo-tachi,48
rai_rai_rai,48
lumina_prognosis,48
the_hungry_lamb:_traveling_in_the_late_ming_dynasty,48
book_of_bill,48
"hazure_skill_""kinomi_master"":_skill_no_mi_(tabetara_shinu)_wo_mugen_ni_taberareru_you_ni_natta_ken_ni_tsuite",48
wasteland_mage,48
the_electric_state,48
oshiete_miko_sensei_(series),48
arcana,47
musume_shimai,47
ubuntu,47
kunoichi_(game),47
ufo_princess_valkyrie,47
youkoso_chinshusou,47
kde,47
les_miserables,47
shuusou_gyoku,47
pc_angel,47
sakigake!!_otokojuku,47
hoken_dayori,47
puchi_puri_yucie,47
saturday_night_live,47
digimon_adventure_v-tamer_01,47
clock_tower_(series),47
house_m.d.,47
nanagane_educational_institution,47
tenkuu_senki_shurato,47
touch_(manga),47
bokura_no_taiyou,47
minesweeper,47
shukushou_gakuen,47
voice_(vocaloid),47
yuke_yuke!!_trouble_makers,47
hokuto_no_ken:_shinpan_no_sousousei_kengou_retsuden,47
mario_&_luigi:_partners_in_time,47
pinkbell,47
ragnarok_online_2:_legend_of_the_second,47
cutie_honey_flash,47
fight_club,47
assassin's_creed:_revelations,47
call_of_duty:_modern_warfare_3,47
seifuku!,47
shirokuma_cafe,47
saints_row,47
star_conflict,47
the_dark_knight_rises,47
009_re:cyborg,47
treasure_island,47
a's_wonderland,47
six_heart_princess,47
akiba's_trip_2,47
artificial_academy_2,47
comic_koh,47
child_of_light_(game),47
chuuko_demo_koi_ga_shitai!,47
dragon_providence,47
omega_quintet,47
sousei_no_onmyouji,47
ryuu_ga_gotoku_5,47
issho_ni_gohan_tabetai,47
world_teacher_-isekaishiki_kyouiku_agent-,47
vestaria_saga,47
tvfilthyfrank,47
mahou_shoujo_kanae,47
kimi_to_boku_no_saigo_no_senjou_arui_wa_sekai_ga_hajimaru_seisen,47
tada-kun_wa_koi_wo_shinai,47
penguin_highway,47
kaze_ga_tsuyoku_fuiteiru,47
wild_arms:_million_memories,47
nanatsu_no_maken_ga_shihai_suru,47
senryuu_shoujo,47
alter_ego_(game),47
dungeon_de_ohanatsumi_nanka_yurushimasen!!,47
yuukoku_no_moriarty,47
revived_witch,47
futago_shimai-chan_no_yuri_seikatsu,47
scarlet_nexus,47
red_hood_(kawaguchi),47
ch4nge_(cevio),47
kuro_games,47
pppppp,47
nebula_beat,47
stalker_2:_heart_of_chornobyl,47
just_do_sex_(unspoken),47
pokemon:_paldean_winds,47
dragon_quest_monsters_3,47
dark_gathering,47
black_clover_m:_rise_of_the_wizard_king,47
iii_(hololive),47
rk_music,47
aikatsu_academy!,47
salaryman_ga_isekai_ni_ittara_shitennou_ni_natta_hanashi,47
ningen_fushin_no_renkinjutsushi_to_moto_heishi_no_homunculus,47
things_from_the_flood,47
gift_eternal_rainbow,46
kyou_kara_maou!,46
twinkle_star_sprites,46
maid_in_heaven,46
hellsinker,46
x-change_(series),46
discworld,46
aoki_uru,46
sukeban_deka,46
ikari_shinji_raising_project,46
radiohead_(band),46
kumo_no_mukou_yakusoku_no_basho,46
pyuu_to_fuku!_jaguar,46
japan_airlines,46
kishin_douji_zenki,46
oniichan_kuchukuchu_shisugidayo,46
tsumi_to_batsu_(vocaloid),46
gothic_delusion,46
arc_the_lad_twilight_of_the_spirits,46
mario_basketball_3on3,46
ginga_(franchise),46
chouriki_sentai_ohranger,46
end_of_the_golden_witch,46
eden_no_ori,46
momoiro_guardian,46
prunus_girl,46
orichalcum_reycal,46
sweet_pool,46
vitruvian_man,46
double_dragon,46
assassin's_creed:_brotherhood,46
ido_e_itaru_mori_e_itaru_ido,46
children_of_the_rune,46
kajiri_kamui_kagura,46
natsuyasumi.,46
kuon_no_kizuna,46
universal_studios,46
windows_8,46
himekiss,46
zyuden_sentai_kyoryuger,46
lab_zero_games,46
nyanko_days,46
inishie_no_megami_to_houseki_no_ite,46
hello_lady,46
kimi_no_tonari_de_koishiteru!,46
reverse_falls_(gravity_falls),46
ultraman_ginga_(series),46
fate/extra_last_encore,46
rilu_rilu_fairilu,46
crush_crush,46
ben_10:_ultimate_alien,46
after_the_rain,46
hylics,46
peach_(airline),46
baraag,46
jishou_f-rank_no_oniisama_ga_game_de_hyouka_sareru_gakuen_no_chouten_ni_kunrin_suru_sou_desu_yo?,46
isekai_harem_monogatari,46
full_metal_panic!_invisible_victory,46
deaimon,46
dekoboko_majo_no_oyako_jijou,46
marinasu,46
ren'ai_karichaimashita,46
girls_book_maker_~shiawase_no_libretto~,46
itzy,46
hyakunichigo_ni_shinu_wani,46
super_kirby_clash,46
10000_kounen_sougankyou,46
produce_101,46
gundam_breaker_mobile,46
sonic_the_hedgehog_2_(movie),46
sd_gundam_world_heroes,46
megami-ryou_no_ryoubo-kun,46
ryuu_to_sobakasu_no_hime,46
ayashimon,46
yume_shokuin_to_wasureji_no_kuroi_yousei,46
do_u_(takanashi_kiara),46
univirtual,46
ive_(group),46
genkai_ol-san_wa_akuyaku_reijou-sama_ni_tsukaetai,46
high_card,46
dredge_(video_game),46
houkago_himitsu_club,46
bara_to_tsubaki,46
yubisaki_to_renren,46
mona_lisa_no_zaregoto,46
brainrot_girlfriend,46
phighting!,46
bluejump,46
aquarium_wa_odoranai,46
my_co-worker_is_an_eldritch_x,46
chi's_sweet_home,45
deltora_quest,45
csi,45
bistro_cupid,45
okusama_wa_mahou_shoujo,45
summer_days,45
3ldk,45
sharin_no_kuni_himawari_no_shoujo,45
angel_blade_punish,45
gaia_gear,45
dig_dug,45
doraemon:_nobita_to_tetsujin_heidan,45
gran_turismo,45
mega_man_battle_network_2,45
konna_ko_ga_itara_boku_wa_mou,45
moero_downhill_night_(series),45
superman:_the_animated_series,45
afghanis-tan,45
mega_man_battle_network_4,45
gena_the_crocodile_and_his_friends,45
m_onna_senka,45
kowarekake_no_orgel,45
castlevania_iii:_dracula's_curse,45
grandia_iii,45
phantasy_star_portable,45
nana_to_kaoru,45
lady_death,45
osananajimi_wa_daitouryou,45
real_madrid,45
garnet_cradle,45
smile_cubic!,45
axanael,45
claris_(group),45
zangeki_no_reginleiv,45
princess_evangile,45
mirai_millennium,45
tron:_legacy,45
scary_maze_game,45
reireimu,45
arcana_famiglia,45
attouteki_yuugi_mugen_souls_z,45
canopri_comic,45
weapon_girls,45
koisuru_natsu_no_last_resort,45
maid-san_to_boin_damashii,45
kamisama_to_unmei_(series),45
otsukimi_recital_(vocaloid),45
chizuru-chan_kaihatsu_nikki,45
primal_hearts_2,45
syamu_game,45
five_nights_at_freddy's_4,45
taimanin_asagi_zero,45
akiba's_trip_the_animation,45
book_of_star_mythology,45
idol_wars_z,45
beelzebub-jou_no_okinimesu_mama.,45
starhorse_pocket,45
super_robot_wars_x,45
gamers_(store),45
gundam_side_story:_missing_link,45
butterfly_affection,45
death_march_kara_hajimaru_isekai_kyousoukyoku,45
fantasista_(arcade),45
otsushimai,45
project_winter,45
tsumugu_otome_to_taishou_no_tsuki,45
magical_explorer,45
dakikano,45
drapri_guu-ta-life,45
makemon!,45
giant_ojou-sama,45
senran_nin_nin_ninja_taisen_neptune:_shoujo-tachi_no_kyouen,45
kaguyano,45
irodori_koukou_gasshoubu_yori,45
rust_(game),45
queen_(vocaloid),45
girls_frantic_clan,45
black_rock_shooter_fragment,45
project_soul,45
project_nebula,45
yamada-kun_to_lv999_no_koi_wo_suru,45
million_production,45
gundam_requiem_for_vengeance,45
ash_echoes,45
astro_bot_(series),45
strawpage,45
yasha_legends_of_the_demon_blade,45
sanguine_rose,45
beyond_citadel,45
gundam_suisei_no_majo:_seishun_frontier,45
yuuryou_bukken_mou_dame_sou,45
hime-chan_no_ribbon,44
festa!!_hyper_girls_pop,44
dai_mahou_touge,44
growlanser_iii,44
karas,44
amakara_twins,44
c-clays,44
imitation_lover,44
aishiteruze_baby,44
meakashi-hen,44
windows_me,44
koibito_doushi_de_suru_koto_zenbu,44
usotsuki_mii-kun_to_kowareta_maa-chan,44
mahou_tsukai_ni_taisetsu_na_koto,44
dengeki_daioh,44
spider-man_2,44
wonder_project_j2,44
rocket_girls,44
mugen_shinshi,44
halo_3,44
rance_vi,44
star_trek:_the_next_generation,44
blazing_souls,44
popee_the_performer,44
knight_rider,44
kamisama_kazoku,44
iron_maiden_(band),44
asanagi_no_aquanauts,44
juuken_sentai_gekiranger,44
supreme_candy,44
unlimited_saga,44
growlanser_v,44
bakuryuu_sentai_abaranger,44
ogre_battle,44
s4_league,44
rugrats,44
district_9,44
ryuujin_naga,44
tales_of_vesperia:_the_first_strike,44
a_clockwork_orange,44
kiss_(rock_band),44
mimi_no_aru_robot_no_uta_(utau),44
kuragehime,44
hecatoncheir,44
electric_angel_(vocaloid),44
monochro_blue_sky_(vocaloid),44
sonic_riders:_zero_gravity,44
transformers:_the_headmasters,44
hyper_highspeed_genius,44
star_ocean:_blue_sphere,44
china_railway_girl,44
maidensnow_no_youkai_dai-makyou,44
smile_precure!_ehon_no_naka_wa_minna_chiguhagu!,44
weezer_(band),44
orbis_terra,44
chouhakai!!_barbarossa,44
vitamin_quest,44
chrono_clock,44
kuro_senpai_to_kuro_yashiki_no_yami_ni_mayowanai,44
ideologue!,44
ren'ai_boukun,44
kekkon_yubiwa_monogatari,44
ignis_no_meiyaku_kishi,44
ranpo_kitan,44
sorairo_innocent,44
kimagure_mercy_(vocaloid),44
mayoiga,44
sengoku_koihime_x,44
bubuki_buranki,44
ryuukishi_bloody_saga,44
cabbage_soft,44
tenshi_mikadokuni,44
onii-chan_kiss_no_junbi_wa_mada_desu_ka?_ecchi_no_junbi_mo_mada_desu_ka?,44
la_la_land,44
hinomaru_zumou,44
huniepop_2:_double_date,44
inaka_ni_kaeru_to_yakeni_natsuita_kasshoku_ponytail_shota_ga_iru,44
spiritpact,44
boxboy!,44
virtual_dimension_project,44
senran_kagura_peach_ball,44
da_capo_iv,44
sky_diver_xipuria,44
ijirare_~fukushuu_saimin~,44
the_kingdom_of_felismans,44
blot_plot,44
isekai_mokushiroku_mynoghra,44
love_death_+_robots,44
fuuzoku_katsudou,44
taiso_samurai,44
diablo_4,44
ki_ni_naru_ano_musume,44
seventh_happiness,44
cardfight!!_vanguard:_overdress,44
vampeerz,44
shinkansen_henkei_robo_shinkalion_z,44
liar_liar,44
annih_epica,44
caligula_2,44
taishou_otome_otogibanashi,44
30-sai_made_doutei_dato_mahoutsukai_ni_nareru_rashii,44
kamitsubaki_city_under_construction,44
kiite_kuremasu_yo_ne_senpai,44
shanti_(vocaloid),44
ts_loli_oji-san_no_boukan,44
nozomanu_fushi_no_boukensha,44
sedai_one,44
leviathan_(project_moon),44
mc_championship,44
okusuri_nonde_neyou_(vocaloid),44
suufunkan_no_yell_wo,44
vols,44
yowa_yowa_sensei,44
isekai:_slow_life,44
tokyo_blade_(oshi_no_ko),44
shibatte_mitsumete,44
paw_patrol,44
vfleet,44
dragon's_dogma_2,44
urami_koushin_(utau),44
becoming_a_god_in_the_zerg_world_by_livestreaming_bl_novels,44
the_first_descendant,44
phantom_busters,44
cardcaptor_sakura:_memory_key,44
asadoke_no_majo,44
roco_kingdom:world,44
maebashi_witches,44
wordgirl_(series),44
honkai:_nexus_anima,44
toshokan_sensou,43
narcissu,43
onmyou_taisenki,43
a_kite,43
kyuukyoku_choujin_r,43
miyakawa-ke_no_kuufuku,43
the_pillows,43
magical_tale,43
midori_no_hibi,43
uchuu_senshi_baldios,43
mozilla_thunderbird,43
serious_sam,43
alea,43
macross_flashback_2012,43
adventures_of_sonic_the_hedgehog,43
diverse_system,43
kaga_mine_2,43
flyff,43
nokia_(company),43
atari,43
nikaime,43
castlevania:_lament_of_innocence,43
jimmy_neutron_(series),43
kyoushoku_soukou_guyver,43
kid_icarus_(nes),43
maicching_machiko-sensei,43
help_me_erinnnnnn!!,43
comic_yuri_hime,43
koutetsushin_jeeg,43
greed_packet_unlimited,43
komica,43
pokemon_4ever_-_celebi:_the_voice_of_the_forest,43
spunky_knight,43
tekken_3,43
constantine_(series),43
super_mario-kun,43
ddby,43
bundesliga,43
singin'_in_the_rain,43
the_beast_(vocaloid),43
fukai_ni_nemuru_oujo_no_abaddon,43
butaotome,43
maji_de_watashi_ni_koi_shinasai!_s,43
star_plus_one,43
silicon_magic,43
condor_trilogy,43
care_bears,43
the_last_comer,43
kaizin_rumble,43
kitakubu_katsudou_kiroku,43
zola_project,43
clockwork_planet,43
hitomebore,43
chicago_bulls,43
t-rex_na_kanojo,43
ms.assistant,43
haydee_(game),43
purino_party,43
ouchi_ni_kaeru_made_ga_mashimaro_desu,43
team_kirby_clash_deluxe,43
solidus,43
mario_+_rabbids_kingdom_battle,43
nioh,43
twocar,43
planet_with,43
beat_saber,43
kawaii_onna_no_ko_ni_kouryaku_sareru_no_wa_suki_desu_ka?,43
mahou_arms,43
goddess_kiss,43
fallout_76,43
shikaru_neko,43
super_bunny_man,43
kenshi,43
hg_ni_koisuru_futari,43
midsommar,43
seishun_fragile,43
advan,43
ruined_king:_a_league_of_legends_story,43
digital_stars,43
xianjian_qixia_zhuan_7,43
kyokugen_chikan_tokuiten_2,43
kono_koi_ni_kizuite,43
jishenkong_jihua,43
sha_po_lang,43
higan:_eruthyll,43
abysmal,43
millennium_tour,43
precure_all_stars_f,43
hao_(vocaloid),43
kimagure_temptation_2,43
mikadono_sanshimai_wa_angai_choroi,43
digimon_adventure_-beyond-,43
milking_clinic,43
heroic_age,42
star_platinum_(game),42
blue_drop,42
romeo_no_aoi_sora,42
shoujo_sect,42
temptation_h,42
narue_no_sekai,42
angel_cage,42
ayakashi_h,42
iria_zeiram_the_animation,42
maebari_teikoku_no_gyakushuu,42
rune_factory_2,42
ibara,42
calvin_&_hobbes,42
pokemon_battle_revolution,42
fullani,42
ultimate_girl,42
star_wars:_knights_of_the_old_republic,42
nickelodeon,42
super_princess_peach,42
thunder_force,42
dead_rising_1,42
mega_man_x_(manga),42
x-blades,42
resident_evil_outbreak,42
seiken_no_faeries,42
gunspike,42
makai_tenshi_djibril_3,42
haruiro_ouse,42
brandish,42
mega_man_x7,42
linda_cube,42
ran_to_haiiro_no_sekai,42
world_baseball_classic,42
manga_nippon_mukashi_banashi,42
isekai_no_seikishi_monogatari,42
kimi_to_boku_to_eden_no_ringo,42
trinity_universe,42
sonic_triple_trouble,42
trick_(tv_series),42
doremifa_rondo_(vocaloid),42
aquaman_(series),42
minamoto-kun_monogatari,42
root_double_-before_crime_after_days-,42
moderoid,42
ore_monogatari!!,42
yuusha_yoshihiko_to_maou_no_shiro,42
soukoku_no_arterial,42
souseiki_aster_gate,42
3ping_lovers!,42
sanzenkai_no_avatar,42
teenage_mutant_ninja_turtles_(2012),42
reminiscence_re:collect,42
inraku_no_miko_ntr,42
harukaze_sensation!,42
potion_maker,42
kaitou_joker,42
ten_kurairakon_teikoku-gun,42
love_love_princess,42
sonic_dash,42
phantasy_star_online_2_the_animation,42
seisou_fude_no_tabibito,42
lisa_the_joyful,42
gang_beasts,42
kono_shima_ni_wa_midara_de_jaaku_na_mono_ga_sumu,42
dempagumi,42
sakanaction,42
uchiage_hanabi_shita_kara_miru_ka?_yoko_kara_miru_ka?,42
kanobitch,42
dolls_order,42
love_cube,42
knives_out,42
night_in_the_woods,42
brooklyn_nine-nine,42
re_cation,42
stand_my_heroes,42
great_pretender,42
tone_sphere,42
fate/grand_order_waltz_in_the_moonlight/lostroom,42
josou_jinja,42
heavenrend,42
cute_na_kanojo_(cevio),42
hajirau_kimi_ga_mitainda,42
visual_prison,42
tsukipro,42
bug_(vocaloid),42
alice_fiction,42
konjiki_no_gash!!_2,42
armed_fantasia,42
hamhampangpang,42
indycar_series,42
shibou_yuugi_de_meshi_o_kuu,42
tsurugihime,42
funguary,42
resident_evil:_death_island,42
imsa_sportscar_championship,42
himawari_(ado),42
crymachina,42
umamusume:_peace_peace_cepea_cepea_golshi-chan,42
mrlsexdoll,42
one_room_hiatari_futsuu_tenshi-tsuki,42
neverness_to_everness,42
me:i,42
hasu_no_sora_jogakuin_school_idol_club_osanpo_nikki,42
sad_girl_sex_(vocaloid),42
gundam_card_game,42
tomodachi_life:_living_the_dream,42
threefold_recital,42
irem,41
beatmania_iidx_11_iidx_red,41
anime_tenchou,41
nurse_no_obenkyou,41
mojipittan,41
the_god_of_death,41
gals!,41
doki_doki_oyako_lesson,41
lost_passage,41
gadget_trial,41
clover_point,41
koyoi_mo_meshimase_alicetale,41
henshin!,41
toushou_daimos,41
pink_no_ayumi!,41
dokkoida,41
clover_(manga),41
witch_hunter_robin,41
ninpuu_sentai_hurricanger,41
chip_'n_dale_rescue_rangers,41
maruchan_(brand),41
reen_kadorer,41
yawara_a_fashionable_judo_girl,41
7up,41
the_king_of_fighters_ex2,41
the_rolling_stones,41
the_weaver_girl_and_the_cowherd,41
el_viento,41
walmart,41
alliance_of_the_golden_witch,41
change123,41
gundam_00f,41
iron_attack!,41
burning_force,41
tsugai_kogarashi_(vocaloid),41
marie_&_gali,41
hatsunetsumiko's,41
king_of_the_hill,41
haruka_na_sora,41
godzilla:_final_wars,41
el_chavo_del_ocho,41
detonator_orgun,41
arksign,41
castlevania:_harmony_of_despair,41
eroge!,41
mario_&_sonic_at_the_olympic_winter_games,41
appare!_tenka_gomen,41
sherlock_(bbc),41
okusan,41
namaiki!,41
erect!,41
guilty_crown_lost_christmas,41
zettai_ryouiki_sex_royale!!,41
flight_highschool,41
luigi's_mansion:_dark_moon,41
koiiro_marriage,41
kakusei_avenger,41
line_cookie_run,41
koto-channel,41
vine_(company),41
last_embryo,41
magika_no_kenshi_to_basileus,41
shinka_musume_channel,41
monster_girl_island,41
evanescence,41
tiger_mask_w,41
dars,41
hoshikoi_tinkle,41
twin_angel_break,41
sengoku_hanafuda_kassen,41
spider-man:_homecoming,41
earth_defense_force_5,41
yuusha_no_yabou,41
31_minutos,41
realive,41
hirohako,41
unnamed_memory,41
monster_company,41
nioh_2,41
oddloop,41
amissio,41
little_nightmares_ii,41
dust:_an_elysian_tail,41
zatsu_tabi,41
maid_kyouiku,41
gundam_battle_operation_code_fairy,41
dilemma_(vocaloid),41
future_eve_(vocaloid),41
neko_reset_(zutomayo),41
sonic_speed_simulator,41
lustful_desires,41
charade_maniacs,41
remember_the_flowers,41
zaiyuki,41
goth_boy_&_the_jock,41
h.live,41
transformers_(skybound),41
warioware:_move_it!,41
acro_trip,41
we_love_cold_war,41
round_one,41
inward_(itwasleo),41
uso_kara_hajimaru_koi_no_natsu,41
sefri_no_ichihara_ga_nigashite_kurenai,41
swedish_machines,41
sugarbunnies,40
yuuguu_settai,40
muv-luv_altered_fable,40
espgaluda,40
scarlett,40
kokoro_toshokan,40
take_moon,40
mr._bean_(series),40
new_getter_robo,40
princess_maker_2,40
quiz_nanairo_dreams,40
densetsu_no_yuusha_da-garn,40
in'youchuu_shoku,40
rg_veda,40
prince_of_persia,40
futuregraph,40
tokimeki_tonight,40
natsumi_step!,40
newgrounds,40
ima_soko_ni_iru_boku,40
m.e.m._yogosareta_junketsu,40
wonder_festival_2005,40
real_robot_regiment,40
ars_magna,40
net_ghost_pipopa,40
mesopota,40
the_sandman_(dc),40
mitos_y_leyendas,40
double_arts,40
toshiue_lesson,40
fuguriya,40
psycho-puzzle,40
columbo,40
sisters_(manga),40
last_episode_(fate),40
pocket_fighter,40
baroque_(series),40
taco_bell,40
new_super_mario_bros._wii,40
pokemon:_arceus_and_the_jewel_of_life,40
yu-gi-oh!_3d_bonds_beyond_time,40
kisaragi_gold_star,40
makai_tenshi_djibril_4,40
the_flintstones,40
yamiyo_ni_odore,40
fate/protoreplica,40
get_in_the_ring,40
imouto_no_katachi,40
galaxy_dungeon,40
the_unlimited:_hyoubu_kyousuke,40
analogue:_a_hate_story,40
sakamoto_desu_ga?,40
akuma_de_oshioki!,40
seiken_tsukai_no_world_break,40
three_little_pigs,40
yakimochi_stream,40
pokemon_world_championships_2014,40
fault,40
educational_broadcasting_system,40
fuuka,40
redman,40
balala_the_fairies,40
krita_(software),40
debris_(game),40
aria_the_avvenire,40
karmatron_y_los_transformables,40
chio-chan_no_tsuugakuro,40
netsuzou_trap,40
wakaba_girl,40
hatsuru_koto_naki_mirai_yori,40
91_days,40
tsuki_to_laika_to_nosferatu,40
shin_megami_tensei:_liberation_dx2,40
re:zero_kara_ayamatsu_isekai_seikatsu,40
asano_sisters_project,40
star_fox_2,40
yoshibari_aubade,40
gundam_tekketsu_no_orphans_urdr_hunt,40
revdol,40
girls_und_panzer:_atsumare!_minna_no_senshadou!!,40
streets_of_rage_4,40
hunting_era,40
amairo_chocolata,40
brave_new_world_(webtoon),40
kanojo_no_carrera,40
umayon,40
mahoroba_youjo_kitan,40
aisarenakute_mo_kimi_ga_iru_(vocaloid),40
player_(webtoon),40
ponkotsu_keisatsukan_wa_watashi_ni_muchuu,40
blanche_fleur,40
the_beginning_after_the_end,40
new_normal,40
sakugan,40
kagamine_rin/len_happy_14th_birthday,40
octopath_traveler:_champions_of_the_continent,40
love_delivery,40
fandeltales,40
kirby_30th_anniversary_music_festival,40
petronas,40
haruka_naru_enkei_sekai,40
zanki_(zutomayo),40
watashi_no_shiawase_na_kekkon,40
fengling_yuxiu,40
digimon_seekers,40
mousugu_natsuyasumi!_2,40
touhou_spell_carnival,40
star_wars:_unlimited,40
stellarversepro,40
glitch_productions,40
our_life:_now_and_forever,40
marvel_tokon:_fighting_souls,40
bunnimals,40
seven_colors_of_the_wind,39
natural_another_one_2nd_belladonna,39
memories_off#5,39
dodonpachi_daioujou,39
teenage_mutant_ninja_turtles_(2003),39
august_soft,39
licca-chan_(franchise),39
dual!_parallel_trouble_adventure,39
atelier_lilie,39
kodomo_no_omocha,39
gungrave,39
bloodrayne_(videogame),39
beatmania_iidx_8th_style,39
yuusha_exkaiser,39
super_marisa_world,39
new_super_mario_bros.,39
blood_alone,39
street_fighter_i,39
kaibutsu-kun,39
nurse_ni_omakase,39
decoration_disorder_disconnection,39
ecchi_na_bunny-san_wa_kirai?_2,39
the_king_of_fighters_'99,39
angelium,39
galaga,39
marble_bloomers,39
rui_wa_tomo_wo_yobu,39
devil_may_cry_(anime),39
tenchi_souzou,39
pokemon_tcg_gb,39
the_sky_crawlers,39
slayer_(band),39
kamen_rider_the_first,39
comiket_76,39
eastnewsound,39
onegai!_ranking,39
eden_they_were_only_two_on_the_planet,39
grandia_online,39
marasy,39
tensai_bakabon,39
tezuka's_star_system,39
super_elegant,39
angry_video_game_nerd,39
how_to_train_your_dragon_1,39
inception,39
the_iron_giant,39
pluto_(manga),39
disney_fairies_(movie_series),39
grand_theft_auto_iv,39
gaku_ou,39
gal_gun,39
apocalypse_now,39
cara_the_blood_lord,39
waguruma!,39
bakugan_gundalian_invaders,39
hanairo_heptagram,39
yobanashi_deceive_(vocaloid),39
suzuki-san,39
m.a.d_mafia_is_all_dead,39
ultraman_x_(series),39
five_nights_at_freddy's_3,39
crypt_of_the_necrodancer,39
mass_effect:_andromeda,39
tsuki_ga_kirei,39
mone-san_no_majime_sugiru_tsukiaikata,39
tamayomi,39
egao_no_riyuu,39
monogoi_no_succubus_oyako_o_mitsuketakara_ijimete_yaru_koto_ni_shita_ww,39
tsubaki-sama_wa_sakihokore_nai,39
ayakashi_kyoushuutan,39
x_holic_(series),39
kitsune_ga_boku_wo_matteiru,39
bukiyou_na_senpai,39
subverse,39
osananajimi_ga_zettai_ni_makenai_lovecome,39
her_shim_cheong,39
sex_and_dungeon,39
hosekisho_richard-shi_no_nazo_kantei,39
beware_the_ides_of_march,39
fate/extra_record,39
no_straight_roads,39
kingdom_hearts_dark_road,39
home_sweet_home_(game),39
ryuu_ga_gotoku_ishin!,39
kishibe_rohan_wa_ugokanai_(live_action),39
cloud_horizon,39
mario_+_rabbids_sparks_of_hope,39
kaii_shoukougun_3,39
chiguhagu_trick,39
cat_fantasy,39
treasure_island_(1988),39
koibito_ijou_no_koto_wo_kanojo_janai_kimi_to,39
kira_killer_(zutomayo),39
pokemon_infinite_fusion,39
metallic_rouge,39
paradigm_paradox,39
majo_wa_mangetsu_ni_saku,39
limited_life_smp,39
kyonyuu_fantasy_burst,39
magnum_opus_(mewniverse),39
blue_eye_samurai,39
doom:_the_dark_ages,39
lifesteal_smp,39
aru_majo_ga_shinu_made,39
static_(vocaloid),39
peak_(game),39
rizelmine,38
cage_in_lunatic_runagate,38
pokemon:_destiny_deoxys,38
r4:_ridge_racer_type_4,38
oshiete_re:maid,38
aikagi,38
mehime_no_toriko,38
juuni_senshi_bakuretsu_eto_ranger,38
p-model,38
green_green,38
ui-chan_no_niizuma_diary,38
romance_wa_tsurugi_no_kagayaki_2,38
halo_2,38
buriki_one,38
beetlejuice,38
perfect_hole,38
phantasy_star_i,38
jing_king_of_bandits,38
stretta,38
banquet_of_the_golden_witch,38
yoku_wakaru_gendai_mahou,38
comic_0ex,38
magical_taruruuto-kun,38
magical_nuko-lenlen_(vocaloid),38
chou-mukiryoku_sentai_japafive,38
fire_flower_(vocaloid),38
20th_century_boys,38
sasameki_koto,38
steamboat_willie,38
softenni,38
ryuu_ga_gotoku_2,38
marvel_super_heroes_vs._street_fighter,38
mouko_tanmen_nakamoto,38
shiori_series,38
the_path,38
hana_x_hana,38
mega_man_v,38
hi_hi_puffy_amiyumi,38
gakuen_handsome,38
national_geographic,38
deus_ex:_human_revolution,38
cure_girl,38
ama_no_jaku_(vocaloid),38
madou_king_granzort,38
bokujou_monogatari:_hajimari_no_daichi,38
phi_brain_puzzle_of_god,38
black_rock_shooter_arcana,38
monster_monster,38
magical_charming!,38
ningyo_numa,38
darwin's_game,38
katsute_mahou_shoujo_to_aku_wa_tekitai_shiteita,38
pinterest,38
inazuma_eleven_choujigen_dream_match,38
himegoto_union,38
dead_drive,38
saimin_class,38
the_great_gatsby,38
evenicle_(series),38
bird_type_girl_system,38
zhan_ji_tian_xia,38
fury_(movie),38
shinmai_maou_no_testament_burst,38
mononofu_~shirayuri_kassen_maihime~,38
ikinokore!_shachiku-chan,38
kimi_no_suizou_wo_tabetai,38
stupid_movie_sequels,38
sonic_lost_world,38
digimon_linkz,38
arpiel,38
mimikkoui,38
anata_ni_koi_suru_ren'ai_recette,38
tayutama_2,38
anotherxalice,38
re;lord_dai_san_shou,38
kimi_to_tsunagaru_koi_flag,38
khimera_destroy_all_monster_girls,38
god_eater_resonant_ops,38
momoiro_closet,38
deadpool_2,38
sword_world_2.5,38
chinchin_kemokemo,38
toyota_gazoo_racing,38
open_beta_(vtuber),38
hachiban_ramen,38
fragtime,38
shijou_saikyou_no_daimaou_murabito_a_ni_tensei_suru,38
super_mario_64_ds,38
the_king_of_fighters_for_girls,38
bitter_choco_decoration_(vocaloid),38
star_wars_jedi:_fallen_order,38
koi_wa_sekai_seifuku_no_ato_de,38
panilla_the_revival,38
mirolive,38
sabikui_bisco,38
inscryption,38
sayonara_eri,38
wazamonogatari,38
house_of_the_dragon,38
waka-chan_wa_kyou_mo_azatoi,38
cuadradito_y_circulito,38
guardians_of_the_galaxy_vol._3,38
chaser_game_w,38
kuu_ka_kuwareru_ka?,38
meconopsis_(ninomae_ina'nis),38
noa_talent,38
taihaiteki_jinsei_sanka_(utau),38
jing_wei_qing_shang,38
ore_wa_subete_wo_parry_suru,38
kawaihara_senpai_wa_kawaii_ga_suki!,38
boukyaku_battery,38
muryoku_seijo_to_munou_oujo,38
gwechul,38
daidaidaidaidaikirai,38
kamen_rider_zeztz_(series),38
partner,37
angelic_serenade,37
angelos_armas,37
gunbird,37
figu@mate,37
summon_night_swordcraft_story_2,37
akai_koudan_zillion,37
primitive_link,37
super_doll_licca-chan,37
nekokawaigari,37
the_x-files,37
exit_trance,37
school_project,37
navel_(company),37
fc_barcelona,37
tenshi_no_shippo,37
cho_aniki,37
rankou_kyoushitsu,37
aqua_teen_hunger_force,37
queen_emeraldas,37
his_master's_voice,37
the_shawshank_redemption,37
bugbug,37
gyakushuu_(series),37
dancing_blade,37
gakuen_saimin_reido,37
magical_arms_angel_nana,37
rosario+vampire_capu2,37
super_robot_wars_k,37
pause_(dhiea),37
diablo_2,37
gears_maiden,37
rage_comic,37
comic_masyo,37
castlevania:_circle_of_the_moon,37
isaku,37
koukou_tekken-den_tough,37
armored_core_4,37
gemini_(vocaloid),37
a-one,37
pixiv_no_sekai_no_kamen_rider,37
bioshock_2,37
avtechno!,37
gundam_f90,37
houkago_play_3,37
ultraman_80_(series),37
who_wants_to_be_a_millionaire,37
the_tortoise_and_the_hare,37
the_black_parade,37
der_untergang,37
graphig,37
akinator_(site),37
bakugan_new_vestroia,37
transformers:_dark_of_the_moon,37
uhou_renka,37
muv-luv_alternative_chronicles,37
dragon_ball_online,37
houjin_exaxxion,37
kamisama_no_inai_nichiyoubi,37
tokeijikake_no_ley_line,37
aku_no_hana,37
tenkyou_no_alderamin,37
sore_ga_seiyuu!,37
return_of_the_condor_heroes,37
endless_library,37
sex_teacher_tsuyoshi,37
kuneru_marta,37
girls_mode,37
the_walking_dead_(game),37
sonic_colors,37
shizuku_no_oto,37
legendz,37
pretty_x_cation_2,37
super_mario_maker,37
eiyuu_kyoushitsu,37
momodora:_reverie_under_the_moonlight,37
natsuiro_kokoro_log,37
living_with_hipstergirl_and_gamergirl,37
starmyu,37
urami_koi_koi_urami_koi.,37
underfell,37
advance_of_zeta_re-boot,37
kong:_skull_island,37
ace_virgin,37
villainous,37
seizei_ganbare!_mahou_shoujo_kurumi,37
maho_x_roba_-witches_spiritual_home-,37
yorite_konoha_wa_kurenai_ni,37
ultraman_cosmos_(series),37
puchiguru_love_live!,37
hataraku_otona_no_ren'ai_jijou_2,37
wakaba_iro_no_quartet,37
natsu_e_no_tunnel_sayonara_no_deguchi,37
sotsugyou_ii:_neo_generation,37
gacha_life,37
boku_no_tsuma_wa_kanjou_ga_nai,37
coffee_talk,37
cottage_project,37
lady_and_the_papyrus,37
cute_honey,37
sakura_succubus,37
sex_open_world_e_youkoso!,37
gundam_breaker_battlogue,37
role_player:_okayu_shimai_no_nenmaku_potrait_-_gurigucha_live!,37
kometa_virtual_live,37
kamen_rider_black_sun_(series),37
mizudako-chan_kara_wa_nigerarenai!,37
mannequin_(vocaloid),37
providence_project,37
xia_lan,37
akuyaku_reijou_level_99:_watashi_wa_ura-boss_desu_ga_maou_dewa_arimasen,37
lie_huo_jiao_chou,37
devil_janai_mon_(vocaloid),37
nmixx,37
rrr_(movie),37
sweet_clown,37
lackadaisy,37
neoki_yashi_no_ki_(vocaloid),37
digimon_adventure_02:_the_beginning,37
star_lusts,37
kakunaru_ue_wa,37
xg_(group),37
saimin_seishidou_-secret_lesson-,37
3am,37
kamitsubaki_city_ensemble,37
kiss_of_life,37
white_letter,37
love_sickubus,37
kingdom_come:_deliverance_ii,37
high_school_simulator_2018,37
r.e.p.o.,37
today's_han_yoil_is_a_woman,37
dragon_knight_4,36
seraphim_call,36
plastic_little,36
dyogrammaton,36
atelier_judie,36
bara_no_maria,36
seisenshi_dunbine:_new_story_of_aura_battler_dunbine,36
di_gi_charat_nyo!,36
shakugan_no_shana-tan,36
guns_n'_roses,36
mahou_shoujo_tai_arusu,36
lens_no_mukougawa,36
da_capo_second_season,36
majokko_a_la_mode_2,36
triangle_heart_3_lyrical_toy_box,36
king_crimson,36
duel_dolls,36
hudson,36
escalation,36
mechiku,36
zwei!!,36
sakaagari_hurricane,36
castle_crashers,36
fushigi_na_merumo,36
mai_dog_love_2,36
the_very_hungry_caterpillar,36
bionic_commando,36
stop!!_hibari-kun!,36
shining_force_i,36
regret_message_(vocaloid),36
eve_no_jikan,36
the_persistence_of_memory,36
cavalier_of_the_abyss,36
sennen_joyuu,36
gelbooru,36
sakura_no_ame_(vocaloid),36
hasegawa_(hobby_kits),36
juu_mensou_(vocaloid),36
gekisou_sentai_carranger,36
poker_face_(vocaloid),36
kourin_no_machi_lavender_no_shoujo,36
tokurei_sochi_dantai_stella_jogakuin_c3_bu,36
pizza-la,36
shibayanrecords,36
maou_no_kuse_ni_namaiki_da!,36
mahou_shoujo_madoka_magica_portable,36
butterfly_cat,36
oresama_teacher,36
kimi_e_okuru_sora_no_hana,36
pixiv_genealogy_of_life,36
kyoudai_no_jouji_jijou_2,36
lord_of_knights,36
toushin_toshi_girls_gift,36
cocoro@function!,36
kiss_ato_kiss_will_change_my_relation_with_you,36
pokini_kagura,36
need_for_speed:_most_wanted_(2005),36
bahamut_greed,36
road_to_dragons,36
death_grips,36
weekly_shounen_jump,36
angelic_pretty,36
risubokkuri,36
bonnou-chan,36
yome_sagashi_ga_hakadori_sugite_yabai.,36
stayblack,36
sunflowers_(van_gogh),36
seirei_fantasia,36
transformers:_the_last_knight,36
dragon_gal,36
oroka_na_tenshi_wa_akuma_to_odoru,36
tsukiuta,36
youkai_watch:_punipuni,36
pure_song_garden!,36
roskomnadzor,36
shougun-sama_wa_otoshigoro,36
knights_chronicle,36
mahou_shoujo_ore,36
project_tokyo_dolls,36
koujo_denka_no_katei_kyoushi,36
new_super_mario_bros._u,36
pictoria,36
unison_league,36
shiboritoranaide_onna_shounin-san,36
alive_musix,36
mahoroba,36
pokemon_quest,36
tearmoon_teikoku_monogatari,36
akuyaku_reijou_nano_de_last_boss_wo_kattemimashita,36
appare-ranman!,36
subnautica,36
onlyfans,36
blasphemous,36
eden_fantasia,36
30_minutes_missions,36
anima_gear,36
the_god_of_high_school,36
bakuten_shoot_beyblade_rising,36
assassin's_creed:_valhalla,36
pico_(newgrounds_series),36
scarlet_police,36
figure_story,36
fairy_ranmaru:anata_no_kokoro_otasuke_shimasu,36
sugar_conflict,36
joukitoshi_no_tanteishoujou,36
chotto_ippai!,36
neko_to_wakai_seyo!,36
itoko_no_ko,36
what_in_hell_is_bad,36
exoprimal,36
wrath_of_man,36
gensokyo_odyssey,36
harvestella,36
sakimiya_senpai_no_kyujitsu,36
oppenheimer_(movie),36
kiehl's,36
persona_5_tactica,36
vebop_project,36
snow_man_(jpop),36
happy99_(virus),36
bartimaeus_(series),36
morimens,36
honey_trap_shared_house,36
nikubami_honegishimi,36
atlyss,36
magical_miracle_metagalphose_(synthesizer_v),36
bleach:_memories_of_nobody,35
bistro_cupid_2,35
mugen_no_ryvius,35
jokei_kazoku,35
mizukabe,35
atelier_iris_eternal_mana,35
true_blue,35
tv_tokyo,35
sakura_machizaka_stories,35
blue_dragon_ral_omega_grad,35
shinobi_(ps2),35
magical_canan,35
gitadora,35
nekogami_yaoyorozu,35
lost_planet,35
kimi_ga_yobu_megiddo_no_oka_de,35
ninja_hattori-kun,35
ginban_kaleidoscope,35
viper_gt1,35
ayumarine_707r,35
pokemon_pocket_monsters,35
monty_python's_flying_circus,35
rideback,35
marginal_skip,35
innocent_key,35
mahou_tsukai_kurohime,35
succubus_quest,35
led_zeppelin,35
hot_wheels,35
pixiv_gakuen,35
guild_wars_1,35
dodonpachi_daifukkatsu,35
tensou_sentai_goseiger,35
campanella_(vocaloid),35
puzzle_(vocaloid),35
new_kamen_rider,35
baoh_raihousha,35
luka_luka_night_fever_(vocaloid),35
unico,35
rinne_(vocaloid),35
dansai_bunri_no_crime_edge,35
nobunaga_no_shinobi,35
prometheus_(movie),35
hagure_yuusha_no_estetica,35
my_doll_house,35
conception:_ore_no_kodomo_wo_undekure!,35
weathernews,35
rose_guns_days,35
miami_heat,35
chaban_capriccio_(vocaloid),35
kissbell,35
daisenran!!_sangokushi_battle,35
dragon_quest_monsters:_terry's_wonderland,35
wooser_no_sono_higurashi,35
mf_bunko,35
yuukei_yesterday_(vocaloid),35
baby_steps,35
national_hockey_league,35
park_ssi-yu_daegi,35
green_day,35
guardian_cross,35
peropero_saimin,35
sangoku_hime_3,35
nukidoki!,35
transformers:_age_of_extinction,35
x-men:_days_of_future_past,35
tribe_cool_crew,35
gundam_breaker,35
riverbed_soul_saver,35
isekai_meikyuu_no_saishinbu_wo_mezasou,35
americano_exodus,35
internet_positif,35
color_bullets,35
ane_yome_concerto,35
kenja_no_mago,35
venus_blood_-frontier-,35
touhou_igyoukyo,35
mean_girls,35
yurudorashiru,35
omega_labyrinth,35
ameku_takao_no_suiri_karte,35
mysims,35
mahou_shoujo_ikusei_keikaku_queens,35
soushin_shoujo_matoi,35
yoru_no_nai_kuni_2,35
percy_jackson_and_the_olympians,35
dragon_quest_heroes_ii,35
"isekai_izakaya_""nobu""",35
pawoo,35
kagaku_na_yatsura,35
infinite_stratos:_archetype_breaker,35
lovely_aina-chan,35
sing_(movie),35
koisuru_ojou-sama_wa_papa_to_yobitakunai,35
death_battle,35
youkai_watch_shadowside,35
"s-rank_monster_no_""behemoth""_dakedo_neko_to_machigawarete_elf_musume_no_pet_toshite_kurashitemasu",35
transformers_cyberverse,35
futanari_no_elf,35
mahou_shoujo_tokushusen_asuka,35
crystar,35
cheat_kusushi_no_slow_life,35
kyochuu_rettou,35
mao_(takahashi_rumiko),35
447_records,35
boukensha_ni_naritai_to_miyako_ni_deteitta_musume_ga_s_rank_ni_natteta,35
the_casagrandes,35
isekai_ni_tobasaretara_papa_ni_nattandaga,35
dragon_raja_(jiang_nan),35
mist_sequence,35
mama_x_holic,35
mounten,35
the_otachan_show,35
maha5japan,35
stranger_of_paradise:_final_fantasy_origin,35
tashiro-kun_kimi-tte_yatsu_wa,35
yolang_and_yolang,35
tou_xing_jiuyue_tian,35
multiversus,35
kenzen_kanojo_uruka-chan,35
idol_x_idol_story!,35
bishoujo_mangekyou_ibun:_yuki_onna,35
toki_production,35
loveit?_(biz),35
kono_ko_shirimasenka?,35
zelmoni,35
no_salvation,35
hajimeru_sekai_no_risouron,35
oshite_dame_nara_oshitemiro!,35
choujun!_choujou_senpai,35
tsue_to_tsurugi_no_wistoria,35
sensei_to_mondaiji?_no_yuri,35
a_rank_party_wo_ridatsu_shita_ore_wa_moto_oshiego-tachi_to_meikyuu_shinbu_wo_mezasu,35
plants_vs._zombies_2_(chinese),35
disventure_camp,35
silver_palace,35
lavender_quartz:_kyoukai_hyoudou,35
lost_(sound_horizon),34
hitoyume,34
nijiura,34
hitohira,34
patalliro!,34
super_robot_wars_f,34
presence,34
archaic_sealed_heat,34
atelier_iris_grand_phantasm,34
before_crisis_final_fantasy_vii,34
reimu_no_yari,34
mega_man_star_force_2,34
shin_ringetsu,34
megami_kouhosei,34
tear_ring_saga:_berwick_saga,34
sister_quest,34
nanako_kaitai_shinsho,34
texhnolyze,34
hoshi_no_suna_monogatari_3,34
wandaba_style,34
grim_tales_from_down_below,34
megas_xlr,34
otaku_no_video,34
dark_chronicle,34
cross_world,34
mario_bros.,34
sister_mermaid,34
taisen_hot_gimmick_4ever,34
ibm,34
+anima,34
shin_megami_tensei_devil_children,34
zwei_2,34
duel_love,34
gohoushi_princess,34
professor_layton_and_the_unwound_future,34
guitar_hero,34
tengirl,34
marsworth,34
gundam_wing_dual_story:_g-unit,34
planet_of_the_apes,34
comic_purumelo,34
zettai_muteki_raijin-oo,34
adobe,34
marine_benefit,34
77:_and_the_two_stars_meet_again,34
gatorade,34
wander_last_(vocaloid),34
tapestry_-you_will_meet_yourself-,34
mario_kart_64,34
asian_kung-fu_generation,34
sonic_battle,34
batman_beyond,34
kyojin_no_hoshi,34
yumeiro_patissiere,34
gremlins_(movie),34
evil_dead,34
ribon_(shueisha),34
utsuro_no_hako_to_zero_no_maria,34
fantasia_(disney),34
super_mario_kart,34
peace_hame,34
dunkin'_donuts,34
ske48,34
gobots,34
with_ribbon,34
sekai_seifuku_kanojo,34
kusare_gedou_to_chokorewito_(vocaloid),34
power_pro_kun_pocket_13,34
moon_(love-de-lic),34
saints_row:_the_third,34
envy_cat_walk_(vocaloid),34
ubunchu!,34
limbo_(game),34
sekai_de_ichiban_tsuyoku_naritai!,34
black_torch,34
gakuen_taima,34
comic_juicy,34
ktm_ag,34
otome_riron_to_sono_shuuhen:_ecole_de_paris,34
the_girl_and_the_robot,34
innocent_bullet,34
maou_no_hajimekata,34
darashinai_imouto_ni_itazura_shitemita,34
kurama-chan_ni_guitte_shitara_pisha_tte_sareta,34
guilty_gear_vastedge_xt,34
otome_switch,34
monster_hunter_4_g,34
natsu_no_iro_no_nostalgia,34
to_love-ru_darkness_2nd,34
sakurako-san_no_ashimoto_ni_wa_shitai_ga_umatteiru,34
costco,34
subete_ga_f_ni_naru,34
alicemare,34
batman:_arkham_knight,34
gundam_cafe,34
lazy_dungeon_master,34
tachiagare!_orc-san,34
machigatta_ko_wo_mahou_shoujo_ni_shite_shimatta,34
oniisama_e...,34
mahou_shoujo_madoka_magica:_concept_movie,34
yondome_wa_iya_na_shizokusei_majutsushi,34
karakuri_shoujo,34
komeda's_coffee,34
baka_dakedo_chinchin_shaburu_no_dake_wa_jouzu_na_chii-chan,34
gal_to_otaku_wa_wakari_aenai.,34
bokujou_monogatari:_mineral_town_no_nakama_tachi,34
moonlight_blade,34
1-nichi_gaishutsuroku_hanchou,34
yuusha_to_maou_to_majo_no_cafe,34
tensei_kizoku_no_isekai_boukenroku,34
puyopuyo_chronicle,34
byoushin_wo_kamu_(zutomayo),34
vivid_army,34
toshoshitsu_no_kanojo,34
lancer_rpg,34
great_mechanics_g,34
senkou_no_clarias,34
unreal_night_girls,34
wixoss_diva(a)live,34
nihon_e_youkoso_elf-san.,34
call_of_duty:_black_ops_cold_war,34
barbie_as_the_princess_and_the_pauper,34
buisen,34
mira_(cevio),34
trash_taste,34
imooka,34
reiwa_no_di_gi_charat,34
wu_dong_qian_kun,34
orient_arcadia,34
ireisu,34
wild/card,34
xy_production,34
negaresurrection,34
the_secret_of_my_next_classmate,34
battle_for_dream_island,34
nichijou_kamoshirenai,34
geoguessr,34
kimi_wa_houkago_insomnia,34
fake_type,34
sugar_rush_(hololive),34
shinkiro_(hololive),34
machidake,34
seraphim_slum,34
pokemon_pokopia,34
hakaba_kitarou,33
kamichama_karin,33
asagiri_no_miko,33
princess_holiday,33
k-books,33
ghost_hound,33
gedo_senki,33
albatrosicks,33
blood_the_last_vampire,33
shuusaku,33
sukumizu_2,33
watashi_ni_konya_ai_ni_kite_2,33
densetsu_no_stafy,33
matrimelee,33
mine_fukaki_se_ni_tayutau_uta,33
fairchild,33
mario_strikers_charged,33
gotcha_force,33
lustful_berry,33
ubel_blatt,33
gulliver's_travels,33
tsundero,33
the_joy_of_painting,33
akai_ibara,33
hey_arnold!,33
powerpuff_girls_doujinshi,33
lipton,33
battle_moon_wars,33
mahou_tsukai_sally,33
himitsu_sentai_gorenger,33
for_the_barrel,33
mameshiba_(series),33
serafuku_to_juusensha,33
bitch_hime,33
legend_of_the_five_rings,33
martial_champion,33
live_on_cardliver_kakeru,33
arabian_nights,33
metal_slug_3,33
legaia_densetsu,33
uchuu_no_senshi,33
ntt_docomo,33
onegai_fukukan_sama,33
avatar_(2009_movie),33
goof_troop,33
princess_party,33
inshitsu_otaku_ni_ikareru_imouto_(kanojo),33
r-15_(series),33
stardust_crusaders_(ova),33
salon_pixiv,33
chowder_(series),33
big_bang_beat,33
comic_sigma,33
die_hard,33
sonic_advance_(series),33
ai_kotoba_(vocaloid),33
the_punisher_(series),33
love_plus_plus,33
battle_spirits:_brave,33
urashima_tarou_(fairy_tale),33
dr._strangelove,33
finding_nemo,33
angel_notes,33
yumekui_shirokuro_baku_(vocaloid),33
coraline,33
rainybluebell,33
tales_of_innocence_r,33
armored_core:_verdict_day,33
tokyo_teddy_bear_(vocaloid),33
ixion_saga_dt,33
clock_zero,33
mahou_shoujo_taisen_contest_2,33
moriah_saga,33
medal_of_honor,33
ma-ko_hunter,33
kousoku_kidou_avatar_drive,33
kaguya-hime_no_monogatari,33
aka-san_to_kyuuketsuki,33
kaizoku_ookoku_koronbusu,33
medarot_8,33
tsuki_ni_yorisou_otome_no_sahou_2,33
love_sweets,33
ftl:_faster_than_light,33
only_sense_online,33
golden_state_warriors,33
hercequary,33
houkago_saikoro_club,33
heion_sedai_no_idaten-tachi,33
okochama_sensou_(vocaloid),33
ochite_iku_niizuma,33
for_dummies,33
shuriken_sentai_ninninger,33
mahou_no_tame_no_shoujo_club,33
beatmania_iidx_23_copula,33
sakura_swim_club,33
haribo,33
gokuto_jihen,33
battleborn,33
meikou_gijuku,33
lily_love,33
pandaclip:_the_black_thief,33
hotline_miami_2:_wrong_number,33
crystalline,33
ningyou_no_kuni,33
tonari_no_princess_rolfee,33
snail's_house,33
syanago_collection,33
it's_always_sunny_in_philadelphia,33
otosareta_bishimai,33
wikihow,33
navy_field_152,33
yakusoku_no_natsu_mahoroba_no_yume,33
chikyuugai_shounen_shoujo,33
chokokeki_6_shimai,33
aibeya,33
sword_art_online:_alicization_lycoris,33
mf_ghost,33
mangetsu_coffee_ten,33
isekai_sakaba_no_sextet,33
biggym,33
yuukyuu_no_campanella,33
gyakuten_sekai_no_denchi_shoujo,33
dorei_himekishi_to_dorei_jijo_to_no_slow_life,33
soul_tide,33
visions_(pixiv),33
rainbow-colored_septentrion,33
toriko_no_shizuku_~natsu_no_gouka_kyakusen_de_kegasareru_otome-tachi~,33
the_girls_of_armament,33
hakozume:_kouban_joshi_no_gyakushuu,33
buster_dress,33
yuan_zun,33
himuro_no_tenchi,33
crystania,33
star_animals,33
ego_rock_(vocaloid),33
twokinds,33
sword_art_online_variant_showdown,33
issen_kounen_(vocaloid),33
taishou_x_alice,33
susume!_ashitabara_gakuen,33
sexy_mystic_survivors,33
kaminaki_sekai_no_kamisama_katsudou,33
idol_showdown,33
the_two-thousand_yard_stare,33
meika-san_wa_oshikorosenai,33
famiresu_wo_kyouju_seyo,33
rusty_lake,33
kororon_(song),33
futago_matomete_kanojo_ni_shinai?,33
orokamonogatari,33
legendary_sword,33
nikki_up2u,33
i_prefer_girls,33
nyantasia,33
the_fantastic_four:_first_steps,33
shoujo_no_nozomanu_eiyuutan,33
norwell_college,33
eguchi-san_chi_no_junjou_succubus,33
majigawa,33
kurono-san_wa_occult_ga_suki!,33
one_piece_straw_hat_space,33
chasing_kaleidorider,33
hentaiukr,33
shishunki,32
shion_no_ou,32
amatsuki,32
junjou_romantica,32
niizuma_wa_serafuku,32
shirogane_no_soleil,32
air_master,32
bible_black_gaiden,32
shiru_daku_settai,32
chikan_sen'you_sharyou,32
maid_in_oshigoto,32
megastore,32
houkago_no_senpai,32
haitoku_no_gakuen,32
mmr_magazine_mystery_chousa_han,32
dungeon_maker,32
madlax,32
tamatama,32
heroes_of_might_and_magic,32
only_human,32
sing&smile_(vocaloid),32
mirai_shounen_conan,32
savage_reign,32
daicon_iii,32
tatarigoroshi-hen,32
burn-up_w,32
mach_go_go_go,32
bubble_bobble,32
mega_man_maverick_hunter_x,32
death_by_degrees,32
nenaiko_dare_da,32
tabgraphics,32
temptation_naked,32
yuusha_mushoku,32
pixiv_forest,32
ixel's_prescription,32
gangbang_online,32
bubblegum_crisis_2040,32
stranger_mukou_hadan,32
otenki_studio,32
nekogurui_minako-san,32
shin_kamen_rider_prologue,32
paradichlorobenzene_(vocaloid),32
killer7,32
getter_robo_go,32
mos_burger,32
twilight_of_the_golden_witch,32
godzilla_vs._spacegodzilla,32
silent_hill:_homecoming,32
godzilla_against_mechagodzilla,32
pokemon:_zoroark:_master_of_illusions,32
mega_man_&_bass,32
mazinkaiser_skl,32
digital_monster_x-evolution,32
technictix,32
gregory_horror_show,32
akai_katana,32
coraline_(movie),32
saga_1,32
cross_regalia,32
fantastic_danmaku_festival,32
kimi_to_issho_ni,32
hikounin_sentai_akibaranger,32
kara_no_shoujo_2,32
asha_in_monster_world,32
ultraman:_towards_the_future,32
zorro,32
witch's_garden,32
metropolis,32
egoist,32
virtua_fighter_5:_final_showdown,32
ren'ai_shimasen_ka?,32
twin_milf,32
fuuraiki_(series),32
denshi_yuugi_mokushiroku,32
risk_of_rain_(series),32
makai_gakuen_catastrophe,32
choujijigen_game_neptune_re;birth_2,32
nyan_cafe_macchiato,32
alvin_and_the_chipmunks,32
wizard_barristers:_benmashi_cecil,32
the_saga_of_larten_crepsley,32
lilium_x_triangle,32
sonic_the_hedgehog_1,32
ano_ko_wa_chuunibyou_tenshi!!,32
sensei!_tsugi_wa_battle_no_jikan_desu.,32
granatha_eternal,32
saint_seiya:_soul_of_gold,32
shooting_girl,32
aristear_remain,32
kenkyo_kenjitsu_wo_motto_ni_ikite_orimasu,32
siivagunner,32
lieat,32
majo_to_hyakkihei_2,32
atelier_questboard,32
total_war:_warhammer,32
jidouhanbaiki_ni_umarekawatta_ore_wa_meikyuu_wo_samayou,32
death_end_re;quest,32
detention_(game),32
drift_girls,32
kardia_tou_abel,32
kurokishi_to_shiro_no_maou,32
maou_toubatsu_shita_ato_medachitakunai_node_guild_master_ni_natta,32
boku_to_nurse_no_kenshuu_nisshi,32
mahou_shoujo_tiatia_channel,32
maou_no_hajimekata_(dmm),32
bosei_kanojo_-shikyuu_kikan-hen-,32
overidea,32
veemusic,32
madan_no_ou_to_michelia,32
borderlands_3,32
kokubyaku_no_avesta,32
go_to_kozukuri,32
tsuihousha_shokudou_e_youkoso!,32
arcana_tactics,32
kirakira_monstars,32
haikei..._koroshiya-san_to_kekkon_shimashita,32
offlinetv,32
heart_challenger,32
dc_super_hero_girls,32
maou_2099,32
kami_wa_game_ni_ueteiru,32
horizon_forbidden_west,32
drapri_guu-ta-life_2,32
megamind_(movie),32
hoshi_no_otome_to_rikka_no_shimai,32
under_the_greenlight,32
morbius_(movie),32
chimera_(vocaloid),32
ongezellig,32
xiyangyang_yu_huitailang,32
majo_to_yajuu,32
condorito,32
chou_eshi_ten_~if_no_gakkyoku_sekai_ten~,32
utahime_dream,32
damn_reincarnation,32
pajamy_(vocaloid),32
girls_zombie_party,32
my_mom_and_sister_are_size_queen_sluts,32
produce_101_japan:_the_girls,32
akage_(vocaloid),32
ai_limit,32
kono_kaisha_ni_suki_na_hito_ga_imasu,32
koi_q!,31
kishou_seireiki,31
eastern_and_little_nature_deity,31
soushisouai_note,31
yoru_ga_kuru!,31
the_war_of_genesis_iii,31
anata_no_shiranai_kangofu,31
rozen_maiden_traumend,31
osananajimi_to_ama~ku_ecchi_ni_sugosu_houhou,31
l'amour_de_pierrot,31
tokyo_akazukin,31
onikakushi-hen,31
newmanoid,31
futakoi_alternative,31
kozure_ookami,31
seiai_gakuen_fechi_ka,31
zwei_worter,31
short_cuts,31
peridot_(manga),31
tokimeki_memorial_only_love,31
dead_or_alive_4,31
illusion_soft,31
vampirdzhija_vjedogonia,31
ayanami_raising_project,31
kichikuou_rance,31
hanaukyou_maid_tai,31
sexy_beach,31
cow_&_chicken,31
legend_of_lemnear,31
tonde_buurin,31
ueki_no_housoku,31
tokyo_lover,31
new_mutants,31
fermion,31
aleste,31
eureka_seven:_pocket_ga_niji_de_ippai,31
dungeon_crusaderz,31
deviantart,31
chinpui,31
jackie_chan_adventures,31
twilight_(series),31
nine_inch_nails,31
final_fantasy_crystal_chronicles:_ring_of_fates,31
my_lovely_lover,31
shenmue_i,31
anti_the_infinite_holic_(vocaloid),31
aki_sora,31
kamen_rider_j_(movie),31
shuujin/kami_hikouki_(vocaloid),31
daiuchuu_no_hokori,31
maruman_(brand),31
hikari_no_4_senshi,31
godzilla_vs._mechagodzilla,31
sonic_the_hedgehog_2,31
power_pro_kun_pocket_10,31
hardcore_syndrome,31
armored_core_3,31
ren_&_stimpy,31
battle_angel_alita:_last_order,31
calc._(vocaloid),31
mad_catz,31
memories_off_yubikiri_no_kioku,31
power_dolls,31
sakura_bitmap,31
minami-kamakura_koukou_joshi_jitensha-bu,31
saving_private_ryan,31
kaeru_no_tame_ni_kane_wa_naru,31
godzilla_vs._megalon_(1973),31
taiyou_no_promia,31
chii-chan_kaihatsu_nikki,31
nejimaki_kagyuu,31
strawberry_nauts,31
boku_to_kanojo_ni_furu_yoru,31
touhou_sky_arena,31
poe_no_ichizoku,31
transformers:_fall_of_cybertron,31
max_anarchy,31
lewdness,31
kirby's_star_stacker,31
house_of_the_dead,31
mahou_sensou,31
dragon_maker,31
metal_gear_solid_v:_ground_zeroes,31
wagaya_no_liliana-san,31
sd_command_chronicles,31
inferno_cop,31
saikin_imouto_no_yousuga_chotto_okashiindaga,31
mahou_chuunen_ojimajo_5,31
magical_marriage_lunatics!!,31
killer_instinct_(2013),31
nchans,31
anime_revolution,31
girlcam_(tanto),31
semiramis_no_tenbin,31
soushuu_senshinkan_gakuen_hachimyoujin,31
kakuriyo_no_mon,31
pan_de_peace!,31
henjo_~hen_na_joshi_kousei_amaguri_senko~,31
imouto_no_seiiki,31
magia_break,31
christian_mythology,31
live2d_inc.,31
2bro.,31
kiwami-highlow,31
yume_utsutsu_quintet,31
okusama_ga_seito_kaichou!,31
saint_seiya:_legend_of_sanctuary,31
oizumi,31
tokyo_tenma,31
tensei_kyuuketsuki_san_wa_ohirune_ga_shitai,31
black_desert_online,31
dungeon_of_regalias,31
omokage_~ecchi_na_happening!?_nandemo_dontokoi!~,31
xcom_2,31
pokemon_the_movie:_volcanion_and_the_mechanical_marvel,31
gakkou_no_seiiki,31
rikka_koukou_marching_band_e_youkoso,31
chip-chan_kick!,31
layton's_mystery_journey,31
pusheen_the_cat_(series),31
chimame_chronicle,31
hortensia_saga,31
hungry_days,31
battlerite,31
zoids_wild,31
2018_winter_olympics,31
pizza_thot,31
tales_of_crestoria,31
araburu_kisetsu_no_otome-domo_yo.,31
date_crush_stories,31
maou-sama_retry!,31
onna_kishi_to_kemonomimi_no_ko,31
siscon_ani_to_brocon_imouto_ga_shoujiki_ni_nattara,31
white_rabbit_candy,31
solwa,31
xenosexual,31
gundam_burai,31
mofusand,31
back_arrow,31
villain_(vocaloid),31
faith_(game),31
bareteru!_cocktail_knights,31
tsui_no_stella,31
haishin,31
mobil1,31
dune_(2021_movie),31
parasite_(vocaloid),31
kowloon_generic_romance,31
houkago_sai_tensei!,31
nunholy,31
2022_winter_olympics,31
mario_strikers:_battle_league,31
starsector,31
ai_kotoba_iv_(vocaloid),31
oushitsu_kyoushi_heine,31
journey_to_the_west_(1986_tv_series),31
ano_yo_iki_no_bus_ni_notte_saraba,31
let's_go_kaikigumi,31
hoshoku_club,31
sora_wo_matotte,31
fujimaru_ritsuka_wa_wakaranai,31
babel_(utau),31
pseudoregalia,31
ananta,31
seifuku_kanojo,31
ryuu_ga_gotoku_7_gaiden,31
high_school_dxd_operation_paradise_infinity,31
jibaro_(love_death_+_robots),31
shutokou_battle,31
euro_2024,31
zhandou_wang_zhi_jufeng_zhan_hun,31
mixstgirls,31
tonari_no_neko_to_koi_shirazu,31
dorobou-chan,31
regretevator,31
elf_comic,31
rule_(ado),31
sakura_ignoramus,31
12tailsonline,31
absolute_wonder_woman,31
odyssey_(hololive_english),31
lemon_melon_cookie_(vocaloid),31
arafoo_otoko_no_isekai_tsuuhan_seikatsu,31
glitch_stars,31
super_robot_wars_y,31
sakura_cupid,31
kizetsu_yuusha_to_ansatsu_hime,31
laugh_diamond,31
todo_no_tsumari_no_uchoten,31
partyhumans,31
tenchi_muyou!_gxp,30
gothic_lolita_(chocolate_shop),30
panzer_dragoon_orta,30
temptation_2,30
samurai_7,30
yakushiji_ryouko_no_kaiki_jikenbo,30
underbar_summer,30
sore_wa_maichiru_sakura_no_you_ni,30
hitozuma_kasumi-san,30
raspberry_(game),30
may_queen,30
muchi_muchi_pork,30
fantastic_children,30
growlanser_ii,30
firepower,30
dead_or_alive_2,30
yawaraka_sensha,30
ayakashibito,30
outlanders,30
purely_(game),30
shadow_lady,30
emperor's_new_clothes,30
momoka_corner,30
saikyou_densetsu_kurosawa,30
spider-man_3,30
monsterhentai,30
yubisaki_milk_tea,30
kawarazakike_no_ichizoku,30
jungle_taitei,30
glass_no_kamen,30
taiyou_sentai_sun_vulcan,30
battlefield_1942,30
volume7,30
castlevania:_curse_of_darkness,30
chikyuu_boei_kigyou_dai-guard,30
ruby_gloom,30
einhander,30
eat-man,30
misfits,30
bikyaku_seido_kaichou_ai,30
gogo_sentai_boukenger,30
yuusha_shisu.,30
mahou_no_idol_pastel_yumi,30
foxfactory,30
hikuushi_series,30
tengaku_(vocaloid),30
yamada-san_wa_tottemo_baka_nan_desu,30
madura_no_tsubasa,30
requiem_for_the_phantom,30
"samfree_(""night""_songs)",30
code_lyoko,30
godzilla:_tokyo_s.o.s.,30
sengoku_basara_3,30
mary_poppins,30
b-gata_h-kei,30
knite,30
infamous,30
madou_monogatari_ars,30
grand_knights_history,30
assault_suits_series,30
teppu,30
sonic_the_comic,30
bambi_(movie),30
sukumizu_tabehoudai,30
juniper's_knot,30
arachnid_(series),30
witoru,30
big_order,30
hanamakura,30
momohime_ryouran!_sengoku_asuka,30
the_avengers:_earth's_mightiest_heroes!,30
nobunaga_the_fool,30
jorge_joestar,30
saimin_enbu,30
tentacles_tactics,30
jikuu_no_umi_no_historica,30
daitai_konnan_de?,30
meitantei_marnie,30
dokodemo_dungeon,30
taimanin_yukikaze_2,30
mission:_impossible,30
mofumofu_time!,30
bobanon,30
d1_grand_prix,30
miagete_goran_yozora_no_hoshi_wo,30
ipass_(yi_ka_tong),30
spooky's_house_of_jump_scares,30
kaitori_oukoku,30
29_to_jk,30
starly_girls,30
sangoku_hime_4,30
star_wars:_the_rise_of_skywalker,30
hoshino_me_wo_tsubutte.,30
ponkotsu_musume_no_nichijou,30
mudan_tensai_wa_yurushimasen!,30
soul_reverse_zero,30
metem_puella,30
yami_to_hikari_no_sanctuary,30
quiz_quest,30
mighty_gunvolt,30
kanahei_no_shoudoubutsu,30
haru_nee_to_no_dousei_shuumatsu,30
lisa_the_painful,30
ramia-yana,30
hoshimeguri_gakuen,30
yurameku_kokoro_ni_michita_sekai_de_kimi_no_yume_to_yokubou_wa_kanau_ka,30
orenchi_no_furo_jijou,30
sangoku_taisen_smash!,30
sistart!,30
whatsapp,30
the_dragon_prince,30
zanki_zero,30
circlet_princess,30
minikui_mojika_no_ko,30
housekishou_no_maid,30
tales_runner,30
gundam_exa_vs,30
muchimuchi_dakara_mukumuku_shita_~osananajimi_to_no_sugoshikata~,30
heal_&_squeeze,30
weezer_(blue_album),30
saimin_douga_de_nama_iki_nama_omo_ga_nama_iki_suru_namahousou_~jitaku,30
infinite_fleet,30
doro_no_bunzai_de_watashi_dake_no_taisetsu_wo_ubaou_da_nante,30
touhakuden,30
reijou_kanritou_~seifuku_shoujo-tachi_no_sakunyuu_reizokuki~,30
jk_imouto.,30
sequel_awake,30
parallel_akiba_gakuen,30
monero,30
sparks_(takanashi_kiara),30
vrecord,30
oneyplays,30
gundam_combat,30
gehenna_(vocaloid),30
nintendo_switch_sports,30
noita,30
akuma_no_odorikata_(vocaloid),30
orthodoxia_(vocaloid),30
kamen_rider_outsiders,30
hajimari_no_kioku,30
keikenzumi_na_kimi_to_keiken_zero_na_ore_ga_otsukiai_suru_hanashi.,30
olympia_soiree,30
harriet_the_spy,30
punch_punch_forever!,30
mama_ni_aitai,30
mamayuyu,30
sonic_dream_team,30
lily_ange,30
chivalry_starved,30
luami_media,30
arena_breakout,30
changed,30
onna_maou_melissa_no_h_na_boukenki,30
teriyaki_(synthesizer_v),30
five_nights_in_anime:_after_hours_(fangame),30
lustrous_(vocaloid),30
clockup,29
kuro_no_utahime,29
komorebi_no_namikimichi,29
ar_forgotten_summer,29
touji_no_sato,29
kantoku_collection,29
yume_tsukai,29
headphone_+_musume,29
densha_otoko,29
tsuma_shibori,29
little_monica_monogatari,29
thought_of_dolls,29
ninja_senshi_tobikage,29
cowboy_bebop:_knockin'_on_heaven's_door,29
saga_3,29
ougon_yuusha_goldran,29
geobreeders,29
in_series,29
osu!_tatakae!_ouendan_2,29
defense_of_the_ancients,29
ragnarok_the_animation,29
waga_seishun_no_arcadia,29
lycee_card,29
lycoris_radiata,29
moero_downhill_night_2,29
omohide_poro_poro,29
vs_mahjong_otome_ryouran,29
in_the_court_of_the_crimson_king,29
geneon,29
msn_messenger,29
arch_linux,29
sentou_yousei_shoujo_tasukete_mave-chan,29
marriage_royale,29
fairly_life,29
battlestar_galactica,29
meishoujo,29
yakuchu!,29
vacant_sky,29
sonic_the_hedgehog_(satam),29
doukoku_soshite...,29
ace_wo_nerae!,29
agrias-san_to_love_love_lesson,29
ookamikakushi,29
ama_ane,29
zettai_meikyuu_grimm,29
starcraft_ii,29
kusari_no_shoujo_(vocaloid),29
sd_gundam_force,29
kongai,29
no_more_heroes_2,29
nanairo_kouro,29
requiem_of_the_golden_witch,29
the_exorcist,29
e?_aa_sou._(vocaloid),29
otacool,29
fallout_1,29
tokyo_godfathers,29
sex_life,29
up_(disney),29
shuumatsu_ga_yattekuru!_(vocaloid),29
yubikiri_(vocaloid),29
the_pink_panther,29
bikininja,29
pocket_pikachu,29
the_human_centipede,29
ai_no_wakakusa_monogatari,29
treasure_planet,29
pump_it_up,29
phenomeno,29
forever's_end,29
noushou_sakuretsu_girl_(vocaloid),29
sword_art_online:_infinity_moment,29
jolyne_fly_high_with_gucci,29
konbini_dmz,29
brothers_conflict,29
a_priest's_journey_in_a_rpg_world,29
liverpool_fc,29
vampire_savior:_the_lord_of_vampire,29
tenbin_no_la_dea_~ikusa_megami_memoria~,29
legal_high,29
pupa,29
sakasama_no_patema,29
revenge_of_dragoon,29
kamisama_to_unmei_kakumei_no_paradox,29
girls_mate,29
love_is_blind_(quzilax),29
harmonia_(key),29
gensou_otome_no_okashi_na_kakurega,29
code_of_joker,29
yuki_koi_melt,29
ane_taiken_shuukan,29
mouretsu_atarou,29
ccg_expo,29
ultraman_ginga_s,29
yumemiru_prima_girl,29
keyakizaka46,29
39_music_(vocaloid),29
sister_blood,29
underswap,29
mahou_shoujo_western_girls,29
umabi,29
robots_&_lace,29
hatsune_speed:_hatsune_miku_roller_skating_music,29
sanrio_danshi,29
ryuudouji_shimon_no_inbou,29
eonbound,29
dream_daddy:_a_dad_dating_simulator,29
copic_(brand),29
digimon_rearise,29
bitcoin,29
pumpkin_night,29
yukemuri_harem_monogatari,29
yoyogi_mori,29
feel_young,29
cloverworks,29
song_of_time,29
reki_connect,29
ane_wa_yanmama_junyuu-chuu,29
mix_(manga),29
sakura_moyu,29
enogu,29
blaster_master_zero_2,29
turma_da_monica,29
light_up,29
steven_universe:_the_movie,29
sonic_runners,29
virtopia_club,29
kyouki_sanmyaku_~jashin_no_itadaki~,29
hitotose_tanteidan,29
a_way_out,29
girls_und_panzer_momi_no_ki_to_tetsu_no_hane_no_majo,29
crash_bandicoot_4:_it's_about_time,29
ready_steady_(vocaloid),29
gotham_(series),29
polygon_project,29
hello_hello_world!,29
attouteki_gacha_un_de_isekai_wo_nariagaru!,29
midnight_girls,29
the_queen's_gambit,29
blaseball,29
communist_party_of_china,29
meikyuu_black_company,29
project_gen2,29
toriko_no_shirabe_-refrain-_chouritsu_sareru_otome-tachi_to_onna_kyoushi,29
chen_qing_ling,29
hikakin,29
juan_siliang,29
i'm_your_treasure_box,29
shanhai_jing_hua,29
avatar:_the_way_of_water,29
88kasyo_junrei,29
migi_ni_ma_gaaru_(utau),29
samsa_(vocaloid),29
anetomo,29
kiss_nante_dekinai_desho?_to_chouhatsu_suru_namaikina_osananajimi_wo_wakara_sete_yattara_yosouijou_ni_dereta,29
digimon_world_3,29
gekijou_no_libido,29
goddess_paradise,29
sigil_gates,29
ao_no_orchestra,29
honto_no_(utau),29
aikotoba_-silver_snow_sister-,29
youkai_watch_world,29
hen_na_ie_(uketsu),29
kikuo,29
genjitsu_no_yohane_-numazu_in_the_mirage-,29
voices_of_the_void,29
indigo_park,29
a_minecraft_movie,29
a_simple_life_with_my_unobtrusive_sister,29
bunny_girl_(akasaki),29
aegis-link,29
dandy's_world,29
youkai_gakkou_no_sensei_hajimemashita!,29
allison_to_lillia,28
trouble_trap_laboratory,28
gun-katana,28
daisuki_na_sensei_ni_h_na_onedari_shichau_omase_na_boku_no/watashi_no_puni_puni,28
spalding,28
tasogare,28
shin_seiki_inma_seiden,28
takahashi_meijin_no_bug-tte_honey,28
greensvale_no_mori_no_naka,28
pucca_(cartoon),28
ginga_senpuu_braiger,28
innocent_blue,28
yunohana,28
floralia+,28
nekojiru_udon,28
eretzvaju,28
milk_junkies_3,28
muteki_robo_trider_g7,28
chaos_angels,28
shuffle!_memories,28
princess_sarah,28
koimomo,28
zombie_loan,28
speed_grapher,28
009-1,28
princess_princess,28
fuan_no_tane,28
watashi_ni_konya_ai_ni_kite,28
shukketsubo,28
ma_ga_ochiru_yoru,28
hoshi_no_koe,28
houkago_ren-ai_club,28
chokotto_vampire!,28
asobi_juku,28
mugyutto!_pet_maid,28
boku_no_chikyuu_o_mamotte,28
onee-chan_no_te_wo_totte,28
tenkuu_no_otome-tachi,28
toppara,28
monster_hunter_portable_2nd,28
ningen_series,28
everafter,28
blind_justice,28
tri-stars,28
chikan_sharyou_ni_gousha,28
minzoku_injou,28
lux-pain,28
rokudenashi_blues,28
custom_reido_f,28
data_east,28
the_manipulator_and_the_subservient,28
metroid_2:_return_of_samus,28
brandish_(h_manga),28
eternita,28
hoozuki-san_chi_no_aneki,28
synchronicity_(vocaloid),28
mimiket,28
jewelpet,28
puss_in_boots_(fairy_tale),28
kodoku_no_hate_(vocaloid),28
mouryou_no_hako,28
arsenal_fc,28
beatmania_iidx_18_resort_anthem,28
lady_gaga_(copyright),28
uchuu_keiji_gavan,28
naka_no_hito_nado_inai!,28
the_sorcerer's_apprentice,28
zoku_hitou_meguri,28
la_mulana,28
transformers:_war_for_cybertron,28
noora_to_toki_no_koubou,28
ultraman:_the_ultimate_hero,28
midori_no_umi,28
ikinari_anata_ni_koishiteiru,28
mangaka-san_to_assistant-san_to,28
relations_sisterxsister,28
bunny_black,28
lasting_anthem,28
p.a._works,28
koinaka_(manga),28
seikon_no_el_dorado,28
uchi_no_isourou_ga_sekai_wo_shouaku_shiteiru!,28
karate_shoukoushi_kohinata_minoru,28
shunki_gentei_poco_a_poco!,28
ketchup_ninja,28
omae_no_pantsu_wa_nani_iro_da!?,28
the_robots_of_dawn,28
weekender_girl_(vocaloid),28
saint_seiya:_next_dimension,28
taimanin_asagi_3,28
ching_nu_yu_hun,28
pokemon_origins,28
genkai_tokki_moero_chronicle,28
gensou_no_idea,28
priget_plus,28
challengia,28
phantom_blood_(movie),28
sharknado,28
maro_no_kanja_wa_gatenkei_2,28
william_tell_(legend),28
furi2play!,28
pixiv_papico_design_contest,28
the_nutcracker,28
kamigami_no_asobi,28
girls_for_m,28
san_antonio_spurs,28
kyonyuu_fantasy_2,28
hand_in_hand_(vocaloid),28
kuusen_otome_sky_valkyries,28
happinesscharge_precure!_ningyou_no_kuni_no_ballerina,28
ookami_shounen_wa_kyou_mo_uso_wo_kasaneru,28
scott_pilgrim_vs_the_world_(movie),28
ultimate_antihero,28
interstellar_(movie),28
alter/ego,28
uraniwa_no_tochi-gami-sama,28
orichalcum_reycal_duo,28
koi_suru_kimochi_no_kasanekata,28
tenkuu_shinpan,28
namco_namja_town,28
hatsujou_switch,28
kokuchou_no_psychedelica,28
sore_wa,28
hal_laboratory,28
tsui_yuri_okaa_san_ni_wa_naisho_da_yo,28
murcielago,28
2016_summer_olympics,28
clash_of_clans,28
swap_swap,28
imouto-chan_to_taka-kun,28
comic_magnum,28
band_yarouze!,28
monster_super_league,28
taboo_tattoo,28
akaneiro_no_kyoukaisen,28
bakumatsu_shishi_channel,28
niizuma_koyomi,28
mighty_gunvolt_burst,28
beatmania_iidx_25_cannon_ballers,28
granadia_saga,28
ryuu_ga_gotoku_6,28
monster_master_x,28
kiseki_no_mahou_nozomira_melody,28
ziga,28
neets_channel,28
clan_senki,28
wright_flyer_live_entertainment,28
suada,28
chuukan_kanriroku_tonegawa,28
strawberry_shortcake_(2009),28
hakoiri_musume_~muku_na_shoujo_wa_shiroku_somaru~,28
zettai_ni_chocomint_wo_taberu_aoi-chan_(voiceroid),28
jk_taimabu,28
spider-man_(2018_game),28
miyamoto_sakura_ga_kawaii_dake_no_shousetsu,28
youkai_ameonna_ni_yoru_kamikakushi,28
nct_(band),28
oni_to_kitsune_no_hanashi,28
maou_gakuen_no_hangyakusha_~_jinruihatsu_no_maou_kouho_kenzoku_shoujo_to_ouza_o_mezashite_nariagaru_~,28
ice_cream_mad_lab,28
baba_is_you,28
zoids_wild_zero,28
kazoku_~haha_to_shimai_no_kyousei~,28
pieces_/_yurikago_no_canaria,28
nakitai_watashi_wa_neko_wo_kaburu,28
ratchet_&_clank:_rift_apart,28
hijinrui_gakuen,28
wild_girls,28
tenet_(movie),28
nordgreen,28
oyasai_yousei_to_manabu_yasai_no_chishiki_zukan,28
buddy_mission_bond,28
sakura_fox_adventure,28
loveit_(vocaloid),28
the_falcon_and_the_winter_soldier,28
obake_no_ukenerai_(vocaloid),28
lunaria_-virtualized_moonchild-,28
spectrobes_(series),28
beat_eater_(vocaloid),28
inukoro_(kikurage),28
nuresuke_paradise_x,28
the_amazing_spider-man,28
eternal_tree,28
build_divide,28
izone,28
kitsune_no_oyome-chan_to_musuko-chan,28
tower_of_hanoi,28
project_zomboid,28
fuyou_yuuna_wa_yuusha_de_nai,28
stray_(game),28
midnight_grand_orchestra,28
stargazer_(company),28
shoujo_manga_shujinkou_x_rival-san,28
isekai_one_turn_kill_nee-san:_ane_douhan_no_isekai_seikatsu_hajimemashita,28
lavie_(vocaloid),28
tabun_owari_(vocaloid),28
chatgpt,28
neko_no_teach-kun,28
chrogire/girection,28
sweet_home_maid,28
nyaruru_fishy_fight,28
specialite_en,28
anatatachi_soredemo_sensei_desu_ka!,28
haikei_(vocaloid),28
fallout_(prime_video),28
parallel_artist_project,28
mingjing_fangfu_keyi_zhanduan_chuntian,28
unnatural_(series),28
emotions_2024,28
atelier_resleriana:_the_red_alchemist_&_the_white_guardian,28
touhouken_bunroku_(game),28
217find!,28
telepathy_(vocaloid),28
chaos;child:_children's_collapse,28
cmyk:_sameda_kazuou_wa_chuunibyou_ga_naosenai,28
manbiki_jk_wa_mizukara_ori_ni_hairu,28
sorairo_no_organ,27
robot_(manga),27
irish_mythology,27
eushully,27
tail_tale,27
shiawase_na_ohimesama,27
rape!_rape!_rape!,27
colorful_aquarium,27
shinobi_hanafuda,27
hotaru_no_haka,27
tokyo_underground,27
ojarumaru,27
hello_world.,27
guro_cure,27
majiresu!!_~omatase_little_wing~,27
stray_little_devil,27
alex_kidd,27
aozora_shoujotai,27
juujika,27
sam_&_max,27
hyper_brand,27
kagerou:_kokumeikan_shinshou,27
beast_wars_neo,27
suzukaze_no_melt,27
pop_chaser,27
81diver,27
chelsea_fc,27
battle_fantasia,27
hitsuji_no_uta,27
shuraki,27
may-be_soft,27
only_you_recross,27
white_angel,27
taimanin_asagi_2,27
cool_devices,27
battle_royale,27
himitsu_no_akko-chan,27
peace_maker_kurogane,27
sweet_snake,27
boku_to_gonee_to_umi_no_year!!,27
monster_hunter_portable_2nd_g,27
wii_sports,27
battle_dome,27
swat_kats,27
zetman,27
kiss_yori_saki_ni_koi_yori_hayaku,27
megadeth,27
ginga_nagareboshi_gin,27
neo_gentle,27
gurumin,27
iro_ni_ide_ni_keri_waga_koi_wa,27
harry_potter_and_the_deathly_hallows,27
super_mario_land_2,27
fanta_gakuen,27
pandra,27
bokujou_monogatari:_tsunagaru_shin_tenchi,27
uefa_champions_league,27
gasaraki,27
tencent_qq,27
vamp!,27
imouto_paradise!,27
this_is_it,27
.hack//quantum,27
dead_rising_2,27
neko_koi!,27
hanahira!,27
mitsumete_knight,27
the_last_unicorn,27
boku_no_natsuyasumi,27
bealphareth,27
balloon_fight,27
the_mask,27
play!_play!_play!,27
hakushon_daimaou_(series),27
club_penguin,27
kanojo_to_kanojo_to_watashi_no_nananichi,27
lunaris_filia,27
the_son_of_man_(magritte),27
henshin!!!_~pantsu_ni_natte_kunkun_peropero~,27
kimi_wo_aogi_otome_wa_hime_ni,27
aa_subarashiki_nyansei_(vocaloid),27
sylvanian_families,27
mount_&_blade,27
atashi_no_kakedashi_yuusha-sama,27
sangoku_rensenki,27
tokyo_active_neets,27
moonshiner,27
black_rock_shooter:_innocent_soul,27
godzilla_vs._biollante,27
the_oblongs,27
sweet_aviation_model_div.,27
ecce_homo,27
fuuraiki,27
wolf_rpg_editor,27
pokemon_bank,27
change!_ano_ko_ni_natte_kunkun_peropero,27
namaiki_delation,27
yumekoi,27
love_love_life,27
imouto_paradise!_2,27
elvira:_mistress_of_the_dark,27
shoukoku_no_altair,27
guardian_place,27
astralair_no_shiroki_towa,27
yonder_voice,27
hototogisu,27
seitokaichou_to_sayono-kun,27
arsmagna,27
otokonoko_heaven,27
anime-tamae!_tensei_no_miko,27
oha!4_news_live,27
snow_fairy_story_(vocaloid),27
girls_of_the_wild's,27
nawa_holang-inim,27
grand_harem,27
mario_&_luigi:_paper_jam,27
taimanin_kurenai,27
lack_girl,27
enkou_shoujo,27
the_time_of_awakening,27
uso_(campus),27
crystal_of_re:union,27
succubus-san_no_hatsu_shigoto,27
karenai_sekai_to_owaru_hana,27
zweigen_kanazawa,27
toriko_no_kusari,27
gensou_shoujo_taisen,27
gal_gohan,27
yuzumori-san,27
sonic_&_knuckles,27
ramen_daisuki_koizumi-san,27
soi_kano_~gyutto_dakishimete~,27
mahou_shoujo_wo_mucha_kucha_taoshitai,27
natsu_ga_owaru_made,27
enkou_shoujo_2_~jk_idol_masuzu_no_baai~,27
death_mark,27
tank_man,27
xing_you_ji,27
oblivious_(dmm),27
hikky,27
entum,27
chikyuu_boueitai_star_guardians,27
kine-san_no_1-ri_de_cinema,27
ex-arm,27
kari_gurashi_ren'ai,27
ast_memoria,27
dies_irae_pantheon,27
em8er,27
midareuchi,27
heart_gear,27
comedian_(artwork),27
pokemon_home,27
seiyuu_radio_no_uraomote,27
black_torch_(takaki_tsuyoshi),27
resident_evil:_resistance,27
stones_of_dragon,27
blue_protocol,27
yumemi_channel,27
how_to_train_your_dragon:_the_hidden_world,27
kami-tachi_ni_hirowareta_otoko,27
ore_dake_haireru_kakushi_dungeon,27
the_adventures_of_lord_el-melloi_ii,27
black_star_-theater_starless-,27
kuraberarekko,27
void_terrarium,27
darkness_heels,27
fallen_(evanescence),27
virtual_kouhou_taishi_project,27
blue_reflection_ray,27
traffic_jam_(vocaloid),27
bully_(mori_calliope),27
hatsune_tenchikaibyaku_shinwa_(vocaloid),27
kiseki_musubi,27
naraku_1,27
mata_korosarete_shimatta_nodesune_tantei-sama,27
pathfinder:_wrath_of_the_righteous,27
diverse_order,27
monstar_(company),27
gundam_u.c._engage,27
shinmai_renkinjutsushi_no_tenpo_keiei,27
shuu_4_de_heya_ni_asobi_ni_kuru_koakuma_girl_ha_kubittake!,27
re-ply,27
char's_daily_life,27
isekai_maou_gokko,27
nhot_bot,27
dead_aegis,27
polygonal_mind,27
luca_(pixar),27
river_city_girls_2,27
kartrider:_drift,27
clover_knight_(vocaloid),27
ruby_gillman:_teenage_kraken,27
golden_number_(vocaloid),27
aitsu_no_kanojo,27
sakura_alien,27
overtake!,27
ginka,27
hana_uta_memoire,27
ase_kaichatta_ne_cesario_(vocaloid),27
undertale_yellow,27
konton_boogie_(vocaloid),27
sucker_for_love:_date_to_die_for,27
angelic_kitty_miracle-chan,27
yong_yue_fengya,27
mixels,27
incredibox,27
papa_louie_(series),27
vampire_blood,27
o_henji_madakana_ojisan_koubun_(voisona),27
sekken-ya,26
dear_my_friend,26
medorei,26
kafun_shoujo_chuuihou!,26
final_fantasy_mystic_quest,26
genome_(manga),26
tsurikichi_sanpei,26
ikinari_happy_bell,26
girigiri_love,26
neon_genesis_evangelion:_the_iron_maiden_2nd,26
nichoume_rojiura_tantei_kitan,26
kamisama_no_iutoori,26
oyakusoku_love,26
shuumatsu_shoujo_gensou_alicematic,26
saishuu_shiken_kujira,26
jarinko_chie,26
giant_gorg,26
utsurigi_nanakoi_tenkiame,26
barbaroi,26
final_fight_i,26
the_elder_scrolls_iii:_morrowind,26
mega_man:_battle_&_chase,26
shouten,26
tenchi_muyou!_manatsu_no_eve,26
minori_(company),26
koi_kaze,26
ojousama_kumikyoku,26
yadamon,26
only_you,26
splinter_cell,26
studio_ring,26
drowtales,26
open_mind_world,26
daa!_daa!_daa!,26
bishoujo_yuugekitai_battle_skipper,26
fortune_quest,26
tokimeki_memorial_3,26
softmax,26
candy_candy_(series),26
fear_and_loathing_in_las_vegas,26
sharp_corporation,26
equilibrium,26
tsumanuda_fight_town,26
warcraft_iii,26
the_ninja_warriors,26
dragon_ball_z_abridged,26
musumaker,26
lucky_star_~ryouou_gakuen_outousai~,26
there_she_is!!,26
gaifu_kaisei,26
oni_(game),26
escalation_~kuruai_no_fugue~,26
super_robot_wars_gc,26
avalon_code,26
aztec_mythology,26
wipeout,26
infinite_undiscovery,26
kansen_2,26
manchester_united,26
juventus_fc,26
burn-up_excess,26
judas_priest,26
bravoman_(series),26
otometeki_koi_kakumei_love_revo!!,26
ane_doki,26
shirogane_no_cal_to_soukuu_no_joou,26
mitsume_ga_tooru,26
noroi_no_megane_(vocaloid),26
sano_toshihide_ga_anata_no_senyou_gengaman_ni_narimasu,26
sega_x_piapro_collaboration_contest,26
logitech,26
johnny_test,26
vanquish_(platinumgames_inc.),26
interstella_5555,26
cradle-song,26
blaze_union,26
the_wolf_and_the_seven_young_kids,26
the_adventures_of_pinocchio,26
rpg_gakuen,26
hmv,26
aibou_(tv_series),26
roman_holiday,26
ponponpon,26
code_geass:_nunnally_in_wonderland,26
home_alone,26
bishoujo_senshi_sailor_moon_another_story,26
gin_no_saji,26
heisei_umare,26
blade_(series),26
mahjong_monogatari,26
the_naked_sun,26
konbini_dmz_plus!,26
boston_celtics,26
fire_emblem:_archanea_saga,26
idolive,26
zodiac_(mucha),26
unity_(game_engine),26
toukiden,26
kubera,26
mankitsu_happening,26
mrs._estacion,26
esquaria,26
unravel_(song),26
kaii_shoukougun_2,26
hime_jiru,26
sofia_the_first,26
kaze_to_ki_no_uta,26
kujiragami_no_tearstilla,26
lautes_alltags,26
pendulum_(game),26
ookami_shoujo_to_kuro_ouji,26
mario_tennis:_ultra_smash,26
mitou_shoukan://blood_sign,26
kaden_shoujo,26
sengoku_yaraideka,26
forest_of_blue_skin,26
hitsuji_chronicle,26
genjitsu_shugi_yuusha_no_oukoku_saikenki,26
seiken_manifestia,26
kikan_bakumatsu_ibun_last_cavalier,26
natsuiro_koi_uta,26
neeko_wa_tsurai_yo,26
catulus_syndrome,26
shin_sangoku_musou_8,26
lost_echoes,26
gankutsu-sou_no_fuyajou-san,26
aikagi_(azarashi_soft),26
transformers:_return_of_convoy,26
neko-nin_exheart_2,26
onna_kishi_leticia,26
ooedo_julia_night_(vocaloid),26
fatal_twelve,26
isekai_monogatari_series,26
memories_off_innocent_fille,26
godzilla:_city_on_the_edge_of_battle,26
imperial_saga,26
fukakai_na_boku_no_subete_wo,26
elemental_story,26
hoshi_to_tsubasa_no_paradox,26
iwashi_ga_tsuchi_kara_haetekuru_n_da_(utau),26
pieces_/_wataridori_no_somnium,26
monster_collect,26
redlettermedia,26
deatte_5-fun_wa_ore_no_mono!,26
tom_clancy's_the_division_2,26
warioware_gold,26
kokorone=pendulum!,26
wet_nightmares,26
mimikaki_rifure,26
artisul,26
ore_no_ue_de_agaku_rokunin_no_togime,26
deathblight,26
code:_dragon_blood,26
tsundere_akuyaku_reijou_lieselotte_to_jikkyou_no_endou-kun_to_kaisetsu_no_kobayashi-san,26
aurelia_(game),26
senjuushi:_the_thousand_noble_musketeers_rhodoknight,26
sausage_legend,26
wolfwalkers,26
neon_white,26
macross_frontier:_toki_no_meikyu,26
toratsugumi,26
isekai_shikkaku,26
ultraman_tiga:_the_final_odyssey,26
dragon_quest_treasures,26
pokemon_evolutions,26
the_symphony_of_dragon_and_girls,26
lost_judgment,26
nightmare_x_vampire,26
kaijin_kaihatsubu_no_kuroitsu-san,26
rusty_front,26
kunado_kokuki,26
airy_production,26
gundam_n-extreme,26
dharu_riser,26
alice_in_cradle,26
human_bug_daigaku,26
enrenchuu_no_toshishita_kanojo_ga_onna_ni_ueta_osuzaru-domo_no_gakuen_de_koubi_aite_ni_sareteta.,26
renai_flops,26
same_to_ikiru_nanokakan,26
eve_(musician),26
fullmetal_alchemist_mobile,26
mars_red,26
the_monstrous_horror_show,26
double_life_smp,26
yani_neko,26
sword_art_online_last_recollection,26
jitsu_wa_ore_saikyou_deshita?,26
mahou_shoujo_magical_destroyers,26
takasaki-sen_meguri,26
virtual_talent_academy,26
gundam_build_metaverse,26
oji-mama_(skskdan),26
volt_tackle_(vocaloid),26
saikyou_tank_no_meikyuu_kouryaku_~tairyoku_9999_no_rare_skill-mochi_tank_yuusha_party_wo_tsuihou_sareru~,26
siam_neko_azukisan,26
overkill_(mori_calliope),26
izumo_lab,26
inkya_lovecome,26
confession_to_sister_(synthesizer_v),26
dragon_quest_walk,26
magia_record:_mahou_shoujo_madoka_magica_gaiden_(anime),26
kaiba_seichoutsuu_(zutomayo),26
duel_masters_lost,26
tentama,26
furrybar,26
sprunki,26
wo_jia_da_shixiong_naozi_you_keng,26
momentary_lily,26
salvika,26
star-crossed_world,26
uikousen_(shigure_ui),26
towa_and_the_guardians_of_the_sacred_tree,26
ai-ren,25
kanchichi_sweet,25
himekishi_lilia,25
csi_miami,25
lost_angel,25
ray=out,25
tenbatsu_angel_rabbie,25
afro_samurai,25
silvery_white,25
uwaki_tsuma,25
honoo_no_haramase_jinsei,25
pia_carrot_e_youkoso!!_g.p.,25
like_life,25
jinzou_ningen_kikaider,25
alchemist_(company),25
afternoon_(magazine),25
fragments_blue,25
pokemon:_the_rise_of_darkrai,25
push!!,25
princess_brave,25
harem&harem,25
nakayoshi,25
dimension_zero,25
final_romance_4,25
rean_no_tsubasa,25
tokyo_babylon,25
inda_no_himekishi_janne,25
blood_(game),25
daichouhen_doraemon,25
fire_emblem:_hasha_no_tsurugi,25
chichinoe_plus,25
cosplex,25
code_geass:_nightmare_of_nunnally,25
uchuu_no_kishi_tekkaman,25
battletoads,25
groove_on_fight,25
soukou_no_strain,25
apollo_11,25
lazytown,25
harem_x_scratch,25
viper_m1,25
downtown_no_gottsu_ee_kanji,25
red_garden,25
nikutai_ten'i,25
milk_junkies_2,25
nymphclub,25
tenshi_ni_narumon,25
happy_world,25
rekka_no_honoo,25
trip_dancer,25
kekkou_kamen,25
devilman_lady,25
tetsujin_28-gou_(classic),25
aqua_style,25
petit_link,25
nanako_sos,25
best_buy,25
sangokushi_(yokoyama_mitsuteru),25
super_robot_wars_compact_3,25
ace_combat_x,25
momopan,25
raika_days,25
world_destruction,25
cross_days,25
castlevania:_dracula_x_chronicles,25
shuffle!_essence+,25
maidloid,25
mu_soft,25
memories_of_emanon,25
shining_force_ii,25
maschinen_krieger,25
chousoku_spinner,25
purple_software,25
wind_fantasy_(series),25
oz_(manga),25
hachimitsu-lemon,25
magna_carta_2,25
cyborg_kuro-chan,25
bokujou_monogatari:_wonderful_life,25
donkey_kong_64,25
tiny_toon_adventures,25
final_fantasy_tactics:_hakuma_doushi_shibari,25
atelier_annie,25
katteni_kaizou,25
valve_software,25
kiben_gakuha_yotsuya-senpai_no_kaidan,25
aoshima_bunka_kyouzai,25
albino_(vocaloid),25
hello/how_are_you_(vocaloid),25
alicuu_girls_maximum:_bahamut,25
tales_of_pixiv,25
estpolis_denki,25
comic_milf,25
time_(magazine),25
mito_hollyhock,25
tsuburaya_productions,25
shinigami_no_testament,25
steel_chronicle,25
sayonara_chainsaw_(vocaloid),25
winnie_the_pooh's_home_run_derby,25
re:birth_colony,25
baku_ane_otouto_shibocchau_zo!,25
conception_2,25
ai_kotoba_ii_(vocaloid),25
cavewoman_(comic),25
disorder_6,25
otameshidouga_pretty_pridot_dounyuhen,25
shirogane_no_ishi_argevollen,25
alice_to_zouroku,25
grimorigin,25
madhouse,25
fancy_frontier_24,25
shokunin_to_hitozuma,25
makui_-death_girl-,25
platinumgames,25
peach_boy_riverside,25
meikyuu_tansaku_dragon_princess,25
yaokin,25
evenicle,25
the_prey_(norasuko),25
luvoratorrrrry!_(vocaloid),25
freedom_planet_1,25
5_nenme_no_houkago,25
mirai_shousetsu_arcana,25
murasaki_(game),25
a_bathing_ape,25
diaclone,25
watashi_no_tomodachi_ga_sekaiichi_kawaii,25
plus_danshi_(vocaloid),25
blue_star_(vocaloid),25
dokidoki_yandemic,25
toaru_majutsu_no_virtual-on,25
saimin_class_wonderful,25
sequel_blight,25
whentai,25
danganronpa_gaiden:_killer_killer,25
artificial_world,25
osomatsu-san:_hesokuri_wars,25
rule34.xxx,25
sugatem!_-sugarfull_tempering-,25
hatsujou_sprinkle,25
lupin_iii_part_5,25
anime-gataris,25
parco_(retailer),25
kinjo_no_yasashii_onee-san,25
inochi_ni_kirawarete_iru._(vocaloid),25
"gundam_00_festival_10_""re:vision""",25
sankaku_no_kyori_wa_kagirinai_zero,25
23/7,25
hentatsu,25
death_ball_(game),25
seika_jogakuin_kounin_sao_ojisan,25
otogi_resurrection,25
horcrux_college,25
okashi_na_tensei,25
idol_show_time,25
date+links!,25
grisaia_chronos_rebellion,25
yiren_zhixia,25
dogma_(vocaloid),25
onaji_class_no_idol-san._around_me_is_full_by_a_celebrity.,25
study_steady,25
da-maid-san_wa_aisaretai!,25
teenage_mutant_ninja_turtles_(idw),25
itsuwari_alice,25
girls_book_maker_~grimm_to_sannin_no_ohime-sama~,25
2dk_g_pen_mezamashidokei,25
keep_talking_and_nobody_explodes,25
lumilive,25
kimoota_idol_yarutteyo,25
civilization_online,25
dappou_tamer_no_nariagari_boukentan,25
maid_skater,25
sd_gundam_world_sangoku_soketsuden,25
yoru_ni_kakeru,25
futari_escape,25
tonari_no_jk_ni_odosarete_iribitararetemasu,25
eiyuuou_bu_wo_kiwameru_tame_tenseisu:_soshite_sekai_saikyou_no_minarai_kishi,25
milabo_(zutomayo),25
class_no_gyaru_ga_nazeka_ore_no_gimai_to_nakayoku_natta.,25
tokimeki_general_girls_x,25
meumy,25
haremon,25
stellaris_(game),25
miu404,25
kimi_ni_koisuru_satsujinki,25
hongmao_and_lantu,25
gyaku_oudou,25
pokemon:_hisuian_snow,25
mainichi_kiss_shite_lolita,25
rakuraku_anrakushi_(vocaloid),25
ironna_onnanoko_to_kiss_wo_shiteitara_yuri_kiss_ni_mezamete_shimaimashita,25
under_kids,25
daten_keikaku,25
r2_online,25
jimoto_ni_kaettekitara_osananajimi_ga_kowareteta,25
kasane_territory_(utau),25
sword_master_story,25
space_station_13,25
connectopia,25
kuronuri_sekai_ate_shokan_(utau),25
only_up!,25
atsuize_pen-chan,25
toca_band,25
toca_boca,25
dave_the_diver,25
otonablue,25
frederica_(game),25
autumn_yarofes:2023,25
the_scramble_vice,25
friday_night_funkin_vs_dave_and_bambi,25
tanken_hakken_boku_no_isekai_elf-san,25
spy_x_family_code:_white,25
get_up_(newjeans),25
how_to_win_my_husband_over,25
knight_a,25
socks_agency,25
horrortale,25
hookah_haze,25
brat_(charli_xcx),25
crossbreed_(tabayou),25
filter-goshi_no_kanojo,25
beatcats,25
centuria_(manga),25
"saikyou_no_shien-shoku_""wajutsushi""_dearu_ore_wa_sekai_saikyou_kuran_o_shitagaeru",25
ren'ai_jakusha_na_osananajimi_shoujo_to_ren'ai_kyousha_na_kanojo,25
kamakura-dono_no_13-nin,25
tentama:_1st_sunny_side,25
jentry_chau_vs_the_underworld,25
wave!!_surfing_yappe!!,25
moved_by_freedom,25
uchuujin_muumuu,25
fetish_phone,25
rebellion_godsoul,25
t-shi_no_hanashi_wo_shinjiru_na_(vocaloid),25
the_labyrinth,25
yuukyuu_gensoukyoku_revival,25
galholic,25
jingai_kyoshitsu_no_ningen_girai_kyoshi,25
zettai_imouto_shijou_shugi,24
chocolat_maid_cafe_curio,24
alice_no_yakata_7,24
shin_sangoku_musou_4,24
magical_heart_kokoro-chan,24
bullet_witch,24
brave_story,24
sensei_ga_oshiete_ageru,24
blue's_clues,24
imouto_kansatsu_nikki_2,24
matsuribayashi-hen,24
reconquista,24
comic_papipo,24
yin-yang!_x-change_alternative,24
harukoi_otome_~otome_no_sono_de_gokigenyou~,24
kono_minikuku_mo_utsukushii_sekai,24
p2!_let's_play_pingpong,24
tokyo_mew_mew_a_la_mode,24
attack_no_1,24
cat_shit_one,24
ryoujoku_guerilla_gari_2,24
edward_scissorhands,24
bee_train,24
duke_nukem_3d,24
hellraiser,24
charlie_and_the_chocolate_factory,24
evangelion_re-take,24
super_robot_wars_alpha_1,24
fallout_2,24
soukou_kijo_iris,24
megami_tensei_ii,24
wish_you_were_here,24
pastel_chime_-koi_no_skill_up-,24
ragnarok_online_2:_gate_of_the_world,24
kiss_players,24
wild_wet_quest,24
soulless,24
black_magic_m-66,24
tenshi_no_tamago_(anime),24
pururun_cafe,24
ikusa_otome_valkyrie,24
onimusha:_warlords,24
araiguma_rascal,24
mirai_sentai_timeranger,24
hana_no_kioku_4,24
comic_bangaichi,24
kyou_kara_ore_wa!!,24
tenkuu_no_yumina,24
forest_of_pixiv,24
goldilocks_and_the_three_bears,24
pixiv_card_battler,24
v_for_vendetta,24
itadaki_street,24
the_offspring,24
ginsoukikou_ordian,24
osananajimi_wa_bed_yakuza!,24
rocko's_modern_life,24
lemon_people,24
the_ultraman_(anime),24
teito_monogatari,24
primary_~magical_trouble_scramble~,24
kagaku_touki_silver_raina,24
harukanaru_toki_no_naka_de_2,24
caucasus,24
futa-chan,24
gaia_online,24
venus_de_milo,24
sister_scheme_2,24
counter-strike_online,24
bill_&_ted,24
yomban,24
owari_naki_natsu_towa_naru_shirabe,24
devil_summoner_(game),24
volks_dd,24
batman:_arkham_asylum,24
knights_in_the_nightmare,24
ken_to_mahou_to_gakuen_mono_2,24
trif,24
denji_sentai_megaranger,24
the_clash,24
super_robot_wars_l,24
metal_max_3,24
time_machine_(vocaloid),24
waai!,24
gokicha,24
luminous_arc_3,24
shadowrun,24
schatzkiste,24
sin_and_punishment,24
karakuri_burst_(vocaloid),24
josou_sanmyaku,24
moshidora,24
mamono_musume-tachi_to_no_rakuen_~slime_&_scylla~,24
borussia_dortmund,24
x-men_(anime),24
ni_no_kuni,24
tsf_monogatari,24
dirty_pair_(novels),24
hakuisei_ren'ai_shoukougun,24
oshirikko_venus,24
harlem_heart,24
'&'_-sora_no_mukou_de_sakimasu_you_ni-,24
muv-luv_alternative_chronicles_03,24
beast_machines,24
tekken_tag_tournament,24
naki_no_ryuu,24
digimon_adventure_(1999_movie),24
panzer_front,24
gitaroo_man,24
shukufuku_no_kane_no_oto_wa_sakura-iro_no_kaze_to_tomo_ni,24
lovesick_puppies,24
skal,24
ai_mai_mii,24
microne_magazine,24
soukoku_no_regalia,24
umisora_no_fragments,24
comic_vitaman,24
chikyuu_no_houkago,24
roshutsu-kei_mahou_shoujo_lovely_lily,24
super_robot_wars_z3,24
eine_kleine_(yonezu_kenshi),24
kan-in_tokkyuu_matsuba,24
choujijigen_game_neptune_re;birth_1,24
chaos_drive,24
zenra_toukou_school,24
deadman's_cross,24
majo_salmhofer_no_toubou_(vocaloid),24
nivea,24
gigantic_o.t.n_(vocaloid),24
koko_kara_natsu_no_innocence!,24
kung_fu_cooking_girls,24
battleship_(movie),24
pokemon_duel,24
shounen_maid,24
pop_in_q,24
kujibiki_tokushou:_musou_harem-ken,24
ankoku_kishi_wo_nugasanaide,24
arisou_de_nasa_sou,24
otome_ga_irodoru_koi_no_essence,24
warner_bros.,24
newton_to_ringo_no_ki,24
drug_of_gold_(vocaloid),24
yuutousei_ayaka_no_uraomote,24
maritsu_loli_succubus_youmaen,24
kritika,24
cucumber_quest,24
korn_(band),24
sassy-sister_complex!,24
saikyou_mahoushi_no_inton_keikaku,24
after_hours,24
watari-kun_no_xx_ga_houkai_sunzen,24
kenzen!_hentai_seikatsu_no_susume,24
icchi_banketsu,24
shichisei_no_subaru,24
hototogisu_tairan,24
pokemon_dppt_(prototype),24
slave_fantasy,24
haru_to_yuki,24
fukouna_shoujo_03,24
egao_no_daika,24
job_killer,24
lucky_orb_(vocaloid),24
xingzuo_temple,24
three_cheers_for_sweet_revenge,24
spider-man:_far_from_home,24
boobwatch_(2011),24
risk_of_rain_2,24
tetofes,24
hoshiai_no_sora,24
sengoku_fubu,24
studio_mappa,24
yagate_kimi_ni_naru:_saeki_sayaka_ni_tsuite,24
manao-ke,24
aq_arium,24
seiso_bitch_na_miko_senpai,24
kamen_rider:_reiwa_the_first_generation,24
super_mario_bros.:_peach-hime_kyushutsu_dai_sakusen!,24
shachou_batoru_no_jikan_desu!,24
iwakakeru!_sport_climbing_girls,24
comic_orga,24
tamagotchi_meets,24
josou_shinwa,24
playasia,24
flower_fairy,24
emoechi_pro,24
super_mario_3d_world_+_bowser's_fury,24
lens_life,24
boboiboy,24
vtuber_nandaga_haishin_kiriwasuretara_densetsu_ni_natteta,24
otoko_matsuri,24
warhammer_40k:_space_marine,24
k-on!_shuffle,24
riot_games,24
homestay_a_la_mode,24
knights_of_the_wandering_castle,24
"fuguushoku_""kanteishi""_ga_jitsu_wa_saikyou_datta",24
the_pizza_delivery_man_and_the_gold_palace,24
project:_eden's_garden,24
majo_no_tabitabi_gakuen,24
warhammer_40k:_rogue_trader,24
mou_ippon!,24
overdose_(natori),24
osananajimi_to_wa_lovecome_ni_naranai,24
brutal_complex,24
kan'ochi_x_netorare_kazoku_~anata_yurushite._watakushi-tachi_uwaki_sex_ni_honki_de_hamacchatta_no~,24
sylph_no_hanahime,24
q-lia,24
melonyx,24
fancy_frontier_42,24
youchien_wars,24
collage_(band),24
sushiro,24
henjin_no_salad_bowl,24
kuroshitsuji:_kishuku_gakkou-hen,24
glorious_day_(vocaloid),24
shantae_advance:_risky_revolution,24
mermay_2024,24
king_of_prism:_shiny_seven_stars,24
coxville_stories,24
reincarnation_no_kaben,24
chappell_roan,24
girls_revolution_project,24
sakigake_no_hanamiko,24
doll_(game),24
venus_vacation_prism:_dead_or_alive_xtreme,24
project_rx,24
love_live!_series_official_card_game,24
galasynth_(vocaloid),24
shutokou_battle_(2025),24
the_hole_(utau),24
ash_again_(gawr_gura),24
amakano_3,24
silver_and_blood,24
royale_high,24
3itches,24
ikkakujuu_wa_tsuranukanai,24
sunabouzu,23
nijuu-mensou_no_musume,23
natsukami,23
mahotama:_oshaburi_hen,23
slayers_next,23
l'heure_bleue,23
tutorial_summer,23
soreyuke_marin-chan,23
kazoku_keikaku,23
milkyway,23
otaku_masshigura,23
animahjong_x,23
happy_princess,23
shinobi_hanafuda_2_hyakka_soumei,23
oxide_2,23
hajimete_no_otetsudai,23
escalation_hardcore,23
mizukoi,23
ai_shimai,23
raising_the_flag_on_iwo_jima,23
ren'ai_byou,23
beatmania_iidx_12_happy_sky,23
kishin_taisen_gigantic_formula,23
realize_me,23
the_darkness,23
they_live,23
new_crown,23
idol_densetsu_eriko,23
nise_kyouso,23
moeyo!_sensha_gakkou,23
konya_no_okazu_wa_renji_de_marine,23
pia_carrot_e_youkoso!!,23
idol_boueitai_hummingbird,23
silent_moebius,23
shikkaku_ishi,23
yoigoshi-hen,23
all_points_bulletin,23
battle_fever_j,23
star_trap,23
breakfast_at_tiffany's,23
cnn,23
area_88,23
antec,23
inaba_of_the_moon_and_inaba_of_the_earth,23
princess_frontier,23
msv-r:_the_return_of_johnny_ridden,23
coming_x_humming,23
snk_gals_fighters,23
link:_the_faces_of_evil,23
how_the_grinch_stole_christmas,23
tonari_no_ie_no_annette-san,23
wonder_festival_2008,23
yumemiru_kotori_(vocaloid),23
barbapapa,23
saikyou_robo_daiooja,23
super_robot_wars_advance_portable,23
sentinel_(clockup),23
mu_online,23
kaze_densetsu_bukkomi_no_taku,23
bakunyuu_maid_gari,23
ginga_densetsu_weed,23
idolmaster_relations,23
liar_game,23
mardock_scramble,23
super_milk-chan,23
seijuu_sentai_gingaman,23
pylori_kin_no_uta_(vocaloid),23
tokyo_magnitude_8.0,23
sex_pistols,23
custom_robo,23
akizora_ni_mau_confetti,23
yocchan_foods,23
alice_in_wonderland_(tim_burton),23
oasis_(band),23
the_smurfs,23
oppai_sensou:_kyonyuu_vs_hinnyuu,23
futanari_shoujo_no_shasei_nikki,23
dallas_cowboys,23
guardic_gaiden,23
new_japan_pro_wrestling,23
gakuen_babysitters,23
grief_syndrome,23
tunnels_no_sports_ou_wa_ore_da!!,23
mahou_shoujo_artelion,23
shoujo_fight,23
leia_(vocaloid),23
united_states_angel_corps,23
invisible_(vocaloid),23
chaos_dragon,23
hotchkiss,23
ore_no_shikabane_wo_koete_yuke,23
houkago_eroge-bu!,23
lupin_the_third:_mine_fujiko_to_iu_onna,23
ys_vs._sora_no_kiseki:_alternative_saga,23
dumbo,23
hyakka_ryouran_samurai_bride,23
souken_no_cross_age,23
komorebi_no_nostalgica,23
kareshi_inai_reki_=_nenrei,23
hihouden,23
justy_x_nasty,23
cannon_dancer,23
meiyaku_no_leviathan,23
school_shock,23
godzilla_(1954_movie),23
starbound,23
locadol_promotion,23
shikoku_yonkyoudai,23
uchi_no_toko_de_wa,23
knight_run,23
gaikotsu_gakudan_to_riria_(vocaloid),23
kami_jigen_idol_neptune_pp,23
namaiki_~kissuisou_e_youkoso!~,23
anata_no_koto_wo_suki_to_iwasete,23
last_summoner,23
tropical_vacation,23
sengoku_musou_4,23
moegirlpedia,23
russia.2028,23
momotarou_dentetsu,23
keishousareru_yuusha_no_rpg,23
streaming_heart_(vocaloid),23
the_tetsuwan_dash!!,23
street_fighter_ii:_the_animated_movie,23
shirogane_x_spirits,23
ching_nu_yu_hun_2,23
classroom_crisis,23
yoake_to_hotaru_(vocaloid),23
sen_no_maken_to_tate_no_otome,23
mesu_kyoushi_4,23
mahou_shoujo_of_the_end,23
yuki_ga_tokeru_mae_ni_(vocaloid),23
ant-man_(series),23
t1_(esports),23
lockheed_martin,23
sakura_beach,23
ecchi_de_hentai!_yakimochi_ojou-sama!!,23
spriggan_(manga),23
heartbeat_clocktower_(vocaloid),23
avengers_academy,23
shoujo_fractal,23
haru_uso_-passing_memories-,23
milwaukee_bucks,23
mahou_no_onaho_(sorairo_nyannyan),23
genkai_tokki_moero_crystal,23
popolocrois_monogatari_2,23
idol_memories,23
choujigen_game_neptune_the_animation,23
infinite_dendrogram,23
ao_no_kanata_no_four_rhythm_-es-,23
binetsu_kuukan,23
michikusaya,23
kimi_dake_no_ponytail,23
dal_segno,23
mobage,23
metal_slug_defense,23
3rd_eye_(game),23
gen_lock,23
toki_(manga),23
daisuke_(beatmania),23
megami_no_yuusha_wo_taosu_gesu_na_houhou,23
overwatch_league,23
sanse_hui_lian,23
ososugita_isekai_tensei,23
sacred_sword_princesses,23
oku-sama_wa_niizuma-chan,23
buta_koushaku,23
naze_boku_no_sekai_wo_daremo_oboeteinai_no_ka?,23
bravely_default:_fairy's_effect,23
ghost_(band),23
electronic_arts,23
xianjian_qixia_zhuan_4,23
sabaton_(band),23
akanesasu_shoujo,23
tsuki_no_kanata_de_aimashou,23
kitsune_cafe,23
gariben_girl_v,23
isekai_de_cheat_nouryoku_o_te_ni_shita_ore_wa_genjitsu_sekai_o_mo_musou_suru,23
bosei_kanojo_2_-chisei_houkai-hen-,23
39_(vocaloid),23
party_kara_tsuihousareta_sono_chiyushi_jitsu_wa_saikyou_ni_tsuki,23
project_life_(nyantcha),23
moondrop,23
fensi,23
yuurei_tokyo_(vocaloid),23
kaiko_sareta_ankoku_heishi_(30-dai)_no_slow_na_second_life,23
we_bare_bears,23
reface_music_production,23
something_about,23
omuro_musume,23
ore_no_sugata_ga_toumei_ni!?_invisible_to_suuki_na_unmei,23
rtrt_(mili),23
imsa_gt_championship,23
sonic_r,23
ily.,23
nonohara_yuka_no_himitsu_no_haishin,23
kangurei_(zutomayo),23
uchuu_senkan_yamato_2205:_arata_naru_tabidachi,23
gundam_seed_eclipse,23
koi_wa_futago_de_warikirenai,23
mai_princess,23
kageki_shoujo!!,23
yona_yona_dance,23
reignite,23
brawlhalla,23
gaming_kanojo,23
fuyu_kiss,23
knallerfrauen,23
kaginado,23
fuyukara_kururu,23
girlfriend_project_(emyo),23
unless_terminalia,23
tenmei_no_conquista,23
maigo_ni_natteita_youjo_wo_tasuketara_otonari_ni_sumu_bishoujo_ryuugakusei_ga_ie_ni_asobi_ni_kuru_you_ni_natta_ken_ni_tsuite,23
real_husbands_of_hollywood,23
duel_princess,23
rotaeno,23
obi-wan_kenobi_(disney+),23
uchuu_ken'etsu-kan,23
vividz,23
chicken_little,23
nishui_han,23
game_(=eroge)_mitai_na_suteki_na_koi_ga_shitai!,23
hentai_prison,23
toki-sensei_wa_kigaetai,23
toriko_no_tsubasa_~butaiura_de_midara_ni_odoru_shojo_ningyou~,23
tensei_ringo_(vocaloid),23
death_tome,23
jouzai_(song),23
the_little_mermaid_(2023),23
my_singing_monsters,23
aza-koi,23
toraware_no_yakata,23
psycho_(hololive),23
yami-ma_no_mamiya,23
ame-chan_waku-waku_date_game,23
nimona,23
kyouki_yori_ai_o_komete,23
ballpark_de_tsukamaete!,23
nekorindou,23
yogscast,23
mewlive,23
another_code_recollection,23
clevatess:_majuu_no_ou_to_akago_to_shikabane_no_yuusha,23
science_saru,23
dubidubidu_(christell),23
dolls_nest,23
ikigusare,23
viviz,23
starseed:_asnia_trigger,23
disney_lorcana,23
dead_ma'am's_chest_(houshou_marine),23
dragon_quest_monsters_super_light,23
katseye,23
odochina_(vocaloid),23
the_hunchback_of_notre_dame_(novel),23
mahou_shoujo_lyrical_nanoha_exceeds:_gun_blaze_vengeance,23
mekakare,23
medal_of_honor:_frontline,23
hanavi,23
encore_dance_(synthesizer_v),23
sultan's_game,23
ultraman_omega_(series),23
goddess_order,23
the_noexistencen_of_you_and_me,23
hatsune_miku_logic_paint_s,23
shoya_virgin_night,22
matsushima_biwako_wa_kaizou_ningen_de_aru.,22
onetama,22
firebird,22
elf_all-stars_datsuijan_3,22
platinum_wind,22
natsunone,22
tokyo_kaidan,22
hana_no_kioku_6,22
maid-san_to_ookina_ken,22
angel/dust_neo,22
soul_taker,22
tenohira_wo_taiyou_ni,22
peta_7,22
sync.art's,22
mappy,22
tropical_honey,22
ww&f_~the_world_of_water_and_a_fairy~,22
ouzoku,22
shinki_musume,22
front_mission_5,22
moe_moe_niji_taisen_ryaku,22
aniyome_dakara!,22
felix_the_cat_(series),22
juushin_liger,22
esp_ra_de,22
daikuu_maryuu_gaiking,22
eve_license_organization,22
doushin,22
super_monkey_ball,22
shamanic_princess,22
beyond_good_and_evil,22
yuusha_shirei_dagwon,22
binbou_shimai_monogatari,22
15_bishoujo_hyouryuuki,22
natsuiro_komachi,22
e.a.r.t.h,22
polyphonica:the_black,22
majipuri,22
niizuma_capriccio!,22
mesu_kyoushi,22
shin_tenchi_muyou!,22
hobo-san_to_issho!,22
kouchuu_ouja_mushiking,22
oni_coach,22
working_days,22
the_fifth_element,22
argonauts,22
mixi,22
anime_expo,22
ko_seiki_beast_sanjuushi,22
shangrlia_2,22
taimanin_asagi_gaiden,22
m.d._geist,22
shuuchakueki_kara_hajimeyou,22
heart_catch_izumi-chan,22
kongou_banchou,22
pixiv_army,22
meri_chri,22
youkai_ningen_bem,22
kinnikuman_nisei,22
iron_man_(2008),22
soundless_voice_(vocaloid),22
prima_stella,22
metal_gear_acid,22
konami_wai_wai_world,22
takamare!_takamaru,22
cast_away,22
biniku_no_kaori,22
densha_de_d,22
maou_to_odore!_ii,22
harukanaru_toki_no_naka_de_1,22
time_stranger_kyoko,22
metroid_prime_hunters,22
haikara-san_ga_tooru,22
l'arc~en~ciel,22
hime_x_hime,22
zettai_maou,22
kyoufu_garden_(vocaloid),22
jak_and_daxter,22
treasure_(developer),22
earthrise_(game),22
atlantica_online,22
thousand_arms,22
pixa,22
yellow_magic_orchestra,22
red_hot_chili_peppers,22
skip_beat!,22
fc_bayern_munchen,22
sonic_advance_3,22
gust,22
megahouse,22
hello_good-bye,22
blackjack_(vocaloid),22
wonderland_to_hitsuji_no_uta_(vocaloid),22
injuu_kangoku,22
diamond_cut_diamond,22
101_no_hyaku_monogatari,22
killing_floor,22
t+pazolite,22
quake_3_arena,22
jack_and_the_beanstalk,22
mahou_shoujo_madoka_magica_novel,22
kono_bushitsu_wa_kitaku_shinai_bu_ga_senkyo_shimashita.,22
xi-on,22
mizunami_fossil_museum,22
gobanme_no_pierrot_(vocaloid),22
kusuri_no_marjoram,22
the_aristocats,22
zipang_(kawaguchi_kaiji),22
oto_nyan,22
ore_to_ichino_no_game_doukoukai_katsudou_nisshi,22
koimekuri_clover,22
maou_no_shimobe_ga_arawareta!,22
go!_go!_nippon!,22
yume_graffiti,22
mario_party_2,22
hallucigenia_(game),22
genpei_touma_den,22
rinkou_no_lemuria,22
gin_no_cross_to_draculea,22
drapeko!_onedari_dragon_to_oppai_yuusha,22
love_of_ren'ai_koutei_of_love!,22
wilson_sporting_goods,22
magical_suite_prism_nana,22
parks_and_recreation,22
the_who,22
godzilla_vs._king_ghidorah,22
saimin_yuugi,22
fakku,22
minami_juujisei_renka,22
fujiyama-san_wa_shishunki,22
phoenix_ranger_featherman,22
koishiki_manual,22
re:kinder,22
gangsta_republica,22
nansou_satomi_hakkenden,22
natsuyuki_rendezvous,22
doga_kobo,22
combat_girls_regiment,22
umiyuri_kaiteitan_(vocaloid),22
mayoeru_futari_to_sekai_no_subete,22
heavenly_gathering_of_clouds,22
konakana_2:_konata_yori_kanata_made_ii,22
a_goofy_movie,22
polly_pocket,22
daisan_hikou_shoujo-tai,22
kinki_no_magna,22
ama_koi_syrups,22
interview_with_the_vampire,22
ane_yome_quartet,22
izure_shinwa_no_houkago_sensou,22
brave_beats,22
majuu_jouka_shoujo_utea,22
samon-kun_wa_summoner,22
girl_(anime_expo),22
rhythm_tengoku_the_best+,22
i_roved_out_in_search_of_truth_and_love,22
yarichin_bitch-bu,22
sengoku_enbu_-kizna-,22
ano_ko_ni_kiss_to_shirayuri_wo,22
broken_hilt_inn,22
red_ash,22
sonic.exe,22
captain_toad:_treasure_tracker,22
jewelic_nightmare,22
sangokushi_tenka,22
dinosaur_adventure,22
lip_kiss,22
ni_no_kuni_ii,22
god_wars,22
god_wars:_toki_wo_koete,22
shinsou_noise,22
kimi_to_yumemishi,22
chikan_da_~shinri_counselor_meika_no_shinryou_kiroku~,22
verethragna_seisen_no_duelist,22
natsu_no_majo_no_parade,22
sennzai,22
onna_kyoushi_to_jugyouchuu_ni_sex_dekiru_danshikou,22
furious_7,22
drill_senki,22
free_life,22
chururira_chururira_da_da_da!_(vocaloid),22
compile_heart,22
kagami_no_kojou,22
sleepless_domain,22
shiori_no_uso_wa_yo_no_makoto,22
ao_la_xing,22
fighting_girl_sakura-r,22
batman_ninja,22
moonlight_(movie),22
natural_vacation,22
hoshizora_gakuen,22
cleveland_cavaliers,22
hoonie_friends,22
kumichou_musume_to_sewagakari,22
far_cry_5,22
miira_no_kaikata,22
ai_love:_koisuru_otome_wa_kikai_jikake,22
butterfly_seeker,22
birds_of_prey,22
bourbon_corporation,22
habitacion_en_la_llave,22
super_danganronpa_2.5:_komaeda_nagito_to_sekai_no_hakaimono,22
ultraman_max_(series),22
kunihiko_moriguchi,22
babumi!,22
tokedase!_mizorechan,22
shikuhakku,22
pink_valentine,22
onmyoji_arena,22
booo!_(vocaloid),22
kyoto_municipal_subway,22
kuukiyomi:_consider_it,22
pien_(game),22
peter_grill_to_kenja_no_jikan,22
fugou_keiji_balance:unlimited,22
aibeya_2,22
elgato_(company),22
boku_to_roboco,22
gaming_harem,22
haze_haseru_haterumade_(zutomayo),22
getcha!_(vocaloid),22
redcircle,22
philharmonic_princesses,22
ren'ai_x_royale,22
isekai_milf_hunter,22
umi_to_yuki_no_cyan_blue,22
shin_japan_heroes_universe,22
orphans_order,22
earth_wind_&_fire_(band),22
mime_and_dash,22
robf,22
innocent_witches_(fangame),22
idconnect+,22
echoes_of_mana,22
ultra_galaxy_fight:_the_destined_crossroad,22
sbi_e-sports,22
snapcube,22
studio_wasabi,22
animal_crossing:_new_horizons,22
honjitsu_no_urabe-san_to,22
koi_ni_tsuite_0.1-paasento,22
snack_basue,22
ashita_watashi_wa_dareka_no_kanojo,22
the_locked_tomb,22
yomiuri_land,22
class_de_2-banme_ni_kawaii_onnanoko_to_tomodachi_ni_natta,22
the_symbiant,22
capcom_fighting_collection,22
starlight_polaris,22
deadpool:_samurai,22
aniwars,22
qq_dance,22
ikemen_prince,22
na_tian_wo_bangjia_le_yi_zhi_luoli,22
eiketsu_taisen,22
the_box_(vtuber),22
make_a_girl,22
megalopolis_knockdown,22
scary_campus_college_university,22
ars_no_kyojuu,22
bad_thinking_diary,22
taisho_hell_romance,22
daijoyuu-san_(synthesizer_v),22
jinzou_ningen_100,22
pou_(game),22
over!_(vocaloid),22
rabbit_in_the_room,22
yomega_kiss,22
abnormality_dancin'_girl_(vocaloid),22
kutsujoku,22
baseball_clash,22
natsume-senpai_ni_semarareru_hibi,22
sonic_frontiers:_the_final_horizon,22
jkt48,22
virtual_hertz,22
reverie_(vtuber),22
line:_monster_farm,22
rise_of_the_ronin,22
alt-girl_for_skuf,22
phantom_brave:_yuurei_sendan_to_kieta_eiyuu,22
extracurricular_activities,22
shoka_(ado),22
ramakien_(pasulol),22
tonari_no_seki_no_inkya_joshi_ga_oshi_utaite_datta_~ore_no_kyoku_wo_utatte_kure!~,22
chrono_gear:_warden_of_time,22
natsu_no_kusari,22
akujiki-san_no_gohan,22
one_less_chopstick_band,22
kemono_teatime,22
sannen_z-gumi_ginpachi_sensei,22
hatsukoi,21
moeren,21
yuunee_to_issho,21
ano_machi_no_koi_no_uta,21
mindead_blood,21
ryoujoku_guerilla_gari_3,21
nekoneko_soft,21
ai_shimai_~docchi_ni_suruno!!~,21
terebi_no_kieta_hi,21
magna_carta:_the_phantom_of_avalanche,21
ash_(game),21
10_carat_torte,21
dragon_steak!_(manga),21
shounen_ashibe,21
yukiuta,21
time_bokan,21
saber_marionette_r,21
rokushin_gattai_godmars,21
beet_the_vandel_buster,21
sasuga_no_sarutobi,21
thirua_panic,21
shinzui,21
nagomibako,21
hatenaki_sora,21
earthworm_jim_(series),21
grand_theft_auto:_vice_city,21
quake_1,21
dennou_senki_virtual-on,21
atelier_lise,21
comp_ace,21
hanjuku_hero,21
idol_project,21
super_real_mahjong_p7,21
edelweiss,21
alma_~zutto_soba_ni...~,21
my_merry_may_be,21
ex-driver,21
darcrows,21
sixty_nine_(eroge),21
ore_no_natsuyasumi_2,21
zettai_shounen,21
animaga,21
magical_witch_academy,21
tou_no_sawa_majutsu_kenkyuukai,21
akibablog,21
school_x_school,21
choudenshi_bioman,21
mega_man_network_transmission,21
ac_milan,21
maps,21
rabuyan,21
delta_force_(video_game),21
musha_aleste,21
ghost_in_the_shell:_innocence,21
elf_hime_nina,21
babel_ii,21
canvas_3,21
leotard_fairy,21
ikkitousen_eloquent_fist,21
step_x_steady,21
beatmania_iidx_15_dj_troopers,21
o-life.jp,21
famicom_tantei_club,21
living_in_sin,21
twins_panic,21
clover_club_(vocaloid),21
thanatos_(album),21
sam_&_fuzzy,21
ibara_no_ou,21
death_note:_another_note,21
pash_(magazine),21
ren_no_koi,21
abara,21
hatarakimono,21
hajimete_no_oto_(vocaloid),21
doki_doki_study,21
koukoku_no_shugosha,21
shiden_enkan_no_kizuna,21
mercuria,21
dai-kaijuu_battle_ultra_ginga_densetsu_the_movie,21
xes_fantasia,21
arc_rise_fantasia,21
zone-00,21
surumeika,21
grimoire_of_marisa,21
boston_red_sox,21
prism_rhythm,21
battlefield:_bad_company_2,21
annoying_orange_(series),21
world's_end_umbrella_(vocaloid),21
osu!_banchou,21
the_jetsons,21
siren_2,21
sucker_punch,21
love_2_quad,21
the_doraemons,21
inu_to_hasami_wa_tsukaiyou,21
itoshii_kanojo_no_mamorikata,21
real_steel,21
wangan_midnight,21
forgotten_hope:_secret_weapon,21
lost_saga,21
berochu!,21
bushin_renkei_zero,21
astraythem,21
mebae_(game),21
hoshizora_e_kakaru_hashi_aa,21
corpse_bride,21
love_lab_(visual_novel),21
sonichu_(series),21
comic_plum_dx,21
answered_prayers,21
dennou_pandemic,21
a-1_pictures,21
rance_quest_magnum,21
kyoudai_no_jouji_jijou,21
idw_publishing,21
gargantia_contest,21
tenkai_knights,21
tears_to_tiara_ii,21
m.s.s_project,21
tamagotchi!_(anime),21
ultra_violet_(game),21
yagai_gakushuu_3,21
love_ra_bride,21
i_have_no_mouth_and_i_must_scream,21
engage_knights,21
kanojo_ga_ore_ni_kureta_mono._ore_ga_kanojo_ni_ageru_mono.,21
precure_all_stars_new_stage_3:_eien_no_tomodachi,21
kanojo_wa_ecchi_de_midara_na_hentai,21
pokemon_the_movie:_diancie_and_the_cocoon_of_destruction,21
comic_europa,21
buchi-kire_yusya_no_sekaiseihuku,21
blazblue:_bloodedge_experience,21
flame_oukoku_koubouki,21
disk_wars:_avengers,21
mozu_(tv_series),21
gunshow_(comic),21
yuruyuri_nachuyachumi!,21
hakoniwa_logic,21
ken_ga_kimi,21
strip_battle_days,21
ero_manga!_h_mo_manga_mo_step-up,21
nyoroko_no_namahousou!,21
yokohama_seaside_line,21
"watashi_ga_suki_nara_""suki""_tte_itte!",21
ant-man_(movie),21
kasshoku_danchi_e_youkoso,21
sakura_fantasy,21
himegami_emaki,21
shirohako_no_mahoutsukai,21
kagura_kenbu_no_aerial,21
niconi_solid,21
ma_survival_(vocaloid),21
boku_no_hitori_sensou,21
hiota_no_kanojo_ga_ore_no_motteru_eroge_ni_kyoumi_shinshin_nandaga......,21
isekai_goumonhime,21
oh_yes!_kasshoku_bitch_hitozuma_no_seiyoku_kaishou,21
isekai_yakkyoku,21
halo_5:_guardians,21
kingsglaive:_final_fantasy_xv,21
civilization_vi,21
dance_robot_dance_(vocaloid),21
negligee_(game),21
hataraku_otona_no_ren'ai_jijou,21
gundam:_twilight_axis,21
genkai_tokki_seven_pirates,21
toho_(movie_company),21
dayu_haitang,21
ever_oasis,21
ojou-sama_wa_sunao_ni_narenai,21
pokemon:_magikarp_jump,21
butsuriteki_ni_koritsu_shiteiru_ore_no_koukou_seikatsu,21
clash_royale,21
plastic_angels,21
senkuu_no_reconquista,21
shin_megami_tensei:_deep_strange_journey,21
ashigei_shoujo_komura-san,21
nil_admirari_no_tenbin,21
hitozuma_kaji_daikou_service,21
bocchi_kaibutsu_to_moumoku_shoujo,21
yuujin_kyara_wa_taihen_desu_ka?,21
birthday_wonderland,21
godzilla:_the_planet_eater,21
tsurune:_kazemai_koukou_kyuudoubu,21
shishunki_renaissance!_david-kun,21
boku_no_amayakase_ikatsu,21
nettaigyo_wa_yuki_ni_kogareru,21
n1rv_ann-a,21
code:coral,21
godz_order,21
reiwa_hanamaru_gakuen,21
godzilla_vs._mechagodzilla_ii,21
rifle_is_beautiful,21
mao_mao:_heroes_of_pure_heart,21
shinwa_densetsu_no_eiyuu_no_isekai_tan,21
waifusplit,21
chikatetsu_ni_noru!,21
gundam_walpurgis,21
variable_fighter_girls,21
freddy_fazbear's_pizzeria_simulator,21
linus_tech_tips,21
galaxy_live_(vocaloid),21
necogurashi,21
s-rank_boukensha_de_aru_ore_no_musume_tachi_wa_juudo_no_fathercon_deshita,21
axel-v,21
my_harem_grew_so_large_i_was_forced_to_ascend,21
k-ko_to_yami-oji,21
mokuroku,21
madohi_shiroki_no_kamikakushi,21
project_cold,21
saijo_no_osewa,21
kannsaete_kuyasiiwa_(zutomayo),21
yumelive,21
debby_the_corsifa_wa_makezugirai,21
gartic_phone,21
watch_out!_death_flag!_(chanta),21
guild_master_(game),21
blaster_master_zero_3,21
ni_no_kuni:_cross_worlds,21
s'il_vous_president,21
xiao_li_yu_li_xian_ji,21
flyer_(vocaloid),21
milky_highway,21
marshall_maximizer_(cevio),21
stardust_virtual_studio,21
hikikomori_no_ore_ga_kawaii_guild_master_ni_sewa_wo_yakaremakuttatte_betsu_ni_ii_darou?,21
monster_girl_dreams,21
sekai_symphony,21
plus_links,21
yuusha_party_wo_oidasareta_kiyoubinbou,21
amai_direct,21
hypnosis_mic:_alternative_rap_battle,21
houou_project,21
sally_face,21
sushi_gaki,21
potionomics,21
dai_tokyo_oniyome-den,21
qing_yunian,21
auroralivevr,21
tales_from_the_smp,21
sakura_gozen_(game),21
nise_seiken_monogatari,21
tensai_majo_no_maryoku_kare,21
shun-ran_(vocaloid),21
oide_yo_mahou_shoujo_mura,21
shuugakuryokou_kanojo_torareru_nettaiya,21
rokudou_no_onna-tachi,21
kikaijima_(utau),21
peaches_(song),21
inferno_cafe,21
yuunagi-sou_no_s-kyuu_no_kanojo-tachi,21
phigros,21
hidden_hero_(o2h),21
suishitai_wa_koi_shitai_(vocaloid),21
unifee,21
momoiro_no_kagi_(vocaloid),21
denki_yohou_(vocaloid),21
aiceclass,21
houkago_(doujin),21
yappari_ame_wa_furunda_ne,21
imasara_desu_ga_osananajimi_wo_suki_ni_natte_shimaimashita,21
myo-chan_sensei_wa_kaku_katariki,21
overlewd,21
harry_potter:_magic_awakened_design_award,21
ultraman:_rising,21
fallin'_dead_relive_life_(vocaloid),21
jisatsu_yousei,21
mikoto-chan_wa_kirawaretakunai!,21
fancy_frontier_43,21
saihate_eki,21
the_fairly_oddparents:_a_new_wish,21
mussolier_de_shengzhizhe,21
mob_kara_hajimaru_tansaku_eiyuutan,21
noctilucent:_before_dawn,21
tower_defense_simulator,21
monsterxmediator,21
cloudbreaker_alliance,21
senki_survival_saga_-_isekai_no_unmei_wo_kaketa_mujintou_fujun_iseikouyuu,21
hone_dragon_no_mana_musume,21
hatsune_miku_japan_tour_2025_~blooming~,21
machasal,21
blue_heater_2,21
boys_be_maid!,21
defernull,21
yuusha_party_wo_tsuihou_sareta_shiro_madoushi_s-rank_boukensha_ni_hirowareru,21
yakimochi_twinbell,20
exalted,20
modelers,20
2x4!_-hitotsu_yane_no_shita_de-,20
koharu_biyori_(mizuki_takehito),20
nostradamus_ni_kiite_miro,20
angelic_serenade_art_collection,20
yurine_~onee-sama_ga_oshiete_kureta~,20
wana_-hakudaku_mamire_no_houkago-,20
beatmania_iidx_9th_style,20
code-e,20
mikomai,20
usotsuki_wa_tenshi_no_hajimari,20
suzuna's_diary,20
born_freaks!,20
netrunmon,20
maze_bakunetsu_jikuu,20
shouyon!_kodomo_challenge,20
taisen_hot_gimmick_3,20
final_approach,20
tekoire_princess,20
yui_shop,20
blue_eyes_(manga),20
nanatsu_no_umi_no_tico,20
hime-sama_ririshiku!,20
gundam_side_story:_from_place_beyond_the_blaze,20
saimin_gakuen,20
futago_ecchi,20
hariken_polymar,20
mudazumo_naki_kaikaku,20
ougon_bat,20
les_miserables_shoujo_cosette,20
ougon_senshi_gold_lightan,20
sengoku_cannon,20
idol_tenshi_youkoso_youko,20
bee-be-beat_it!,20
samba_de_amigo,20
red_stone,20
the_super_mario_bros._super_show!,20
killzone,20
max_payne_(series),20
postal_(game),20
mxs_combat_de_reines,20
hana_no_ko_lunlun,20
tsubasa_no_hatameki,20
mahou_shoujo_ai_2,20
g-on_riders,20
my-otome_zwei,20
rayearth_ova,20
tsumamigui,20
sharin_no_kuni_yuukyuu_no_shounenshoujo,20
sexy_beach_2,20
hare_of_inaba,20
apocripha/0,20
sukumizu_~fecchi_ni_narumon!~,20
aic,20
minna_de_nyan_nyan,20
onedari_milky_pie,20
fanroad,20
yuumei_sakai_wo_koto_ni_suru,20
mad_max_2:_the_road_warrior,20
pasocom_paradise,20
bakukyuu_hit!_crash_b-daman,20
r-type_final,20
saga_planets,20
band_of_brothers,20
two_quarters_(shoujo_material),20
tobe!_isami,20
gyakushuu_3,20
outer_zone,20
hoshigami,20
tokyo_metro,20
trick_and_treat_(vocaloid),20
anetea!?,20
tobu_railway,20
tsuukai_gangan_koushinkyoku,20
poison_pink,20
yujie_shenji,20
bifronte,20
star_wars:_legacy,20
tottemo!_luckyman,20
ane_hame!,20
crysis,20
mega_man_iv,20
rehabili_byoutou_24-toki,20
cleopatra_fortune,20
gundam_00v,20
harukazedori_ni_tomarigi_wo_2nd_story,20
shinshi_doumei_cross,20
release_hallucination,20
guin_saga,20
guri_to_gura,20
hyakujuu_sentai_gaoranger,20
pokemon:_giratina_and_the_sky_warrior,20
antichlorobenzene_(vocaloid),20
war_of_the_worlds,20
veritas,20
madworld,20
snatcher,20
oni_gokko!,20
tiger_rampage_(vocaloid),20
don_quixote_(novel),20
7gear,20
darksiders,20
bakunyuu_hoken_onna_kyoushi,20
lilpri,20
angel_ring,20
mario_tennis_(nintendo_64),20
kimi_no_nagori_wa_shizuka_ni_yurete,20
ultra_q,20
f.e.a.r.,20
hikari_no_valusia,20
sicx_lives,20
rikunabi_next,20
tsumi_to_batsu:_sora_no_koukeisha,20
pochi_to_goshujin-sama,20
double_cross_(f.e.a.r.),20
deliverer!,20
pixar,20
comme_des_garcons,20
liaozhai_zhiyi,20
platoon,20
suki_kirai_(vocaloid),20
gundam_wing:_frozen_teardrop,20
kashima_antlers,20
black_sabbath,20
thermae_romae,20
lovely_no_natsuyasumi,20
resident_evil:_operation_raccoon_city,20
kirby's_dream_course,20
momoiro_clover_z,20
restol_special_rescue_squad,20
wayforward,20
yuuyake_koyake,20
inging_motorsport,20
revolve,20
pastel_chime_3,20
bob's_burgers,20
seinfeld,20
summer_idol_(vocaloid),20
tama_&_friends,20
kenshin_no_succeed,20
school_boys!,20
watch_dogs,20
kotonoha_no_niwa,20
zutto_sukishite_takusan_sukishite,20
fairy_princess,20
visual_arts_market,20
sd_gundam_musha_maruden,20
them's_fightin'_herds,20
hyakuren_no_haou_to_seiyaku_no_valkyria,20
aimai_rennai,20
benzaiten_academy_chronicles,20
armed_angels,20
gigai_no_alruna,20
towergirls,20
pale_blue,20
shin_nozoki_ma_2,20
dragon_mahjongg_3,20
the_new_gate,20
hissatsu_bokkijin_shigoku_no_kairaku_chikan,20
zakuzaku_actors,20
military_qty's,20
watashi_no_real_wa_juujitsu_shisugiteiru,20
dreadnought_(tcg),20
ren'ai_phase,20
kansen_x_shoujo,20
venus_project,20
the_eric_andre_show,20
reika_wa_karei_na_boku_no_maid,20
erakis,20
euro_2016,20
nanocore,20
museca,20
the_new_prophecy,20
shouwa_genroku_rakugo_shinjuu,20
comic_candy_time,20
iwaihime,20
sonic_the_hedgehog_3,20
native_(brand),20
kawaii_nihongo,20
aisei_tenshi_love_mary_akusei_jutai,20
nigeru_wa_haji_daga_yaku_ni_tatsu,20
nanomix,20
hahri's_lumpy_boardhouse,20
iris_(band),20
park_harajuku:_crisis_team!,20
urahara_(anime),20
the_haunted_mansion,20
ori_and_the_blind_forest,20
bojack_horseman_(series),20
kakegurui_midari,20
imouto_paradise!_3,20
vacation_(turning_gear),20
lovely_pop_mahjong_jangjang_shimasho,20
kinapro,20
mida_love,20
pigg_brave,20
yamasa_(company),20
seikon_gensou,20
kimi_to_hajimeru_dasan_tekina_lovecome,20
onee-chan_wa_koi_youkai,20
cliffside,20
furuta_(company),20
the_king_of_fighters:_a_new_beginning,20
girls_mode_4:_star_stylist,20
mousou_kanshou_daishou_renmei_(vocaloid),20
scooby-doo_and_the_witch's_ghost,20
kmtopia,20
totsuzen_kaijin_ken_jimuin_no_ore_ga_mahou_shoujo-tachi_wo_otosu_hanashi,20
yuusha_ga_shinda!,20
kamen_rider_zi-o_the_movie:_over_quartzer,20
dr._mario_world,20
nokabe,20
doraemon:_nobita_no_getsumen_tansaki,20
kutsujoku_2,20
shama_(vocaloid),20
peepoodo_&_the_super_fuck_friends,20
nande_ikiteru_ka_wakaranai_hito_izumi_sumi_25-sai,20
ruma_(vocaloid),20
see_through_shanghai,20
gimmexgimme_(vocaloid),20
magicleaders,20
lord_of_dice,20
enkei,20
zaako_zako_zako_zako_sensei,20
x2:_eclipse,20
necromantic,20
dungeon_tou_de_yadoya_wo_yarou,20
neumann,20
einstein_yori_ai_wo_komete,20
gundam_ace,20
wah_wah_world_(vocaloid),20
fallout_shelter_online,20
kaijin_reijou,20
crossover_nexus_project,20
crossover_nexus_series,20
city_boy_on_the_island_(suv),20
blossomlive!,20
futari_solo_camp,20
barbie_as_rapunzel,20
beatmania_iidx_28_bistrover,20
onward,20
hexa_gear,20
kaizoku_oujo,20
houkago_education!_~sensei_to_hajimeru_miwaku_no_lesson~,20
nekopara_-_catboys_paradise,20
code_beast,20
inside_job,20
rebuild_world,20
dragon's_heaven,20
kuroneko_to_majo_no_kyoushitsu,20
kujirakawa_zoo,20
matatabi-sou_no_shiro-kun,20
nikkori^^chousatai_no_theme_(vocaloid),20
re:d_cherish,20
dazzling_moonlit_night,20
kuchi_ga_saketemo_kimi_ni_wa,20
respawn_entertainment,20
geometry_dash,20
yuusha_shoukougun,20
dungeon_squad,20
destiny_unchain_online:_kyuuketsuki_shoujo_to_natte_yagate_aka_no_maou_to_yobareru_you_ni_narimashita,20
kabushikigaisha_magi-lumiere,20
2023_world_baseball_classic,20
hana_ni_kaze_(vocaloid),20
hatsune_miku_japan_tour_2023_~thunderbolt~,20
eroica,20
dead_mount_death_play,20
kurashi_gas_meter_(voiceroid),20
yuwu,20
demon_turf,20
change_ring_(series),20
chirijiri_(synthesizer_v),20
captain_laserhawk:_a_blood_dragon_remix,20
7th_stand_user,20
genie's_motorcycle_life,20
spider-man_2_(2023_game),20
chocolat_cadabra_(ado),20
don't_pick_up_dogs_without_reason,20
mini_hen_(utau),20
life_makeover,20
sakura_mmo,20
tennis_ace_(visual_novel),20
ming_wei_aiqing_de_chibang,20
boku_to_gal_ga_fuufu_ni_naru_made,20
100-kai_furareta_zetsubou-teki_ni_motenai_ore_o_awarenda_kareshi_ari_onna_tomodachi_ga_nandemo_eroi_koto_yarasete_kureta!!,20
socially_awkward,20
little_missing_stars_(vocaloid),20
concord_(game),20
x-men_(2000),20
nextopia,20
dokagui_daisuki!_mochizuki-san,20
mujintou_de_sex_ni_kyoumi_shinshin_na_dosukebe_inkya_joshi-tachi_to_harem_life,20
animator_vs._animation,20
hanazono-san_chi_no_futago-chan,20
kuroguro-san_wa_kyou_mo_kuroi,20
candycookiechocolate_(vocaloid),20
tokyo_debunker,20
taozhu_tongshu,20
shigatsu_youka,20
steins;gate:_fuka_ryouiki_no_dejavu,20
devilconnection,20
